id,text
1,ta aaija ta pagal... malai bahira janu parxa
2,सहि गर्नु भयो समाज भाडुवा हरु देश द्रोही हुन्छन कडा भन्दा कडा कार्बाही होस।
3,"तोडफोड गर्दैन ,जातीय विभेद र छुवाछूत को पिडा पोखेको हो ।"
4,Ta mula jungle mei basey ni bas na ani
5,Ta muji le j vanyo tei mannu parne ta sarkar le?
6,"Ani ta muji lai taha chaina yo samsad bhawan yo sarkar le
 hoina paila kai sarkar le banako ho vanera?"
7,"जे गरेनी नहुने,जसो गरेनि नहुने,उ गरेर नि नहुने, हुने गर्दा नि नहुने, मर्दा पनि नहुने, 
बाच्दा पनि नहुने, रुदानी नहुने हास्दा नि नहुने बैगुनी पार्टी भनेको नेपालमा बा मा ले र कांग्रेस होला"
8,"Aba sthaniye nikayeka raithani karmachari ra prabidhik lai pani yestai 
kisimle bela belama saruwa garema bhrastachar rokinthyo ki balen sarkar"
9,bharastachari jaha gaye pani bharastachar garxa nai
10,Uchha samman ka sath machikney vanna chanxu
11,Now I hope Justice for My Nation
12,सहिद ले न्यय पाउनु पर्छ ।
13,"सिंहदरबार जलाइने केमिकलको बन्दोवस्त, प्रयोग कस्ले र कहाँबाट 'जानकार' ईञ्जिनियरले
 गराए ? यी सबै चासो राष्ट्रिय मानवाधिकारको प्रतिवेदनमा आवोस् !"
14,दोषी जोसुकै भएपनी ढिलोचाडो जेल जाने नै छन सत्ता सधै कसैको हातमा रहि रहने छैन।
15,"Real id बाट होकि फेक आईडि बाट हो भनेर चेक जाज गर्नु छैन ! अन्धा धुन्दामा शेयर गरेको छ , 
फटह गुईठे। हैन १ मिनेट नपुग्दै 19k लाईक बालेन shah को त आउदैन हावा।"
16,"वधाई तथा शुभकामना भुमि पुत्रहरु छातीभरि देशको माया वोकेर देशको उज्ज्वल भविश्यको 
कामना"
17,"तिमिले जनताको कुरा सुनेको त अहिले सम्म सुनेको छैन । न अहिले न पहिले तिमी 
आफुलाइजे थिक लाग्छ तेहि गर्ने मान्छे हौ । नचिनेको होर । बात कर्ते हो"
18,Eh guithe last ma harni nai ho kina dherai natak garnu paryo
19,माननीयज्यू आज सदन नै छैन भोलि 3: 30 pm मा हो .
20,"Afno kam gar muji, copy garera exam pass hune person pani pass
 hunxa fail hudaina"
21,पागल
22,पागल हर्के यो भबन के ऐलेको सरकारले बनाउन सुरु गरे होर
23,हजुरको सादा जीवन उच्च विचार तर अधिकांस नेताको उच्च जीवन सादा विचार सायद तैभएर होला
24,"धेरै माया छ Sudan Gurung जी र सधैं रहने पनि छ हजुर को निणर्य हाम्लाई accept छ 
देशको नियम भन्दा माथि कोहि पनि छैन यो सब कुराहरू लाई स्वीकार गर्न पनि एउटा सुन्दर मन
 चाहिन्छ so proud  iam waiting for you respect person"
25,"कपटपूर्ण अन्तर्वार्ताको उत्तर ! आज रास्वपाको नेता, सांसद नमुछिएको भए यतिबेला देशमा 
आगो बल्थ्यो! हिजो ओलि र लेखक चाही कुन निकायले अनुसन्धान गरेर पक्राउ गरेका थियौ? 
मात्रै कार्की आयोगको प्रतिवेदन होइन र?"
26,तेरो खरानी चोर फटाहा
27,चाेर हरामि
28,यो खाते चोर नै हो
29,"भदौ २३ गते जेन-जि बालबालिकालाई टाउको र छाती मा ताकि ताकी गोलि हानेर मार्न आदेश
 दिने तत्कालीन सरकारलाई अनुसन्धान र कारबाही नहुने हो ? कि ७६ जना जेन-जि बालबालिका 
मारेको मा खुशी छ ? कि भ्रष्टाचारि हत्यारा एमाले र कांग्रेसको हत्यारा भ्रष्टाचारि नेताहरुलाई 
छानीछानी ७६ जनालाई मार्दियो भने कारबाही नगरी छोड्दिने हो ? के तरबार बोकेर जनता बाहिर
 निस्कनु पर्ने हो ? मान्छे मारेको ठूलो घट्ना होकि घर जलेको ठूलो घट्ना हो ? २३ गतेको नरसंहारको
 ढाकछोप गर्न २४ गते एमाले, कांग्रेस, माओवादी को नेता तथा कार्यकर्ता हरु सिंहदरबार, सर्बोच्च
 अदालत जस्ता राज्यको सम्पती जलाउन निस्केको थियो । राज्यको सम्पति र नेता हरुको घर
 जल्नमा यो ३ पार्टी को नै हातछ । यो ३ पार्टी मा देखिएको असन्तुष्ट कार्यकर्ताले नै हो मौकामा
 चौका हानेर आफ्नो पार्टीको नेताहरुको घर जलाएको हो ।"
30,"प्रधानमन्त्री र अर्थमन्त्रीले देश कायापलट गर्ने बजेट ल्याउँदै, इतिहासकै सबैभन्दा बढी बजेट आउने"
31,Good हामी सचेत जनता हुँ भन्दा भन्दै हामी पनि बिस्तारै झोले बन्दै गइरहेको पत्तै पाइरहेको छैन
32,"यो भिडियो हेर्दा पहिलो पटक कुनै पहाड समुदायको व्यक्तिले आफ्नो मन देखि नै हामी मधेसी 
लाइ सम्मान गरेको हो जस्तो महसुस भयो tq for making this type of video"
33,"We, as Madhesis, need to take a loud stand for fellow Madhesis and 
other Nepali cultures, traditions and tribes. Not India. Period"
34,"Madhesi ta madhesi nai ho, kei garna sakidaina yiniharulai"
35,yo nepal bahun ko matra hora? ke hami manxe hainau?
36,tero bau
37,Proud to be Madhesi
38,"yo purano naya naya sab kura ho, kasaiko kei kam xaina"
39,muslim jati sab lai desh nikala garnu parxa
40,yo ghante gang lai kei bhanna hudaina mardinxan
41,"I studied catholic school in koteshwor and I am proud to be sanatani. 
No religion is beautiful than hinduism, buddhism and kirati religions."
42,अाफ्नो धर्म नमास है मनुवाहरू पछि तिम्रै सन्तानले थुक्नेछन
43,Mugii bhahun
44,"Religion should not matter—whether someone is Hindu or belongs to any
 other religion, strict punishment should be given for such incidents."
45,लाज का पोका हरु! !
46,म हिन्दु हु यसमा मलाई गर्ब लाग्छ।जय नेपाल
47,"जनताको सेवा गर्न गएका हैनौ, तलबभत्ता लिन बन्द गर उसोभए। आखिर सबै करडौका मालिक छौ त।"
48,"पुरानो दल लाई गाली गरेर उदाएको खराने ग्याङका संसद हरु झन् बादर लखट्ने झै मात्रै छन्।
तमासा पैला भन्दा ज्यादा देखिदै छ जे होस भत्ता सत्ता पचाउ देश लाई अझै खोक्रो बनाउ भोट हाल्ने 
हामी भेडा जनता छदै छौ।"
49,"अब जुन दिन काम हुन्छ त्यही दिन मात्र भत्ता पाउने कानुन बनाउनु पर्छ नाइ भने नेपाली
 जनताले तिरेको कर खेर जान्छ।"
50,"timi jela kahile jani abo navaya abo feri aago lagaii deau ani jaunu pradaeena 
meeting ma"
51,इद मुबारक कमरेड
52,"यी आतंकवादीहरूको उदय जति सजिलो भयो, अन्त्य त्यति नै भयावह हुनेछ।"
53,"पार्टीको ट्रेड युनियन नेपालमा कुनै औचित्य छैन।काम नगर्ने अवसर खोज्ने व्यवसायलाई दुःख 
दिने यस्तै झुण्डहरूले गर्दा देश विकास नभएको"
54,Sala thag haruko jatha bhela vayexan lootera khane bani Jo pareko xa
55,"""मैले गो'ली हा'न्न आदेश दिएको छैन"" भन्दैमा केपी ओलीले उन्मुक्ति नपाउने"
56,रातीको १२ बजे रबी दाइको बेडरुम मा गएर अन्तिम इच्छा सोध्दा कहाँ गएको थियो मानाव अधिकार ?
57,Sansad bighathan garnu parxa bhanne yehi pradhanmantri hoina ra
58,Singha durbar aago lagauxu bhanne yehi chor hoina kasto report nikale ko yo
59,यस्ता रास्वपाका खराने साम्सदलाइ कारवाही हुनै पर्छ
60,जन्म दिनको शुभ उपलक्ष्यमा हार्दिक मंगलमय शुभकामना छ सम्धिनी ज्यूलाई
61,अनि जिबि राई खोइत ???
62,ऐस्ता अराजक लाई हाल्दे सरकार जिन्दगी भर लाइ
63,Tyo Ramesh prasai bhanni dai Nepal ma bhaye g.b Rai samatxau bhani guff dinthye ta. Yesta sano sano case ma ta red notice jari garayera samatna vyaye xan ta
64,ठ्गेको लुटेको पैसा सबै फिर्ता गर्नु पर्यो निकै डरलाग्दो आईमाई रहेछ ।
65,Thailand bata deport hunu ni achievement nai ho
66,Ladako dam dar chicne talai dam dar lagyo Sala jhole
67,जय नेपाल
68,हजुरको चित्त बुझ्दो प्रस्तुति जय नेपाल
69,शालिन भद्र नेता
70,तपाईंको कुरा सहिहो । तर नेतृत्वमा पुगेपछि गरिब सर्वसाधारण ईमानदार कार्यकर्ता लाई नेतृत्वले नोकर सम्झिन्छ । सदस्य होस जतिसुकै विमति भएपनि भोट हाल नत्र कार्वाही हुन्छ ! नेतृत्व गठबन्धन गर्छ तर कार्यकर्ता एमाले माओवादी का कार्यकर्ता संग बोल्दा समेत संका गर्ने बानी काँग्रेस लगायत सबै पार्टीमा छ । त्यसैले तपाईं नेतृत्व गर्ने गर्नुस तर कृपया नागरिक लाई सदस्य क्रियाशील सदस्य बनाएर सदस्यताको नाममा नोकर नबनाउनुस  ।
71,सान्दर्भिक र वास्तविकता
72,"तपाई घन्टेको एक नम्बर को झोले हो, हुनत तपाई सुरुमा खतरा गणतन्त्र बादी तेसपछि दुर्गा प्रसाइको भक्त राजा बादी, तेसपछि राप्रपाको होनोहार कार्यकर्ता संसद उमेद्वार, संसद उमेद्वार हुदा जमना जफत भए पछि अर्को चुनाबमा टिकट पाइन्छ की भनेर अहिले घन्टेको अन्ध भक्त, अब तपाइको कुरा कसैले पत्याउने वाला छैन ढुक्क भए हुन्छ।"
73,यो स्वागत नेपाल भन्नेपनि तलुवा चटुवा रछ।बजेटको मर्म केहो थाहा छैन अहिले सम्मको हंसिलो अर्थमन्तृ अरे।
74,Yo mujiko anuhaar dekha rish uthax achel
75,Presentation ramro tara madham barga janatako hitma chhina.
76,Terima kogle hune lai thapis nahune beroj gari lai rojgari nai khosis
77,"गरीब मारुवा बजेट, जसले गर्छ सपोर्ट त्यो नि गरीब मारुवा हो।"
78,Yo gungan gayer vayen Ali vidhyut ko bare vannu paryo
79,लुटेरा
80,उचित स्थान उचित मूल्य मिलाएर ढुङ्गा गिट्टी उत्खनन गर्नु पर्छ नत्र के ले बाटो घर संरचना बनाउने? माटो ले? यत्रो पहाड हुँदा जनता ले ढुङ्गा लाई महङ्गो हालेर किन्नु पर्ने पटक्कै मन परेको छैन मलाई
81,गजब भान्जा
82,एस्ता सङ अन्तर्बार्ता लिने पत्रकार पनि कस्तो होला
83,Ramailo xa
84,Sala haruko natak
85,Nepal ko university Lai ramro banauchu bhannu chhaina..
86,Bideshi nai lyaunu Cha.
87,"हार्दिक श्रद्धाञ्जली, छानविन समितिको प्रतिवेदन सार्वजनिक होस्।"
88,"तर , मधेशले के पायो ?"
89,Oye khate Israeli agent ta dherai bhukne karan yehi rahecha haina. Israel ko dalal
90,तलाई नेता मान्नुपर्नेअझ राई लिम्बुको त पिता नै पो
91,राइहरुले खाने भयो पुर्ब। जय किरात
92,Tata tetai ga machikne khate kukur
93,यो भुसिया कुकुरलाई निन्द्रा लाग्दैन।।। कहाँ तातातो गु खान पाइन्छ भनेर सोचिरहेको छ।।।।
94,मदिरा र श्रुतिजन्य पदार्थमा भ्याट यथावत राखेर दैनिक जीवनमा उपभोग हुने बिजुलीमा १३% भ्याट किन?
95,धुम्रपान स्वास्थ्यको लागि हानिकारक छ ।
96,Night shift मा nursing बाहेक अरु स्वस्थेकर्मी पनि छन मन्त्रि जिउ
97,Timile turunt rajina dinu parx natra pachii thik nahola hepne hamilai.
98,त्यो खरानि ग्याङ ले बनाएको हैन ! केहि गरेनन भनेर जस को घर मा आगो लगायौ देश जलायौ उनि हरुले नै बनाएका हुन होस मा आउ घण्टे
99,हामी धोका दिदैनौँ।
100,रबि लामिछाने हत्यारा हो
101,खानेपानीको धेरै जस मैले पाउनुपर्छः
102,"Private Boarding School Teacher लाई के राहत छ? बिदेशमा Toilet Cleaning गर्नेलाई पनि Pension हुन्छ, नेपालमा विद्यर्थीको भविष्य बनाउने शिक्षिक लाई किन विभेद??"
103,कर्णाली किन हेला?
104,समाचारमा र तपाईँहरूमा खासै केही फरक छैन।
105,हेर्दै जाउ तिमिहरुको राजनीतिक अवसान यति निर्मम हुनेछ त्यो कल्पना भन्दा बाहिर छ।
106,Baula ko ho sab lai tha xa
107,kahako aafnai kitab bechera aabiskar kendra bnaune khako QR lutera
108,Divide and rule garayara kasari ladauxa uniharu janajati lai yahi bata thaha hunxa
109,"Thik chaina scientists jyuu...boli sudharnus...barbara ko 1 ta samman le jindagi nachalla....23, 24 ko vanda kroor samaya vognu parcha...herdai Janu hola..."
110,महावीर पुनलाई पनि हर्केको कुरा गर्दा सारो रिस उठ्दो रहेछ मलाई जस्तै
111,राम्रो साक्षात्कार जनता सग
112,तेरिमा झोले तैले आमदानी गर्छस तिर्छस सबै तँ जस्तै कमाउने हुन्छन तँलाई हजार एक रूपे बराबर हो भनी गाउँका गरिब जनताको लागि त्यही पचिस रूपैयाँ पनि लाख बराबर हो गलत लाई गलत हो भन्न सक्दैनस
113,त पनि घन्टेग्याङको हनुमान त हस
114,Dalal le malik ko kaam ramrari gardaixa
115,जन्मदिनको धेरै-धेरै शुभकामना तिमीलाई
116,traffic lite bigreko kasaile dekhadaina... galti nahuda nahuda cheat kateko dekhadaina...
117,प्रहरी आतंक बन्द गर
118,म पदको लोभले आएको हैन
119,Nepali power
120,Yo galat bhayo yasako birudhma bolnu parchha
121,hamle ni tha payou k garnu aba...esta nalayek arthamantri bhaye pachi
122,ECD शिक्षकको माग संवोधन गर्न शिक्षा ऐनमा नै व्यवस्था गर्नुपर्छ
123,ढुङ्गा बोक्नेको औकात र हैसियत त्याहाँभन्दा माथि कसरी होस् त ?
124,jasto j bhayeni long term ma ramro nai hunxa hola
125,"dherai birodh matra garera basnu pani hunna, positive side ta tannai xan ta"
126,talai kukur jaile jhole bhayera hideko xa kam xaina ho?
127,सम्झाउनु पर्यो है अध्यक्ष लाई
128,नक्कली र सक्कली पोस्ट छुटाउन नसक्नेले pm बन्छु रे
129,esai bheda bhaneko haina kun page ho jaach buj garnu chhaina
130,Feri rai Limbu haru le Gali garlan hai
131,madhesi = indian
132,rai limbu lai desh ko 20% bechera xuttai duita desh banauna parxa
133,jaat ra dharma ko name ma desh barbad garnu hudaina
134,"sabai prakar ko manxe sangai basnu parxa, balla po nepal nepal hunxa"
135,harek manxe le dignity ko sath bachne adhikar payeko xa
136,2 karod lagani garna sakne kisan xa jasto ta malai lagdaina
137,किसान मारा रहेछ बालेन सर।
138,desh euta sundar bagaicha ho rangi changi fhool haru
139,"mechi to mahakali are all nepali, luv u all"
140,nepal is the best country i have ever been to
141,किसान र उद्योगी छुट्याउन सकेन ।
142,हाम्रो प्रधानमन्त्री जी अहिले पनि विद्यार्थी हुनुहुन्छ।
143,Great attitude
144,lau ta police daju
145,यस्तो काम गर्दा झोले भईन्छ है फेरी !!
146,harka साम्पाङको समर्थक श्रमदान गर्दा गर्दै अचानक् ढ-लेपछि तनाव
147,Kasto cute
148,yo para le desh bikash hunxa jasto xaina hai
149,ktaho sab milera yeslai chai godnai parxa
150,yesko kura sunda ta acchamma po lagxa
151,"badar marne ki aru kei solution xa ta? solution ta chaiyo ni, there are millions affected by this thing"
152,chaupadi lai end garnai parxa jasari ni
153,autism school kholne decision is one of the best
154,i love the ministers are trying at least
155,"kasto kura gareko, yo ta impossible xa ni nepal ko context ma mainly"
156,nepal ma mountaineering haru ko scope ta ekdam high xa ta kina testo bhaneko
157,idk engineering ta almost ded ho aaba
158,"nepal lai actually 2 bagh ma badhera, yo madhesi lai euta ma pardinu parxa jasto xa"
159,literally dharma ra jaat ko name ma ladnu is not okay at all
160,kp oli bhanda ni namraro decisions lirako xa balen le
161,mero kura namanne lai thankot ko dada kataidinxu
162,tero bau hawa kura nagar na tori jasto
163,kukur nai raixa yo youtuber ta
164,CM Saroj Kumar Yadav jindabad
165,bheda janata bhayesi kei hudaina
166,nepal sati le sarapeko desh ho
167,rai limbu ko jach garera mental hospital ma haldinu parxa
168,"dalit lai entry xaina yo hospital ma, yo kina gako bhitra?"
169,"nepal police ko kam nai xaina, edit banayo basyo, aru thulo case ta solve garna sakdaina"
170,boru kukur ko puchxar sida hola tara sher bahadur deuba ko kei hudaina
171,nepo baby bhanera aaile ko minister chai k?
172,"yo limbu haru ko ta aakha yitro syano hunxa, kei dekhdaina hola"
173,hat yo khate lai ta paxi kutnu parxa
174,"yesko dimag nai xaina, yeslai desh nikala garna parxa, chor nai ho yo"
175,chutiya desh ma chutiya janta
176,gang fight hanne bhaye aaija afno gang liyera indrachowk ma?
177,tero aaukaat nai k xa ra
178,tero thar bhanda ta mero jutta ramro xa
179,yo manxe lai ta kukur sanga compare garna ni mildaina hola
180,"yo hotel ma ramro khana pauxa, yei janu hajur haru"
181,video ta ramro xa comment section regulate garnu paryo
182,"content chai ekdam new and informative hai, love it"
183,"desh ettikai bigreko ta haina, yesta bikhari nathe haru le garda ho"
184,chor sala hat
185,टाढाको काम रामरो हो तारा घर र अफिसको सीमा नै हरियो जसो लग्न थलेको छ । काम सक्किए पक्सी पानी मन काम बहिरा आउना गारो हुन्सा।
186,कम्तीमा मन्त्रीज्यूले प्रयास गरेको मलाई मन पर्छ
187,आज पुरानो रेडियो चलाउँदा बचपन सम्झियो।
188,"हिन्दू र धर्म सबै बेकार छन्, तिनीहरूको लागि कोही छैन"
189,जंगलमा आधार छैन।
190,रामाइलो xa
191,muslim lai hatauna parxa.
192,राई कागतीले देश खाइरहेको छ
193,यो एप अपडेट गरेपछि ब्याट्री जान छाडो सकिना थाल्यो।
194,यो कुलमान घिसिङ को कुरा मात्र थुलो हो अहिले केटीएम मा दैनिक ५ छोटी लोडसेडिङ जसो नेट र बत्ती जंक्सा तारा सबाइले येस्लै नै नायक बनाउक्सान कसो वेद जनता हुन हमरा
195,ध्यान खोज xa खान
196,Timi le jaana jaan galat artha lagauna khojya jasto dekhinxaa
197,आज मौसम सफा भएकाले हिमाल स्पष्ट देखियो।
198,मछिकने तेरा त्यो सि अनुहर फेसबुक म नदेखा तेरा फोटो हेर्दा कुकुर ले पानी मक्सा होला कास्तो मोटी गधा देखेको के टिमी जसो लै त सीधा टोक्नु पर्ने
199,त्यसको फाइदा भाउजु र भाउजुले उठाइरहेका छन् ।
200,हिन्दू धर्म बेकार छ।
201,"Tero jasto veda dimag vako le malai sikauna pardaina sa khate kukur tero bau ko jggya haina yo fb page, tero aukaat xaina mero post ma reply garne block mji"
202,Yo restaurant ko service herda ta paisa kharcha gareko nai bekar lagyo tait
203,Delivery rider lai exact address diyeko thiye tara feri phone garirakhyo.
204,प्रत्येक व्यक्तिलाई सम्मानपूर्वक बाँच्ने अधिकार छ।
205,तँ जस्तो बेवकुफले फेरि उही गल्ती दोहोर्यायो।
206,हिजोको कार्यक्रममा स्थानीय कलाकारले निकै राम्रो प्रस्तुति दिए।
207,"नेवार जाति भन्दासी कञ्जुसी को ठुलो तौको हुन इनीहरु, जहाँ गए नी स अफ्नो कैसेन मात्र हरक्सन अरु सबाइको पैसा कसरी खाने भने सोच वाको गद्दर फोहोर जान हो"
208,यो भिडियो बनाउनेले रिसर्च नै नगरी अपलोड गरेको जस्तो लाग्यो।
209,ta damai bhayera thulo kura garxas
210,आज ट्राफिक जाममा आधा दिन लाग्यो ।
211,धेरै राम्रो विश्लेषण
212,"राई लिम्बु जात ले साधै बिदेशी मास्टर को डलर खैरा आफनो देश को संस्कृति बेचदै छन, इनिहरु को दिमाग मा नेपाली को माया ज़ैना बिदेशी दलाल हुन इनिहरु सबाई"
213,"बोरु कुकुरको योनीको मुख यस्तो छ, बहादुर केटा स्वर्गमा छ।"
214,"Aaja gym ma first day thiyo, body ta purai dukheko xa aहिले"
215,"परिक्षाको नतिजा आउनेछ, परिश्रम अनुसारको नतिजा धेरै खुसी हुनेछ।"
216,आज community cleanup campaign ramro lagyo.
217,यो जातिको मान्छे कहिल्यै सुध्रिदैन
218,"यो सरकार जनताको पक्षमा छैन, सबै युवा विदेश पलायन भइरहेका छन्"
219,Muji tero anuhar dera kukur pani bhagxa linux dherai hero naban fb m tero real face sabaiko agadi leak gariraxu cyber ma tero case haleko xu bholi thaha painxas sa
220,"पहिलो पटक गाउँमा होमस्टे बसेँ, अनुभव निकै फरक र रमाइलो रह्यो।"
221,"भाउजु तिमीले देशको रक्षा गर्नु छ, सबै कुरा ठुलो छ, तिमी त्यता जादै छौ ।"
222,क्रिश्चियन हरु ले मात्र समस्य बधाये
223,Yo party neta chor ho kora thulo bhrastachar ko raja ho yo neta
224,"गलत सूचना हटाउनुको सट्टा, तपाईंले यसलाई फैलाउनुभयो।"
225,आजको यात्रा थाकेको थियो तर दृश्य निकै सुन्दर थियो ।
226,"आज पहिलो पटक गाउँमा फाइबर इन्टरनेट जडान भयो, खुशीको कुनै सीमा छैन"
227,hindu bahek aru dharma bekar hun sanatan dharma nai yo sansar ko saba bhanda clean ra s s sanskar vako ho aru dharma ka manxe haru sabai narak ko bhagi hudaixan dhongi haru
228,तेरो त्यो फोहोरी सि फेस दादा कुकुर ले नी मुत्सा होला कमेन्ट मा आयरा धराई हिरो नबन @manche_xyz निर्दोष केटीको खातिर तल्लो तहको साइबर शाखामा बुझाउनुपर्छ ।
229,Muji tero tyo si anuhar dera kukur pani bhagxa hola comment ma aayera dherai expert naban tero reality ma bholi leak gariraxu fb ma tero ijjat chat parxu
230,chor mantri lai tatkal hataunu parxa
231,muslim jati nai yo sansar ko thulo virus ho jaha gae ni kranti ra ladai bahek kei jandainan iniharu lai nepal bata chitto nikalnu parxa natra hamro sanskar sakinx fohor virus
232,aru dharma manney haru lai yo desh ma basne adhikar xaina
233,"हिन्दू धर्मबाट मुक्त छन्, सनातन धर्म सबैले प्रयोग गर्दैनन्, तिनीहरूले पुरानो हो बिदेशी डलर म बिकेरा धर्म परिवर्तन गर्ने हरु सबाइ नरक जन्डक्सन साथी"
234,"यो यहाँ समीक्षा गर्नुहोस् होटल बुक गरको थिये, तारा कोठाको फोटो जसो नै रैनाक्स।"
235,अफिसमा आएर चिठ्ठी पढेँ ।
236,"Dalit jaat ko manxe haru mandir ma xirera hamro sanskar fohor garna thale, yiniharu ko thau tallo nai thik xa quota dyaera sarkar le sabaiko tauko mathi chadhayo"
237,तपाईंले तथ्य जाँच नगरी पोस्ट गर्नुभयो।
238,डेलिभरी राइडरले सही ठेगाना दिएको थियो तारा फेरी फोन गरिरख्यो ल्यायो।
239,internet slow xa aaja
240,"मधेसी लाइ विश्वास गर्ना सकिदैना, इनिहरु को दिल मा दुख हुंक्सा"
241,यो जवाफ देखेर रन्डीले शुल्क तिर्न बाध्य बनायो।
242,"Laptop update garepaxi jhan slow bhayo, k update ho yo ?"
243,कुकुर खाँदै।
244,dalit sanga milera kaam hudaina
245,मेरो कुरा नमन लाई धन्यवाद को दादा कटैदिन्सु
246,हिन्दु धर्म बेकर
247,भाउजुले भात हेरिन्
248,किन हरेक बहसलाई व्यक्तिगत आक्रमणमा परिणत गर्नुहुन्छ ?
249,yo neta ko sampati sab choriko
250,"सिंहदरबारमा केमिकल जलाउने प्रबन्ध, कसले प्रयोग गर्छ र कहाँबाट, 'विद्वान' इन्जिनियरहरूद्वारा
 बनाएको? यी सबै चिन्ता राष्ट्रिय मानवअधिकार प्रतिवेदनमा आउनुहोस्!"
251,"कफी लास्ट mito raixa yo new café co, ambient ni clean xa"
252,आज हजुरआमाको पुरानो फोटो भेट्टाउँदा रमाइलो लाग्यो।
253,म सबै जाति र देशको बोझ हुँ।
254,यो डकुमेन्ट्रीले नयाँ कुरा सिकाएको छ ।
255,आजा बिहान को मौसम रमाइलो भको ले दधा माथी पदयात्रा गको कास्तो ताजा प्राकृतिक हावा खाना पायो वान्या केटीएम को प्रदुषण बताता थुडा वाये नी राहत मिलो साथी प्रकृति दृश्य
256,यस पाठ्यक्रममा व्यावहारिक सामग्री धेरै उपयोगी थियो।
257,मुस्लिम लाइ देश बता हातौं परक्सा
258,यो वृत्तचित्रले गाउँको जीवनलाई राम्रोसँग देखाउँछ।
259,"खातामा तर्क सुन्नु पर्छ, उठ्नु पर्छ।"
260,"ल्यापटप अपडेट ढिलो भैयो, किन अपडेट ?"
261,तेरो त्ययो फुर मुख बन्द गर मी जथा तेरो औकत जाना मेरो स्तर को पोस्ट मा बोले रास्ता को कुकुर जसो मा आयरा वुकिराक्सस साइबर मा रिपोर्ट GRXU
262,यो त बहनबाद हो
263,"श्रमजीवी जातिका नारी यस्ता छन्, बर्बादी, थप विचार, फल, काम, जीआरडीए, मस्तिष्क, अधिक भाषा, इनिहारु थेठी, काही, माथी, औडैना, स."
264,आजा परिवार संग बसेरा पुराण एल्बम हेरियो।
265,"बिहान मौसम यस्तो हुनेछ, रामेलो वाको ले दधा माथी, गक्को कास्तो, ताजा प्राकृतिक हावा खाऔं, वाण्य केटीएम को प्रदुषण बटा ठुडा भे नि पाइन्छ ।"
266,Yo electric scooter ko mileage company le bhane bhanda adha matra raixa battery heating problem ni dherai xa so don't buy this model guys fraud marketing garya
267,यो सांसद त अपराधी नै हो।
268,तपाईंले अरू कसैको पोस्ट प्रतिलिपि गर्नुभयो र यसलाई आफ्नो रूपमा राख्नुभयो।
269,ta pagal hos kya ho ?
270,इनिहरू देशद्रोही हुन्
271,"आउनुहोस्, कृपया हामीलाई पछ्याउनुहोस्।"
272,तपाईंले सम्पूर्ण कथा नबुझेर निर्णय गर्नुभयो।
273,दलित लाइ मनदीर झिर्ना नदीनु पाप लगक्सा पक्सी प्रतिस्था घाटा
274,"musalman haru sanga business garnu hudaina, sabb dhokebaaj hun"
275,Aaja school reunion ma purana sathi bhetda ramailo lagyo.
276,Timi jasto hawa analyst le market ko ke bujhxa ra.
277,तिमीले हल्लालाई समाचार बनाएर फैलायौ।
278,तँले तथ्यभन्दा अनुमानलाई बढी महत्व दिएको छस्।
279,मुस्लिम शाखा काहिले नमिला
280,"बस २ घण्टा ढिलो आयो, तारा चालक दाई ले माफी मग्नु भयौ सो ठिकै लाग्यो ।"
281,यो ब्यान्डले धर्म प्रचार गर्न थाल्यो
282,"तिम्री भाउजुले तल्लो जातको संगत लिइन्, मेरी भाउजु तिमी के छौ, मेरी सासु, मलाई मेरो जीवनको ज्ञान दिनुभयो, तिम्रो जातले निधार जित्यो, मानौं"
283,तिमी र समाचारमा खासै फरक छैन ।
284,कस्तो हवा सामग्री बनाको यो टिकटोकर ले क्लिकबेट शीर्षक हलेर दृश्य मात्र तल गार्ना खोज्स सबाइल रिपोर्ट गररा यो च्यानल ब्लक गरनु परक्सा के
285,sabai samasya ko jad yei haru
286,आफ्नो गल्ती स्विकारे राम्रो हुन्थ्यो ।
287,अरु धर्म तिमीलाई यो देशमा बस्ने अधिकार दिएको छु।
288,यति महँगो टिकटपछि पनि रंगशालामा यस्तो व्यवस्थापन हुनु दुःखद् कुरा हो
289,विद्यालयले यस वर्ष विज्ञान प्रदर्शनी निकै व्यवस्थित तरिकाले आयोजना गरेको रहेछ।
290,"बाहुनमुजी हारु ढेराई विज्ञ नबन सबाई वन्द थुलो भ्राष्टाचारी टिमराई नेता हारु सान के, बिदेश बता डलर लिरा देश बेचेर काम बाहुन ले न गरको हो साथी"
291,तपाईंले समाचार बनाएर हल्ला फैलाउनुहुन्छ।
292,"क्षेत्री भन्धै मा सबाइले ठुलो तौको बधना परक्सा वान्या झिना, कोटा रिश्वत लियारा माथी आको इनिहारु को रगत माई घमाण्ड र लुट हुंक्सा भृष्ट जात हो यो फोहोर"
293,आज पुस्तकालयमा बस्दा धेरै काम सकियो।
294,"दलित जातको माँक्से हारु मन्दिर मा छिरेरा हाम्रो संस्कार फोहोर गर्ना थले, यिनिहरु को ठाउ तल्लो नै ठिक Xa कोटा दियारा सरकार ले सबाइको तौको माथी चढायो"
295,यो नेताको पैसा अब पानी जस्तै बग्दैन
296,अनि जिवि राई खोईत ???
297,तेरो त्यो फोहोर सि फेस ड्डा कुकुर ले नी मुत्सा होला कमेन्ट मा आयेरा ढेरै हिरो नबन @manchhe_xyz तेरो असली ठेगाना तल्लो तह को साइबर शाखा मा पेश गरि खाए भोली उनको
298,Yo smart watch brand ko step tracker total fake raixa cycle chaluda ni automatic step count badhiraxaa battery line ni 1 din matra x worst purchase decision lagyo malai tait
299,Tero tyo mi mukh liyera dherai lecture nade @nepal_boy_10 tero standard kukur ko pui jastai xa fb m post halera afulai thulo naban tero details leak gariraxu bholi khate
300,Exam सकिएपछि बल्ल ढुक्क भएर सुत्न पाइयो।
301,यो नेता चोर हो मलाई
302,क्रिस्चियन हारुले सबै कुराको हेरचाह गरे
303,तपाईं जस्ता मानिसहरूसँग काम गर्नु धैर्यताको परीक्षा हो।
304,यो मन्त्री जनताको पैसा खायो।
305,स्थानीय सङ्ग्रहालयमा राखिएका पुराना नक्साहरू हेर्दा नेपालको भौगोलिक र सांस्कृतिक इतिहास बुझ्न निकै सहयोग पुग्यो ।
306,tyo group prati kei bharosa xaina
307,मधेसीलाई कहिल्यै विश्वास गर्न सकिँदैन
308,आजा पहली छोटी आफनाई किचन मा पिज्जा बनाको कास्तो स्वादिष्ट भयो वान्या बिदेश को रेस्टुरेन्ट भाँडा सस्तो रा ताजा थियो परिवार सबाइले एकदम मन पराए छत माथि अर्गानिक परीक्षण वायो
309,हिजोको कार्यक्रममा स्थानीय कलाकारहरुले निकै राम्रो प्रस्तुति दिएका थिए ।
310,hindu haru murkha.
311,pahadi haru le sadhai madhesi lai hepchan iniharu ko rajya thulo re
312,देशमा सुशासन आवश्यक छ
313,"यो क्रिस्चियन संगठन हरु ले गाऊँ मा गयारा भेडा भेदी लै डॉलर बडाई धर्म परिवर्तन गरूडक्सन, हमरो सनातन धर्म नास्ता गर्ना एको विदेशी दलालहरु हरु हुन इनिहरु"
314,हिजो म एक वृद्ध मानिसलाई स्मार्टफोन चलाउन सिकाउँदै थिएँ। भिडियो कलपछि उनीहरुको अनुहारमा देखिएको खुशीले प्रविधिको अर्को पाटो उजागर गरेको छ ।
315,मचिकने तेरो त्यो सि अनुहर फेसबुक कमेन्ट मा नदेखा तेरो रियलिटी थाहा xa मलाई साइबर मा रिपोर्ट गरि खाके भोली पोल्स ले क्सदेपक्सी थाहा दर्दनाक खाटे जथा वेद
316,मन्त्री जिउले नर्सिङका अलावा रातिको सिफ्टमा अन्य स्वास्थ्यकर्मी पनि रहेको बताउनुभयो
317,praman chaina tara yo pakka doshi ho
318,muji afno kaam her.
319,तिमी नै हौ जसले मेरो दिमाग पार गरेको छ
320,नेवार हरु संग काम गर्ना गारो
321,"Yo neta ko kura patyauna sakidaina, yesle chunab aghi matra jhut bolxa"
322,मधेसी हुनुमा गर्व छ
323,"कृषकलाई राहत दिनुपर्छ सरकारले, मल नपाएर बर्बाद भैसक्यो यहाँ"
324,गएराति विद्युत् अवरुद्ध हुँदा काम अधुरो रह्यो ।
325,Yo mantri ko thulo rishwat kanda aba chitto bahira aaudaixxa digital nepal ko budget sab aafno real estate company m use garyo yesko property japt garera jail thunnu prxa
326,क्षेत्री को नाटक
327,फेरि त्यही गल्ती दोहोर्‍याउँदै हुनुहुन्छ।
328,यो समुदायका मान्छे सबै एउटै हो भन्ने सोच्नु गलत हो ।
329,"मुस्लिम हरु को मस्जिद बताउने साउण्ड ले सबलाइ डिस्टर्ब गर्यो, यो धर्म को माँक्से हरु लाई नेपाल मा ढेरै खुल्ला क्सद्दिनु नै शंकर को ठुलो गल्ती हो ब्रस"
330,तिमीजस्तो मुर्खले फेरि उही गल्ती दोहोर्‍यायो।
331,"मलाई तेरो मन को कुरा सुनेर थुकाना मन लगाक्स कसतो बेवकूफ जाउ वान्या, त जसो अल्लारे संगा समुहको परियोजना गरना भाँडा रास्ता को कुकुर संगा गुरुनु रामरो"
332,सस्तो लाइकको लागि केहि पोस्ट गर्नु आजकल चलन हो।
333,मुस्लिम समुदाय देशका लागि खतरा हो
334,त्यो समूह को मान्छे देखे पुग्यो
335,सरकारले स्पष्ट जवाफ दिनुपर्छ
336,"यो नेता घुसखोर हो, उसलाई स्वास्नी भनिन्छ"
337,"Yo website ko customer support lastai slow raixa, use nagarda hunxa"
338,muji le article nai napadhi gyan diyexa
339,dalit bhayera thulo kura
340,आजको कार्यशाला बता ढेराई कुरा सिक्ना पाये ।
341,muji expert
342,"नेतालाई घूस लिनुभयो, प्रमाण पाउनुभयो र जेलमा हुनुहुन्छ ।"
343,आजा म्याराथन मा भाग लिन नसके पानी हरना रमाइलो लाग्यो।
344,Tero bau le tallo jaat sanga sathi nabana bhanya thiyena kya ho sa damai tero ghar ma chaldaina bhandai ma hami lai k gyan diyexa tero jaat xito mathi chadheko jasto xa
345,यस पार्टीका नेताले विदेशी कम्पनीलाई बेचेर सिंगो देश लुटेर सबैलाई जेल हालेका छन् ।
346,"भाइ तिमरो भ्लग हेर्दा जसो सजिलो ट्र्याकिङ रियालिटी मा रिक्सा जसो लागेना। वास्तविक स्थिति, मौसम जोखिम वा शारीरिक चुनौतीलाई ध्यानमा राख्न नडराउनुहोस्।"
347,neta le desh bechyo
348,राई लिम्बु जाति हारु ढेरै मातो को कुरा गर्क्सन तारा बुद्धि Xaina Bidesh मा लेरा जानदाई खाने बाहेक केहि जानदाईं हाम्रो देश को जग्ग्य सबाई इनिहरु ले सस्ता मा बीच
349,सार्वजनिक शौचालयको अवस्था सुधार्न सम्बन्धित निकायले ध्यान दिनुपर्छ।
350,"Khate kukur jasto bhukiraxa comment ma yo idiot, block garo sabaile"
351,विद्यालयमा खेलकुदलाई पनि प्राथमिकता दिनुपर्छ ।
352,christian haru le desh bigare
353,यो सांसदलाई जेल हाल्नुपर्छ
354,तपाईंले अरू कसैको पोस्ट चोरी गरेको प्रमाण।
355,"अनलाइन बैंकिङ प्रयोग गर्दा बलियो पासवर्ड राख्नु महत्त्वपूर्ण छ र आफ्नो OTP कसैसँग सेयर नगर्नुहोस्, वित्तीय अपराधहरू बढ्दै गएकाले हामी सतर्क रहनुपर्छ।"
356,तिमीले अनुमानलाई तथ्यझैँ प्रस्तुत गरिरहेका छौ।
357,फिल्मको पहिलो हाफ रामरो थियो तारा अन्त्य कमजोर लाग्यो मलाइ
358,ta jasto bekar manche
359,"यो क्रिप्टो मुद्रा प्रतिबन्ध गरको ले नेपाल मा डलर औना सकेको छैना, शंकर पुरानो बुद्धि को माँक्से हारु ले चलाको सान ज सबाइले टेक भन्दासी दारौक्सन कास्तो बेकर नियम"
360,यस वेबसाइटको ग्राहक समर्थन धेरै ढिलो छ।
361,तेरो त्यो फोहोर मुख बन्द गर मी जथा तेरो औकात Xaina मेरो स्तर को पोस्ट मा बोल्ने रास्ता को कुकुर जास्तो टिप्पणी मा आयरा vukiraxas साइबर मा रिपोर्ट grxu वेद खाते मी
362,"तपाईंले बहस जित्ने प्रयास गर्नुभयो, विषय बुझेनन्।"
363,नराम्रो गन्ध आउँछ
364,यो एपको अधिसूचना प्रणालीलाई चिन्ताजनक xa ले।
365,ta pagal hos ki k ho?
366,muji afulai hero thanxa.
367,"स्वास्थ्य नै धन हो त्यसैले जंक फूड खान छोडेर घरमै स्वस्थकर खानेकुरा खाने बानी बसाल्नुहोस्, यसले हाम्रो शरीर र दिमाग दुवैलाई स्वस्थ राख्न धेरै मद्दत गर्छ ।"
368,यी खतरनाक छन्
369,यस्तो काम गर्यौ भने झोला बन्छौ।
370,"रेस्टुरेन्टको भित्री डिजाइन खाना, स्वाद र सेवाको गुणस्तर जत्तिकै राम्रो छ, र त्यसपछि तपाइँ सोशल मिडियामा हाइप पाउनुहुनेछ।"
371,आज बिहान को मौसम रमाइलो वाको ले दधा माथी पदयात्रा गको कास्तो ताजा प्राकृतिक हावा खाना पायो वान्या केटीएम को प्रदूषण बता थुडा वे नी राहत मिलो साथी प्रकृति दृश्य
372,"Yo sankar ko khulla loot herda ta aba nepal ma basna bhanda khadi ma gaeera pasina bagaunu thik lagna thalyo, border ko checking ma ni ghus matra khojxan jtha haru"
373,घरको पुरानो फोटो एल्बम हेर्दा धेरै सम्झना ताजा भए।
374,आजको बस यात्रामा यति धेरै भीड थियो कि सास फेर्न गाह्रो भयो ।
375,Bahun muji haru le garda desh bigryo sab bhanda thulo bhrastachari hun yo jaat
376,yo neta le karodau choryo re
377,yo ta bahunbaad ho
378,यो मन्त्री को ठुलो घुस काण्ड अब चित्तो बहिरा औडैक्सा डिजिटल नेपाल को बजेट सब आफनो रियल इस्टेट कम्पनी म उपयोग गर्यो यस्को सम्पत्ति जाप्त गरेरा जेल थुन्नु प्रक्सा
379,Ta jasto murkha maile dekheko xaina aukaat ma basa mi
380,यी चोर मन्त्रीले लाइसेन्स बड्यो बदमास खोल्न घुस लिए
381,आज पुरानो स्कुल रियुनियन म भेट्टा कसतो खुशी लाग्यो सबाइले अफ्नो बिजनेश एण्ड स्टार्टअप को कुरा गर्द प्रप्राउड फील भयो डिजिटल ट्रान्सफर्मेसन नेपाल मा रमाइलो हुडाइक्स साथी
382,यो विषयमा थप अध्ययन चाहिन्छ
383,"Madhesi ta Madhesi nai ho, iniharu bideshi bhanda kam xainan"
384,Yo delivery app ko interface purano version bhanda jhan confusing ra fohor xa k orders place garda ni app crash hunxa worst software implementation by the team
385,राई लिम्बु हल्दिनु पार्कमा रहेको मानसिक अस्पताल हो ।
386,सत्तामा आएपछि सबै त्यही ठाउँमा बसे ।
387,आजको खेलमा रेफ्रीको निर्णय विवादास्पद बनेको छ ।
388,डिजिटल भुक्तानीले साना व्यवसायहरूलाई धेरै मद्दत गरेको छ।
389,"हामीले संस्कृतलाई हाम्रो समाजको एक अंगको रूपमा संरक्षित गरेका छौं, यसलाई विदेशी प्रभावबाट जोगाएर राखेका छौं, जसले हामीलाई कसैलाई चिन्ता गर्न छोडेको छैन।"
390,muji chup
391,यी मन्त्रीको सम्पत्ति छानबिन हुनुपर्छ ।
392,यो नेता चोर हो।
393,"Delivery ko lagi 2 din bhaneko 2 hapta lagyo, worst company"
394,आजकल सामाजिक सञ्जालमा एउटा सानो क्लिप हेरेरै पुरा घटना बुझेझैँ यस्ता प्रतिक्रिया दिने चलन बढेको छ । कहिलेकाहीँ पूर्ण प्रसङ्ग बुझ्ने प्रयास गर्दा धेरै अलगाव हुन्छ।
395,ईसाईहरूले हाम्रो धर्म लिन सक्छन् र डलर लिन सक्छन्
396,"हिन्दु धर्मका कारण बेकार छन्, अब रहेनन् ।"
397,भाउजु हारु धेरै प्यारो छ
398,"Newar haru jpt jat hun paisa bhandasi mxan fohor sanskar xa iniharu ko jaha gae ni guff matra thulo lagauxan, kam ko bela ek paisa nikalna ni mne jtha haru"
399,यस ग्याजेटको ब्याट्री ब्याकअपलाई मेरो अनुभवको आधारमा सकारात्मक समीक्षा दिइएको छ तर विज्ञापित कार्यसम्पादनलाई विज्ञापन प्रदर्शनसँग तुलना गर्न सकिँदैन।
400,क्रिश्चियन को भर हुदैना
401,यो डिलिवरी एप को इन्टरफेस पुरानो संस्करण भन्दा जान कन्फ्युजिंग रा फोहोर एक्सए के अर्डर प्लेस गर्दा नी एप क्र्यास हुन्जा टोली द्वारा सबैभन्दा खराब सफ्टवेयर कार्यान्वयन
402,भेडा जनता भयेसी के हुदैना
403,मन्त्रीलाई खाए
404,मेल यो एप प्रयोग गर्नुहोस्
405,"सरकारले किसानलाई राहत दिनुपर्छ, मलविना यहाँ खेर गएको छ"
406,घूसखोरी र लैङ्गिक कोटा प्रणालीमा दिदीबहिनी बेच्ने संस्कृतिको गुलाम बनेका छौ ।
407,"पहिलो जातका जनतालाई आफ्नो अधिकारमा गर्व छ, मधेसीको अधिकारमा गर्व छ, देशको रक्षा गरेकोमा गर्व छ, मन हारेका छन् ।"
408,मुस्लिम हरु संग व्यापार गर्नू हुदैना इनिहारु को दिल मा धोका रा कपता मात्रा हुन्सा सबलाइ ल्ना खोज्सन यो धर्म को मांक्से ठग हुनु प्रक्सा सा इनिहारु फोहोर
409,दलित हारु लाइ विश्वास गर्ना गारो छ।
410,"कोठा भाडा फेरी बढ्यो रे, अब त केटीएम मा बस्न नी गारो हुन्सा"
411,खातामा पोस्ट गर्नुहोस्
412,हिन्दुहरु सबै गलत भन्छन्।
413,मुस्लिमले हातौना परक्सा ल्याए ।
414,muji chup
415,आजा बस पार्क मा टिकट लाइन मा १ घण्टा बस्नु पर्यो ।
416,यस कम्पनीले कर्मचारीहरूको समस्या सुन्नुपर्छ।
417,तँले अरूको मेहनतको श्रेय लिन खोज्नु गलत हो।
418,यो खातेले जानीजानी गलत सूचना फैलाइरहेको छ
419,मैले बहिनीलाई गर्वले हेरेँ ।
420,ल्यापटपको स्पिकरको गुणस्तर सोचेभन्दा राम्रो छ ।
421,तै जसो सि मुख भको केती देखेरा रास्ता को कुकुर नी थुक्सा होला @user_girl_89 मोडलिङ को नाम मा त्यो फोहोर ड्रेस लगायेरा छोटो भिडियो बनाउना xod तेरो घर म रिपोर्ट पठाइरक्सु
422,khate le feri fake screenshot halera hero banna khojexa
423,"शिक्षामा सुधार गर्न आवश्यक छ, सबै बालबालिकालाई समान अवसर दिनुपर्छ"
424,हामी पर्दामा गयौं आमा
425,Chor mantri lai tatkal hataunu parxa yesle pura budget aafai khayo
426,तेरो तर्क शून्य
427,सम्पूर्ण समूहले देशलाई नष्ट गर्नेछ
428,@manchhe123 tero हावा समात्छ
429,service ali dhilo raixa
430,क्रिश्चियन हरु ले मात्र समस्य बधाये
431,"मधेसीले नेपालीको पहिचान चोरेका छन्, आफ्नो पहिचान गुमाउनेहरू नै हुन् ।"
432,"Yo budget garib virodhi xa, neta ra thulabada lai matra faida"
433,christian haru le sabai culture bigareka xan.
434,हामीसँग फ्राइङ छैन
435,यस रेस्टुरेन्टमा खाना स्वादिष्ट भए पनि पार्किङको समस्या छ ।
436,Phone ko battery 100% bata 20% jharna 2 ghanta ni lagena.
437,"बुझ्ने कोसिस गर्नुपर्छ, तर्क जितेर होइन ।"
438,machikne comment garera attention khojdai xa
439,यी मन्त्रीको सम्पत्ति छानबिन हुनुपर्छ ।
440,"कामी जातको मनके हरुको जोर जोरी ढेरे माथी चढाउने थाला, कोटा प्रणाली ले गर्द वास्तविक प्रतिभा पक्सदी पर्यो इनिहारु को काम ति पुरानो लोहा मार ठीक थियो ।"
441,यो प्रोजेक्ट रामरो लाग्यो मलाइ
442,आज मौसम निकै राम्रो छ
443,यो पुस्तक सरल भाषामा लेखिएको छ त्यसैले बुझ्न सजिलो छ।
444,यो मोबाइल अपडेटेड प्याक्सी क्यामेराको गुणस्तर अपेक्षित भण्डा जान बेकर भययो तताउने मुद्दा नी ढेरै बढ्यो त्यसैले आफ्नो फोन अपडेट नगर्नुहोस् साथीहरू अर्को सुरक्षा प्याचको लागि पर्खनुहोस्
445,साला हारुको नाटक
446,"विश्वमा मुस्लिम समुदाय ठूलो समस्या बनेको छ, जहाँ बम र आतंककारी गतिविधि छन्, नेपाल चर्चित भएको छ, कुनै अधिकार चर्चित भएको छ र भाइरस फैलिएको छ ।"
447,Yo neta chor ho yesle rabi lamichhane lai jhoot kanda m fasauna thulo kaisen banako xa yesko pol bistarai sabai bahira audaixxa janta le sabaile thaha painxan
448,तिमीले पुरै भिडियो नहेरी प्रतिक्रिया दिएको जस्तो लाग्यो।
449,आजकल AI लाई वाटर मार्केटिङ पनि भनिन्छ।
450,मधेसी र मधेसीले मात्रै किनेका हुन् र कसरी नेपालका लागि शुद्ध बनाउने व्यवस्था बनेको छ र भारतीयले मात्रै बेचिरहेका छन् ।
451,आज बिहानदेखि पानी परिरहेको छ। यस्तो मौसममा तातो चिया र मनपर्ने किताब लिएर झ्यालछेउ बस्न पाए अरू केही चाहिँदैन जस्तो लाग्छ।
452,राई लिम्बु जाति हारु धरै मातो को कुरा गरकसों तारा बुद्धी एक्ना अभिदेश मा लेरा जन्दै खाने बहि कि जान्दान हमरो देश को जग्ग्या सबाई इनिहारु ले सस्तो मा फोहोर बेचे
453,"यो समुदायले देशलाई पछाडि तानेको छ, यसलाई देशबाट निकाल्नुपर्छ"
454,नेवार हारु साधै अफनै फैदा हरक्सन
455,यो निर्णयले विद्यार्थीहरूलाई थप दबाब दिने देखिन्छ।
456,मुस्लिम हरु संग व्यापार गर्नू हुदैना इनिहारु को दिल मा धोका रा कपता मात्रा हुन्सा सबलाइ ल्ना खोज्सन यो धर्म को मांक्से ठग हुनु प्रक्स सा इनिहरु
457,christian haru le dollar ko var ma dharma parivartan garaudaixan
458,"तपाईंले फेसबुकमा कुनै ठाउँ फेला पार्न सक्नुहुन्न जहाँ तपाईं आफ्नो वास्तविक स्थान फेला पार्न सक्नुहुन्छ, जहाँ तपाईं आफ्नो नायक जहाँ पनि फेला पार्न सक्नुहुन्छ।"
459,"Aaja gym ma first day thiyo, body ta purai dukheko xa."
460,त जसो बेवकुफ खाते संग कुरा गररा समय मात्र खेर गयो मी तेरो त्यो फोहोर मुख फेसबुक कमेन्ट मा नदेखा तेरो मानक डेरा थुक्ना मन लाग्क्सा
461,भाउजू भावुक छिन् ।
462,मुस्लिमहरू देशका लागि खतरा हुन्
463,"तपाईंले अहिलेसम्म जनताको कुरा सुन्नुभएन। न अहिले न त पहिले नै 
तपाईं एक व्यक्ति हुनुहुन्छ जसले उहाँलाई जे ठीक लाग्छ त्यही गर्नुहुन्छ। थाहा छैन। बोल्ने"
464,हरेक बहसलाई व्यक्तिगत आक्रमण किन बनाउनुहुन्छ ?
465,आज आराम गर्ने दिन
466,दलित भाई यो काम गर्खा
467,"Yo jaat ko manxe haru ko buddhi kahilyai audaina fohor sanskar ra rago katne bahek kei jandainan, iniharu le garda gaun ko thiti sabai bigrisakyo fohor jati haru"
468,म मौन रहनेछु।
469,food mitho thiyo tara service average
470,कृषकलाई राहत दिनुपर्छ
471,bahun haru sab ustai
472,तिमि ले स्रोत प्रमाणित नगरी शेयर गरको जानकारी आयले सम्मा डिलिट पानी गरको छैनौ । अरु ले सुधार दिदा उपेक्षा गर्ने बनी रामरो हैना।
473,दलाल राजा तिम्रो संरक्षक हो।
474,बलेन सरलाई किसानले मारेका छन् ।
475,"बदर मार्ने कि अरु के समाधान छ त ? समाधान त चाइयो नि, यसबाट लाखौं प्रभावित छन्"
476,ठुलो अनुहार सुन्दा ता अछम्मा पो लक्ष
477,आजको यात्रा सम्झनलायक रह्यो।
478,सबैलाई शुभकामना
479,Aaja community garden ma sabai le milera rukh ropne kaam gare.
480,कामी हरु लै माथी चढौना हुदैना।
481,कामि हरु लाइ थाचार्नु पर्क्षा माथी औना दिदा थिति बिगर्यो
482,"यो पार्टी गरिबको पार्टी हो, तपाईंले आफ्नो नेता गुमाउनु भयो र हो"
483,स्थानीय बजारमा उत्पादित सामानको गुणस्तर राम्रो हुँदै गएको छ
484,क्रिश्चियन हरु ले गाऊँ मा डलर बधाइ हमरो भगवान को नराम्रो कुरा गररा धर्म परिवर्तन गरुड़ाईक्षण यो बिदेशी षडयन्त्र लै रास्ता मै कुनु परक्सा चित्तो
485,विश्वमा मुस्लिम राष्ट्र समस्या होइन तर नेपालमा बम विष्फोट र आतंककारी गतिविधि भइरहेका छन् ।
486,यो documentary ले गाउँको जीवन राम्रोसँग देखाएको छ।
487,Yo hostel ko khana quality month by month ghatdai xa.
488,"ढेरै बिरोध मात्र गररा बस्नु पानी हुन, सकारात्मक पक्ष तन्नै छन त"
489,christian haru khatra hun.
490,मधेसीले देशमा सुन्दरता ल्यायो
491,मुस्लिमहरू देशका लागि खतरा हुन्
492,"धेरै धेरै धन्यवाद सर यति राम्रो प्रस्तुतिको लागि, मैले धेरै कुरा सिकें।"
493,विद्यार्थीको भविष्यमा ध्यान दिनुपर्छ
494,आज पुरानो रेडियो बजाउँदा बाल्यकालको याद आयो ।
495,आज स्थानीय विज्ञान मेलामा विद्यालयका विद्यार्थीहरूले बनाएका परियोजनाहरू देख्दा अचम्म लाग्यो। सही अवसर र मार्गदर्शन दिएमा युवाहरूले धेरै गर्न सक्छन्।
496,स्थानीय पुस्तकालयले पुराना हस्तलिखित दस्तावेजहरू डिजिटल रूपमा सुरक्षित गर्न थालेको खबर सुन्दा खुसी लाग्यो। यस्ता सामग्री हराए भने फेरि कहिल्यै फर्काउन सकिँदैन।
497,तँ जस्तो बेवकुफसँग कुरा गरेर समय खेर गयो।
498,Food delivery ko quality ghatdai xa.
499,होटल फोटो र वास्तविक कोठा बीच फरक छ।
500,तिनीहरू देशद्रोही हुन्
