clip_id,start_time,end_time,duration,scene_index,annotation_count,is_active,clip_created_at,source_video_id,youtube_url,youtube_video_id,title,status,source_created_at,processed_at
clip_1,45.76,53.56,7.8,15,1,1,2026-05-29 08:44:04.087424,de79efe7d9734056b1305ea7cf253771,https://youtu.be/HAcLoqZO-Z0?si=gJN6bPj55VOf03x6,HAcLoqZO-Z0,Sushant KC - Bardali ft. Indrakala Rai (Official Music Video),done,2026-05-29 08:40:50.888193,2026-05-29 08:44:04.097547
clip_2,41.458,51.458,10.0,3,1,1,2026-05-29 08:43:25.361223,6d92a53026f34a778c5b9c734a72d2d6,https://youtu.be/JqZ7Owwt2Cw?si=3I1hY2iO4oZdrEHi,JqZ7Owwt2Cw,Kafle [काफ्ले] Movie Song [ऊनको स्वीटर] Jhuma Limbu | Sujan Chapagain | In Cinemas Baisakh 26/May 09,done,2026-05-29 08:41:14.025993,2026-05-29 08:43:25.373321
clip_3,122.917,126.208,3.292,36,1,1,2026-05-29 06:58:03.064109,3975d5e40caa4ec781024cc2f8974f48,https://youtu.be/jWOsgaebblE?si=1Ik9cjilLT1RUba8,jWOsgaebblE,"Nyauli Banaima || BARISTHA BALARAM || Movie Official Song 2025 || Bijay Baral, Samriddhi Aryal",done,2026-05-29 06:55:39.728272,2026-05-29 06:58:03.070002
clip_4,239.375,249.375,10.0,117,1,1,2026-05-29 06:57:23.795773,c1de4cfe6dc444bf9cddf68587d07eff,https://youtu.be/a7SrELch4_I?si=2BVtTBRBTeaWMQf2,a7SrELch4_I,Ekdev Limbu - Chameli [Official Music Video],done,2026-05-29 06:55:12.860827,2026-05-29 06:57:23.813093
clip_5,68.042,74.167,6.125,9,1,1,2026-05-29 10:16:17.687713,566424dd77e840919b0bd4df8e1b70fc,https://youtu.be/eGPJjtvXAiM?si=o3xaQIQ95Nh2avXt,eGPJjtvXAiM,"Kehi Kadam - Full Video Song | Nepali Movie BATO MUNIKO PHOOL 2 Song | Yash Kumar, Jaljala Pariyar",done,2026-05-29 10:14:28.430664,2026-05-29 10:16:17.693539
clip_6,159.875,168.833,8.958,43,1,1,2026-05-29 06:57:49.097964,cb6b6e644578411aa9d553d2f3a8f28d,https://youtu.be/EApB0e646Nk?si=mPyPNZHTRZxuc6ox,EApB0e646Nk,"DOKO BUNNE (Official Song) | KUMARI Movie | Keher Limbu | Abishek Khadka, Aakriti Rajbhandari",done,2026-05-29 06:55:58.881431,2026-05-29 06:57:49.107040
clip_7,126.083,133.583,7.5,13,1,1,2026-05-29 08:43:25.361223,6d92a53026f34a778c5b9c734a72d2d6,https://youtu.be/JqZ7Owwt2Cw?si=3I1hY2iO4oZdrEHi,JqZ7Owwt2Cw,Kafle [काफ्ले] Movie Song [ऊनको स्वीटर] Jhuma Limbu | Sujan Chapagain | In Cinemas Baisakh 26/May 09,done,2026-05-29 08:41:14.025993,2026-05-29 08:43:25.373321
clip_8,135.75,140.333,4.583,36,1,1,2026-05-29 06:57:49.097964,cb6b6e644578411aa9d553d2f3a8f28d,https://youtu.be/EApB0e646Nk?si=mPyPNZHTRZxuc6ox,EApB0e646Nk,"DOKO BUNNE (Official Song) | KUMARI Movie | Keher Limbu | Abishek Khadka, Aakriti Rajbhandari",done,2026-05-29 06:55:58.881431,2026-05-29 06:57:49.107040
clip_9,121.458,126.417,4.958,40,1,1,2026-05-29 10:12:54.758361,fab4b0ef729943609f60470721f6e5bd,https://youtu.be/EhLOksRnCU0?si=TZgxmsKDLw7CMZVZ,EhLOksRnCU0,"Phool Pati Bhakera || Superhit Song || Nepali Movie BHAROSA Song || Shree Krishna, Dilip, Arunima",done,2026-05-29 10:10:43.244964,2026-05-29 10:12:54.763171
clip_10,70.917,75.792,4.875,26,1,1,2026-05-29 06:57:23.795773,c1de4cfe6dc444bf9cddf68587d07eff,https://youtu.be/a7SrELch4_I?si=2BVtTBRBTeaWMQf2,a7SrELch4_I,Ekdev Limbu - Chameli [Official Music Video],done,2026-05-29 06:55:12.860827,2026-05-29 06:57:23.813093
clip_11,44.375,47.917,3.542,9,1,1,2026-05-29 09:27:40.203733,0ad31694a712418a834f4b7f760061be,https://youtu.be/zsTjVCaOWw8?si=68kRjEzaXQnOX7B3,zsTjVCaOWw8,Bhagyamaani - The Hulaki | Official Music Video |  भाग्यमानी,done,2026-05-29 09:25:42.493333,2026-05-29 09:27:40.212021
clip_12,131.72,140.48,8.76,49,1,1,2026-05-29 08:44:04.087424,de79efe7d9734056b1305ea7cf253771,https://youtu.be/HAcLoqZO-Z0?si=gJN6bPj55VOf03x6,HAcLoqZO-Z0,Sushant KC - Bardali ft. Indrakala Rai (Official Music Video),done,2026-05-29 08:40:50.888193,2026-05-29 08:44:04.097547
clip_13,112.375,115.708,3.333,57,1,1,2026-05-29 10:10:42.650632,1c604be1b72948b0962a1362b627cbaa,https://youtu.be/XVCf-FI3-kE?si=n3uXxsuHyggxshjZ,XVCf-FI3-kE,"""मन साईली"" Man Saili - Prashant Tamang | Keki Adhikari | Official Music Video | Nepali Song",done,2026-05-29 10:09:53.799448,2026-05-29 10:10:42.657546
clip_14,106.167,110.208,4.042,44,1,1,2026-05-29 06:57:23.795773,c1de4cfe6dc444bf9cddf68587d07eff,https://youtu.be/a7SrELch4_I?si=2BVtTBRBTeaWMQf2,a7SrELch4_I,Ekdev Limbu - Chameli [Official Music Video],done,2026-05-29 06:55:12.860827,2026-05-29 06:57:23.813093
clip_15,115.6,120.52,4.92,41,1,1,2026-05-29 09:02:36.398179,5f0a8b344e87489ca96671a3dd5d261f,https://youtu.be/-Rzp19Fpmuc?si=IgZa5B5wozjP-uWT,-Rzp19Fpmuc,Budho Bhaiyo - The Firantee | Nepali Song | Official Music Video 2025,done,2026-05-29 09:00:46.698706,2026-05-29 09:02:36.404148
clip_16,92.72,101.64,8.92,47,1,1,2026-05-29 09:01:36.247043,df1eae5bd6314ec6ae6370f004030270,https://youtu.be/kJTgA-aBwZA?si=3pLRs5uuf41bpAec,kJTgA-aBwZA,Wangden Sherpa & @Sushant_Ghimire  - Jun Na Heri [Official Video] ft. Roneeshma Shrestha,done,2026-05-29 08:59:02.838366,2026-05-29 09:01:36.254631
clip_17,171.254,176.927,5.672,85,1,1,2026-05-29 10:14:56.927022,29a14be8303c43f7b3066519f4c3ea68,https://youtu.be/90F3yetBUbo?si=QNSy647NAYBVFD0Z,90F3yetBUbo,"Simple Simple Kanchhi Ko | ANDAJ Nepali Movie Official Song | Rekha Thapa, Jiban Luitel | Dipak",done,2026-05-29 10:12:45.846745,2026-05-29 10:14:56.935688
clip_18,42.918,48.215,5.297,27,1,1,2026-05-29 10:14:56.927022,29a14be8303c43f7b3066519f4c3ea68,https://youtu.be/90F3yetBUbo?si=QNSy647NAYBVFD0Z,90F3yetBUbo,"Simple Simple Kanchhi Ko | ANDAJ Nepali Movie Official Song | Rekha Thapa, Jiban Luitel | Dipak",done,2026-05-29 10:12:45.846745,2026-05-29 10:14:56.935688
clip_19,98.875,108.875,10.0,16,1,1,2026-05-29 10:16:17.687713,566424dd77e840919b0bd4df8e1b70fc,https://youtu.be/eGPJjtvXAiM?si=o3xaQIQ95Nh2avXt,eGPJjtvXAiM,"Kehi Kadam - Full Video Song | Nepali Movie BATO MUNIKO PHOOL 2 Song | Yash Kumar, Jaljala Pariyar",done,2026-05-29 10:14:28.430664,2026-05-29 10:16:17.693539
clip_20,96.667,106.667,10.0,9,1,1,2026-05-29 08:43:25.361223,6d92a53026f34a778c5b9c734a72d2d6,https://youtu.be/JqZ7Owwt2Cw?si=3I1hY2iO4oZdrEHi,JqZ7Owwt2Cw,Kafle [काफ्ले] Movie Song [ऊनको स्वीटर] Jhuma Limbu | Sujan Chapagain | In Cinemas Baisakh 26/May 09,done,2026-05-29 08:41:14.025993,2026-05-29 08:43:25.373321
clip_21,96.5,100.292,3.792,34,1,1,2026-05-29 08:49:11.851664,6528b3303a544ff78a48dd18700c3110,https://youtu.be/49l3WFQe0Q4?si=cVRJAnQ4WykDH7x0,49l3WFQe0Q4,"PHOOL HOINA - ""ROSE"" Movie Song || Pradeep Khadka, Miruna Magar || Pratap Das, Prabisha Adhikari",done,2026-05-29 08:45:55.072146,2026-05-29 08:49:11.862036
clip_22,33.208,36.375,3.167,6,1,1,2026-05-29 09:27:40.203733,0ad31694a712418a834f4b7f760061be,https://youtu.be/zsTjVCaOWw8?si=68kRjEzaXQnOX7B3,zsTjVCaOWw8,Bhagyamaani - The Hulaki | Official Music Video |  भाग्यमानी,done,2026-05-29 09:25:42.493333,2026-05-29 09:27:40.212021
clip_23,98.0,101.375,3.375,40,1,1,2026-05-29 06:57:23.795773,c1de4cfe6dc444bf9cddf68587d07eff,https://youtu.be/a7SrELch4_I?si=2BVtTBRBTeaWMQf2,a7SrELch4_I,Ekdev Limbu - Chameli [Official Music Video],done,2026-05-29 06:55:12.860827,2026-05-29 06:57:23.813093
clip_24,200.117,205.414,5.297,77,1,1,2026-05-29 09:01:52.668731,f5245afc38514c1aaa51a75833b7b84d,https://youtu.be/2mjx95RGtxQ?si=yWggcqBAner5PUc-,2mjx95RGtxQ,"Kehar Sing Limbu - Sarara Sarara Official Music Video ft.Nimesh Thapa, Losina Shakya | Kehar& Lunga",done,2026-05-29 08:59:46.046935,2026-05-29 09:01:52.675391
clip_25,89.625,97.625,8.0,25,1,1,2026-05-29 06:58:03.063561,3975d5e40caa4ec781024cc2f8974f48,https://youtu.be/jWOsgaebblE?si=1Ik9cjilLT1RUba8,jWOsgaebblE,"Nyauli Banaima || BARISTHA BALARAM || Movie Official Song 2025 || Bijay Baral, Samriddhi Aryal",done,2026-05-29 06:55:39.728272,2026-05-29 06:58:03.070002
clip_26,46.5,50.208,3.708,16,1,1,2026-05-29 08:49:49.913356,1d131081f3894ac2abe84ef9fdbb3fc0,https://youtu.be/xIZISD1JqoQ?si=5kODx8JowIw-JVIp,xIZISD1JqoQ,Sailo Ma Charghare『Official Music Video』- Bishwo Dong || Ft. Alisha Rai | Bijay Dong | Sushil Waiba,done,2026-05-29 08:45:36.372401,2026-05-29 08:49:49.919132
clip_27,250.375,259.833,9.458,69,1,1,2026-05-29 06:58:03.064109,3975d5e40caa4ec781024cc2f8974f48,https://youtu.be/jWOsgaebblE?si=1Ik9cjilLT1RUba8,jWOsgaebblE,"Nyauli Banaima || BARISTHA BALARAM || Movie Official Song 2025 || Bijay Baral, Samriddhi Aryal",done,2026-05-29 06:55:39.728272,2026-05-29 06:58:03.070002
clip_28,71.042,74.875,3.833,5,1,1,2026-05-29 08:43:25.361223,6d92a53026f34a778c5b9c734a72d2d6,https://youtu.be/JqZ7Owwt2Cw?si=3I1hY2iO4oZdrEHi,JqZ7Owwt2Cw,Kafle [काफ्ले] Movie Song [ऊनको स्वीटर] Jhuma Limbu | Sujan Chapagain | In Cinemas Baisakh 26/May 09,done,2026-05-29 08:41:14.025993,2026-05-29 08:43:25.373321
clip_29,104.042,110.542,6.5,30,1,1,2026-05-29 06:57:49.097964,cb6b6e644578411aa9d553d2f3a8f28d,https://youtu.be/EApB0e646Nk?si=mPyPNZHTRZxuc6ox,EApB0e646Nk,"DOKO BUNNE (Official Song) | KUMARI Movie | Keher Limbu | Abishek Khadka, Aakriti Rajbhandari",done,2026-05-29 06:55:58.881431,2026-05-29 06:57:49.107040
clip_30,45.462,50.634,5.172,17,1,1,2026-05-29 09:01:52.661556,f5245afc38514c1aaa51a75833b7b84d,https://youtu.be/2mjx95RGtxQ?si=yWggcqBAner5PUc-,2mjx95RGtxQ,"Kehar Sing Limbu - Sarara Sarara Official Music Video ft.Nimesh Thapa, Losina Shakya | Kehar& Lunga",done,2026-05-29 08:59:46.046935,2026-05-29 09:01:52.675391
clip_31,66.44,74.64,8.2,54,1,1,2026-05-29 10:15:23.402670,d3d0acae17f044f1a996b044c4029ed1,https://youtu.be/A0GOxBvHNNg?si=K9CfqGAJ315ICyWo,A0GOxBvHNNg,Man Magan – Deepak Bajracharya | New Nepali Song | Official Music Video,done,2026-05-29 10:12:25.806959,2026-05-29 10:15:23.407966
clip_32,48.215,52.886,4.671,28,1,1,2026-05-29 10:14:56.927022,29a14be8303c43f7b3066519f4c3ea68,https://youtu.be/90F3yetBUbo?si=QNSy647NAYBVFD0Z,90F3yetBUbo,"Simple Simple Kanchhi Ko | ANDAJ Nepali Movie Official Song | Rekha Thapa, Jiban Luitel | Dipak",done,2026-05-29 10:12:45.846745,2026-05-29 10:14:56.935688
clip_33,156.042,163.667,7.625,46,1,1,2026-05-29 06:58:03.064109,3975d5e40caa4ec781024cc2f8974f48,https://youtu.be/jWOsgaebblE?si=1Ik9cjilLT1RUba8,jWOsgaebblE,"Nyauli Banaima || BARISTHA BALARAM || Movie Official Song 2025 || Bijay Baral, Samriddhi Aryal",done,2026-05-29 06:55:39.728272,2026-05-29 06:58:03.070002
clip_34,38.917,42.042,3.125,17,1,1,2026-05-29 10:10:42.650632,1c604be1b72948b0962a1362b627cbaa,https://youtu.be/XVCf-FI3-kE?si=n3uXxsuHyggxshjZ,XVCf-FI3-kE,"""मन साईली"" Man Saili - Prashant Tamang | Keki Adhikari | Official Music Video | Nepali Song",done,2026-05-29 10:09:53.799448,2026-05-29 10:10:42.657546
clip_35,235.902,245.902,10.0,93,1,1,2026-05-29 09:01:52.668731,f5245afc38514c1aaa51a75833b7b84d,https://youtu.be/2mjx95RGtxQ?si=yWggcqBAner5PUc-,2mjx95RGtxQ,"Kehar Sing Limbu - Sarara Sarara Official Music Video ft.Nimesh Thapa, Losina Shakya | Kehar& Lunga",done,2026-05-29 08:59:46.046935,2026-05-29 09:01:52.675391
clip_36,0.0,10.0,10.0,0,1,1,2026-05-29 10:19:12.829202,25fe750a1bb849a0b6d928387418f5aa,https://youtu.be/cCxjAMIB0-k?si=JIx-gx4Y9BvmLqVT,cCxjAMIB0-k,Parkhaima - Raju Lama (Mongolian Heart) | Official Video | Iconic Nepali Pop Song | Music Nepal,done,2026-05-29 10:16:09.590108,2026-05-29 10:19:12.836263
clip_37,204.28,211.24,6.96,62,1,1,2026-05-29 09:02:36.398179,5f0a8b344e87489ca96671a3dd5d261f,https://youtu.be/-Rzp19Fpmuc?si=IgZa5B5wozjP-uWT,-Rzp19Fpmuc,Budho Bhaiyo - The Firantee | Nepali Song | Official Music Video 2025,done,2026-05-29 09:00:46.698706,2026-05-29 09:02:36.404148
clip_38,109.208,115.167,5.958,28,1,1,2026-05-29 09:27:40.203733,0ad31694a712418a834f4b7f760061be,https://youtu.be/zsTjVCaOWw8?si=68kRjEzaXQnOX7B3,zsTjVCaOWw8,Bhagyamaani - The Hulaki | Official Music Video |  भाग्यमानी,done,2026-05-29 09:25:42.493333,2026-05-29 09:27:40.212021
clip_39,37.75,42.042,4.292,9,1,1,2026-05-29 08:48:04.633695,5aa8d52aaa864b1db52372343f8de3ce,https://youtu.be/p7wDS1VV3n4?si=2nH1sAIu8tzbl1Yv,p7wDS1VV3n4,"RUKUM MAIKOT - New Nepali Movie khusma Song 2024 | Ft. Dhiraj Magar, Upasana Singh Thakuri",done,2026-05-29 08:42:48.330387,2026-05-29 08:48:04.649851
clip_40,118.167,122.375,4.208,33,1,1,2026-05-29 06:57:49.097964,cb6b6e644578411aa9d553d2f3a8f28d,https://youtu.be/EApB0e646Nk?si=mPyPNZHTRZxuc6ox,EApB0e646Nk,"DOKO BUNNE (Official Song) | KUMARI Movie | Keher Limbu | Abishek Khadka, Aakriti Rajbhandari",done,2026-05-29 06:55:58.881431,2026-05-29 06:57:49.107040
clip_41,202.625,205.875,3.25,74,1,1,2026-05-29 08:49:11.852194,6528b3303a544ff78a48dd18700c3110,https://youtu.be/49l3WFQe0Q4?si=cVRJAnQ4WykDH7x0,49l3WFQe0Q4,"PHOOL HOINA - ""ROSE"" Movie Song || Pradeep Khadka, Miruna Magar || Pratap Das, Prabisha Adhikari",done,2026-05-29 08:45:55.072146,2026-05-29 08:49:11.862036
clip_42,225.142,228.812,3.67,89,1,1,2026-05-29 09:01:52.668731,f5245afc38514c1aaa51a75833b7b84d,https://youtu.be/2mjx95RGtxQ?si=yWggcqBAner5PUc-,2mjx95RGtxQ,"Kehar Sing Limbu - Sarara Sarara Official Music Video ft.Nimesh Thapa, Losina Shakya | Kehar& Lunga",done,2026-05-29 08:59:46.046935,2026-05-29 09:01:52.675391
clip_43,74.167,80.542,6.375,10,1,1,2026-05-29 10:16:17.687713,566424dd77e840919b0bd4df8e1b70fc,https://youtu.be/eGPJjtvXAiM?si=o3xaQIQ95Nh2avXt,eGPJjtvXAiM,"Kehi Kadam - Full Video Song | Nepali Movie BATO MUNIKO PHOOL 2 Song | Yash Kumar, Jaljala Pariyar",done,2026-05-29 10:14:28.430664,2026-05-29 10:16:17.693539
clip_44,107.024,113.447,6.423,63,1,1,2026-05-29 10:14:56.927022,29a14be8303c43f7b3066519f4c3ea68,https://youtu.be/90F3yetBUbo?si=QNSy647NAYBVFD0Z,90F3yetBUbo,"Simple Simple Kanchhi Ko | ANDAJ Nepali Movie Official Song | Rekha Thapa, Jiban Luitel | Dipak",done,2026-05-29 10:12:45.846745,2026-05-29 10:14:56.935688
clip_45,162.08,165.12,3.04,62,1,1,2026-05-29 08:44:04.087424,de79efe7d9734056b1305ea7cf253771,https://youtu.be/HAcLoqZO-Z0?si=gJN6bPj55VOf03x6,HAcLoqZO-Z0,Sushant KC - Bardali ft. Indrakala Rai (Official Music Video),done,2026-05-29 08:40:50.888193,2026-05-29 08:44:04.097547
clip_46,99.32,107.04,7.72,38,1,1,2026-05-29 08:44:04.087424,de79efe7d9734056b1305ea7cf253771,https://youtu.be/HAcLoqZO-Z0?si=gJN6bPj55VOf03x6,HAcLoqZO-Z0,Sushant KC - Bardali ft. Indrakala Rai (Official Music Video),done,2026-05-29 08:40:50.888193,2026-05-29 08:44:04.097547
clip_47,12.917,22.917,10.0,1,1,1,2026-05-29 10:19:55.508307,5e7eeee8c77747c09605771e55076128,https://youtu.be/5_PvN3RHFb8?si=lC__nt8WBxhzT1Es,5_PvN3RHFb8,SARAK SARAK - D1 ft @Shadowgmusic-Thachani x NAMUNA x PIRTAM | Prod - @iczbeats OFFICIAL M/V,done,2026-05-29 10:16:22.350957,2026-05-29 10:19:55.513195
clip_48,182.125,188.292,6.167,20,1,1,2026-05-29 10:16:17.688229,566424dd77e840919b0bd4df8e1b70fc,https://youtu.be/eGPJjtvXAiM?si=o3xaQIQ95Nh2avXt,eGPJjtvXAiM,"Kehi Kadam - Full Video Song | Nepali Movie BATO MUNIKO PHOOL 2 Song | Yash Kumar, Jaljala Pariyar",done,2026-05-29 10:14:28.430664,2026-05-29 10:16:17.693539
clip_49,17.5,21.0,3.5,8,1,1,2026-05-29 06:58:03.063561,3975d5e40caa4ec781024cc2f8974f48,https://youtu.be/jWOsgaebblE?si=1Ik9cjilLT1RUba8,jWOsgaebblE,"Nyauli Banaima || BARISTHA BALARAM || Movie Official Song 2025 || Bijay Baral, Samriddhi Aryal",done,2026-05-29 06:55:39.728272,2026-05-29 06:58:03.070002
clip_50,107.88,111.92,4.04,59,1,1,2026-05-29 10:19:03.523608,5c59b3cb33d14cdb9ca87fd1b3dcdb66,https://youtu.be/0DHzlmoixtM?si=L4qah35V9Dtn7sHH,0DHzlmoixtM,B-8EIGHT - Maichyang (Official Music Video) Prod by Roman Bajracharya,done,2026-05-29 10:15:53.995422,2026-05-29 10:19:03.534504
clip_51,259.125,262.917,3.792,160,1,1,2026-05-29 10:19:55.508307,5e7eeee8c77747c09605771e55076128,https://youtu.be/5_PvN3RHFb8?si=lC__nt8WBxhzT1Es,5_PvN3RHFb8,SARAK SARAK - D1 ft @Shadowgmusic-Thachani x NAMUNA x PIRTAM | Prod - @iczbeats OFFICIAL M/V,done,2026-05-29 10:16:22.350957,2026-05-29 10:19:55.513195
clip_52,62.083,67.042,4.958,14,1,1,2026-05-29 09:27:40.203733,0ad31694a712418a834f4b7f760061be,https://youtu.be/zsTjVCaOWw8?si=68kRjEzaXQnOX7B3,zsTjVCaOWw8,Bhagyamaani - The Hulaki | Official Music Video |  भाग्यमानी,done,2026-05-29 09:25:42.493333,2026-05-29 09:27:40.212021
clip_53,143.667,146.875,3.208,38,1,1,2026-05-29 09:27:40.203733,0ad31694a712418a834f4b7f760061be,https://youtu.be/zsTjVCaOWw8?si=68kRjEzaXQnOX7B3,zsTjVCaOWw8,Bhagyamaani - The Hulaki | Official Music Video |  भाग्यमानी,done,2026-05-29 09:25:42.493333,2026-05-29 09:27:40.212021
clip_54,30.625,36.292,5.667,11,1,1,2026-05-29 10:12:54.758361,fab4b0ef729943609f60470721f6e5bd,https://youtu.be/EhLOksRnCU0?si=TZgxmsKDLw7CMZVZ,EhLOksRnCU0,"Phool Pati Bhakera || Superhit Song || Nepali Movie BHAROSA Song || Shree Krishna, Dilip, Arunima",done,2026-05-29 10:10:43.244964,2026-05-29 10:12:54.763171
clip_55,130.208,134.75,4.542,39,1,1,2026-05-29 06:58:03.064109,3975d5e40caa4ec781024cc2f8974f48,https://youtu.be/jWOsgaebblE?si=1Ik9cjilLT1RUba8,jWOsgaebblE,"Nyauli Banaima || BARISTHA BALARAM || Movie Official Song 2025 || Bijay Baral, Samriddhi Aryal",done,2026-05-29 06:55:39.728272,2026-05-29 06:58:03.070002
clip_56,41.0,44.083,3.083,11,1,1,2026-05-29 08:49:11.851664,6528b3303a544ff78a48dd18700c3110,https://youtu.be/49l3WFQe0Q4?si=cVRJAnQ4WykDH7x0,49l3WFQe0Q4,"PHOOL HOINA - ""ROSE"" Movie Song || Pradeep Khadka, Miruna Magar || Pratap Das, Prabisha Adhikari",done,2026-05-29 08:45:55.072146,2026-05-29 08:49:11.862036
clip_57,36.792,40.208,3.417,14,1,1,2026-05-29 06:58:03.063561,3975d5e40caa4ec781024cc2f8974f48,https://youtu.be/jWOsgaebblE?si=1Ik9cjilLT1RUba8,jWOsgaebblE,"Nyauli Banaima || BARISTHA BALARAM || Movie Official Song 2025 || Bijay Baral, Samriddhi Aryal",done,2026-05-29 06:55:39.728272,2026-05-29 06:58:03.070002
clip_58,133.583,141.125,7.542,14,1,1,2026-05-29 08:43:25.361223,6d92a53026f34a778c5b9c734a72d2d6,https://youtu.be/JqZ7Owwt2Cw?si=3I1hY2iO4oZdrEHi,JqZ7Owwt2Cw,Kafle [काफ्ले] Movie Song [ऊनको स्वीटर] Jhuma Limbu | Sujan Chapagain | In Cinemas Baisakh 26/May 09,done,2026-05-29 08:41:14.025993,2026-05-29 08:43:25.373321
clip_59,309.042,312.792,3.75,88,1,1,2026-05-29 10:10:06.718973,1d01140843214331abf02b8313e7c460,https://youtu.be/1Iyc2wNHpLs?si=WUCsWJvYwhYZXUnQ,1Iyc2wNHpLs,"Chari Ko Ghar Gudaima Bhaye (HD) - Nepali Movie HAMI TEEN BHAI Song || Rajesh Hamal, Rekha Thapa",done,2026-05-29 10:03:17.472258,2026-05-29 10:10:06.725432
clip_60,147.814,157.814,10.0,77,1,1,2026-05-29 10:14:56.927022,29a14be8303c43f7b3066519f4c3ea68,https://youtu.be/90F3yetBUbo?si=QNSy647NAYBVFD0Z,90F3yetBUbo,"Simple Simple Kanchhi Ko | ANDAJ Nepali Movie Official Song | Rekha Thapa, Jiban Luitel | Dipak",done,2026-05-29 10:12:45.846745,2026-05-29 10:14:56.935688
clip_61,97.292,100.583,3.292,25,1,1,2026-05-29 09:27:40.203733,0ad31694a712418a834f4b7f760061be,https://youtu.be/zsTjVCaOWw8?si=68kRjEzaXQnOX7B3,zsTjVCaOWw8,Bhagyamaani - The Hulaki | Official Music Video |  भाग्यमानी,done,2026-05-29 09:25:42.493333,2026-05-29 09:27:40.212021
clip_62,139.792,144.25,4.458,65,1,1,2026-05-29 10:10:42.650632,1c604be1b72948b0962a1362b627cbaa,https://youtu.be/XVCf-FI3-kE?si=n3uXxsuHyggxshjZ,XVCf-FI3-kE,"""मन साईली"" Man Saili - Prashant Tamang | Keki Adhikari | Official Music Video | Nepali Song",done,2026-05-29 10:09:53.799448,2026-05-29 10:10:42.657546
clip_63,44.708,49.667,4.958,12,1,1,2026-05-29 06:57:49.097436,cb6b6e644578411aa9d553d2f3a8f28d,https://youtu.be/EApB0e646Nk?si=mPyPNZHTRZxuc6ox,EApB0e646Nk,"DOKO BUNNE (Official Song) | KUMARI Movie | Keher Limbu | Abishek Khadka, Aakriti Rajbhandari",done,2026-05-29 06:55:58.881431,2026-05-29 06:57:49.107040
clip_64,138.513,143.56,5.047,72,1,1,2026-05-29 10:14:56.927022,29a14be8303c43f7b3066519f4c3ea68,https://youtu.be/90F3yetBUbo?si=QNSy647NAYBVFD0Z,90F3yetBUbo,"Simple Simple Kanchhi Ko | ANDAJ Nepali Movie Official Song | Rekha Thapa, Jiban Luitel | Dipak",done,2026-05-29 10:12:45.846745,2026-05-29 10:14:56.935688
clip_65,185.2,193.32,8.12,58,1,1,2026-05-29 09:02:36.398179,5f0a8b344e87489ca96671a3dd5d261f,https://youtu.be/-Rzp19Fpmuc?si=IgZa5B5wozjP-uWT,-Rzp19Fpmuc,Budho Bhaiyo - The Firantee | Nepali Song | Official Music Video 2025,done,2026-05-29 09:00:46.698706,2026-05-29 09:02:36.404148
clip_66,117.909,123.457,5.547,67,1,1,2026-05-29 10:14:56.927022,29a14be8303c43f7b3066519f4c3ea68,https://youtu.be/90F3yetBUbo?si=QNSy647NAYBVFD0Z,90F3yetBUbo,"Simple Simple Kanchhi Ko | ANDAJ Nepali Movie Official Song | Rekha Thapa, Jiban Luitel | Dipak",done,2026-05-29 10:12:45.846745,2026-05-29 10:14:56.935688
clip_67,23.25,26.292,3.042,10,1,1,2026-05-29 06:58:03.063561,3975d5e40caa4ec781024cc2f8974f48,https://youtu.be/jWOsgaebblE?si=1Ik9cjilLT1RUba8,jWOsgaebblE,"Nyauli Banaima || BARISTHA BALARAM || Movie Official Song 2025 || Bijay Baral, Samriddhi Aryal",done,2026-05-29 06:55:39.728272,2026-05-29 06:58:03.070002
clip_68,126.958,130.458,3.5,32,1,1,2026-05-29 09:27:40.203733,0ad31694a712418a834f4b7f760061be,https://youtu.be/zsTjVCaOWw8?si=68kRjEzaXQnOX7B3,zsTjVCaOWw8,Bhagyamaani - The Hulaki | Official Music Video |  भाग्यमानी,done,2026-05-29 09:25:42.493333,2026-05-29 09:27:40.212021
clip_69,42.6,45.76,3.16,14,1,1,2026-05-29 08:44:04.087424,de79efe7d9734056b1305ea7cf253771,https://youtu.be/HAcLoqZO-Z0?si=gJN6bPj55VOf03x6,HAcLoqZO-Z0,Sushant KC - Bardali ft. Indrakala Rai (Official Music Video),done,2026-05-29 08:40:50.888193,2026-05-29 08:44:04.097547
clip_70,67.042,70.542,3.5,15,1,1,2026-05-29 09:27:40.203733,0ad31694a712418a834f4b7f760061be,https://youtu.be/zsTjVCaOWw8?si=68kRjEzaXQnOX7B3,zsTjVCaOWw8,Bhagyamaani - The Hulaki | Official Music Video |  भाग्यमानी,done,2026-05-29 09:25:42.493333,2026-05-29 09:27:40.212021
clip_71,27.208,34.958,7.75,8,1,1,2026-05-29 06:57:49.097436,cb6b6e644578411aa9d553d2f3a8f28d,https://youtu.be/EApB0e646Nk?si=mPyPNZHTRZxuc6ox,EApB0e646Nk,"DOKO BUNNE (Official Song) | KUMARI Movie | Keher Limbu | Abishek Khadka, Aakriti Rajbhandari",done,2026-05-29 06:55:58.881431,2026-05-29 06:57:49.107040
clip_72,231.25,235.125,3.875,135,1,1,2026-05-29 08:49:41.259362,07bd6c36438d43c0a5a9eb776aff070d,https://youtu.be/fcBKV-B8iA8?si=AsiujWUigM8dr5rk,fcBKV-B8iA8,ST MAN - KALI KALI FT. YUNG 22 & BIG NORZZA ( OFFICAL MUSIC VIDEO ),done,2026-05-29 08:45:00.037734,2026-05-29 08:49:41.268335
clip_73,165.04,175.04,10.0,53,1,1,2026-05-29 09:02:36.398179,5f0a8b344e87489ca96671a3dd5d261f,https://youtu.be/-Rzp19Fpmuc?si=IgZa5B5wozjP-uWT,-Rzp19Fpmuc,Budho Bhaiyo - The Firantee | Nepali Song | Official Music Video 2025,done,2026-05-29 09:00:46.698706,2026-05-29 09:02:36.404148
clip_74,223.84,229.16,5.32,66,1,1,2026-05-29 09:02:36.398179,5f0a8b344e87489ca96671a3dd5d261f,https://youtu.be/-Rzp19Fpmuc?si=IgZa5B5wozjP-uWT,-Rzp19Fpmuc,Budho Bhaiyo - The Firantee | Nepali Song | Official Music Video 2025,done,2026-05-29 09:00:46.698706,2026-05-29 09:02:36.404148
clip_75,69.12,72.16,3.04,32,1,1,2026-05-29 09:01:36.247043,df1eae5bd6314ec6ae6370f004030270,https://youtu.be/kJTgA-aBwZA?si=3pLRs5uuf41bpAec,kJTgA-aBwZA,Wangden Sherpa & @Sushant_Ghimire  - Jun Na Heri [Official Video] ft. Roneeshma Shrestha,done,2026-05-29 08:59:02.838366,2026-05-29 09:01:36.254631
clip_76,144.458,153.958,9.5,16,1,1,2026-05-29 08:43:25.361223,6d92a53026f34a778c5b9c734a72d2d6,https://youtu.be/JqZ7Owwt2Cw?si=3I1hY2iO4oZdrEHi,JqZ7Owwt2Cw,Kafle [काफ्ले] Movie Song [ऊनको स्वीटर] Jhuma Limbu | Sujan Chapagain | In Cinemas Baisakh 26/May 09,done,2026-05-29 08:41:14.025993,2026-05-29 08:43:25.373321
clip_77,135.333,139.792,4.458,64,1,1,2026-05-29 10:10:42.650632,1c604be1b72948b0962a1362b627cbaa,https://youtu.be/XVCf-FI3-kE?si=n3uXxsuHyggxshjZ,XVCf-FI3-kE,"""मन साईली"" Man Saili - Prashant Tamang | Keki Adhikari | Official Music Video | Nepali Song",done,2026-05-29 10:09:53.799448,2026-05-29 10:10:42.657546
clip_78,45.52,48.56,3.04,9,1,1,2026-05-29 10:19:12.829202,25fe750a1bb849a0b6d928387418f5aa,https://youtu.be/cCxjAMIB0-k?si=JIx-gx4Y9BvmLqVT,cCxjAMIB0-k,Parkhaima - Raju Lama (Mongolian Heart) | Official Video | Iconic Nepali Pop Song | Music Nepal,done,2026-05-29 10:16:09.590108,2026-05-29 10:19:12.836263
clip_79,282.833,286.0,3.167,159,1,1,2026-05-29 08:49:41.259362,07bd6c36438d43c0a5a9eb776aff070d,https://youtu.be/fcBKV-B8iA8?si=AsiujWUigM8dr5rk,fcBKV-B8iA8,ST MAN - KALI KALI FT. YUNG 22 & BIG NORZZA ( OFFICAL MUSIC VIDEO ),done,2026-05-29 08:45:00.037734,2026-05-29 08:49:41.268335
clip_80,13.88,17.4,3.52,4,1,1,2026-05-29 09:01:36.246944,df1eae5bd6314ec6ae6370f004030270,https://youtu.be/kJTgA-aBwZA?si=3pLRs5uuf41bpAec,kJTgA-aBwZA,Wangden Sherpa & @Sushant_Ghimire  - Jun Na Heri [Official Video] ft. Roneeshma Shrestha,done,2026-05-29 08:59:02.838366,2026-05-29 09:01:36.254631
clip_81,208.166,212.879,4.713,99,1,1,2026-05-29 10:14:56.927022,29a14be8303c43f7b3066519f4c3ea68,https://youtu.be/90F3yetBUbo?si=QNSy647NAYBVFD0Z,90F3yetBUbo,"Simple Simple Kanchhi Ko | ANDAJ Nepali Movie Official Song | Rekha Thapa, Jiban Luitel | Dipak",done,2026-05-29 10:12:45.846745,2026-05-29 10:14:56.935688
clip_82,12.625,22.625,10.0,3,1,1,2026-05-29 09:27:40.203733,0ad31694a712418a834f4b7f760061be,https://youtu.be/zsTjVCaOWw8?si=68kRjEzaXQnOX7B3,zsTjVCaOWw8,Bhagyamaani - The Hulaki | Official Music Video |  भाग्यमानी,done,2026-05-29 09:25:42.493333,2026-05-29 09:27:40.212021
clip_83,161.417,165.25,3.833,45,1,1,2026-05-29 09:27:40.203733,0ad31694a712418a834f4b7f760061be,https://youtu.be/zsTjVCaOWw8?si=68kRjEzaXQnOX7B3,zsTjVCaOWw8,Bhagyamaani - The Hulaki | Official Music Video |  भाग्यमानी,done,2026-05-29 09:25:42.493333,2026-05-29 09:27:40.212021
clip_84,52.75,58.333,5.583,20,1,1,2026-05-29 10:12:54.758361,fab4b0ef729943609f60470721f6e5bd,https://youtu.be/EhLOksRnCU0?si=TZgxmsKDLw7CMZVZ,EhLOksRnCU0,"Phool Pati Bhakera || Superhit Song || Nepali Movie BHAROSA Song || Shree Krishna, Dilip, Arunima",done,2026-05-29 10:10:43.244964,2026-05-29 10:12:54.763171
clip_85,247.792,251.0,3.208,122,1,1,2026-05-29 08:49:49.913356,1d131081f3894ac2abe84ef9fdbb3fc0,https://youtu.be/xIZISD1JqoQ?si=5kODx8JowIw-JVIp,xIZISD1JqoQ,Sailo Ma Charghare『Official Music Video』- Bishwo Dong || Ft. Alisha Rai | Bijay Dong | Sushil Waiba,done,2026-05-29 08:45:36.372401,2026-05-29 08:49:49.919132
clip_86,200.75,210.75,10.0,22,1,1,2026-05-29 10:16:17.688229,566424dd77e840919b0bd4df8e1b70fc,https://youtu.be/eGPJjtvXAiM?si=o3xaQIQ95Nh2avXt,eGPJjtvXAiM,"Kehi Kadam - Full Video Song | Nepali Movie BATO MUNIKO PHOOL 2 Song | Yash Kumar, Jaljala Pariyar",done,2026-05-29 10:14:28.430664,2026-05-29 10:16:17.693539
clip_87,247.292,251.208,3.917,90,1,1,2026-05-29 08:49:11.852194,6528b3303a544ff78a48dd18700c3110,https://youtu.be/49l3WFQe0Q4?si=cVRJAnQ4WykDH7x0,49l3WFQe0Q4,"PHOOL HOINA - ""ROSE"" Movie Song || Pradeep Khadka, Miruna Magar || Pratap Das, Prabisha Adhikari",done,2026-05-29 08:45:55.072146,2026-05-29 08:49:11.862036
clip_88,16.183,20.229,4.046,6,1,1,2026-05-29 09:01:52.661556,f5245afc38514c1aaa51a75833b7b84d,https://youtu.be/2mjx95RGtxQ?si=yWggcqBAner5PUc-,2mjx95RGtxQ,"Kehar Sing Limbu - Sarara Sarara Official Music Video ft.Nimesh Thapa, Losina Shakya | Kehar& Lunga",done,2026-05-29 08:59:46.046935,2026-05-29 09:01:52.675391
clip_89,41.833,47.375,5.542,14,1,1,2026-05-29 10:12:54.758361,fab4b0ef729943609f60470721f6e5bd,https://youtu.be/EhLOksRnCU0?si=TZgxmsKDLw7CMZVZ,EhLOksRnCU0,"Phool Pati Bhakera || Superhit Song || Nepali Movie BHAROSA Song || Shree Krishna, Dilip, Arunima",done,2026-05-29 10:10:43.244964,2026-05-29 10:12:54.763171
clip_90,193.193,198.365,5.172,92,1,1,2026-05-29 10:14:56.927022,29a14be8303c43f7b3066519f4c3ea68,https://youtu.be/90F3yetBUbo?si=QNSy647NAYBVFD0Z,90F3yetBUbo,"Simple Simple Kanchhi Ko | ANDAJ Nepali Movie Official Song | Rekha Thapa, Jiban Luitel | Dipak",done,2026-05-29 10:12:45.846745,2026-05-29 10:14:56.935688
clip_91,158.92,165.04,6.12,52,1,1,2026-05-29 09:02:36.398179,5f0a8b344e87489ca96671a3dd5d261f,https://youtu.be/-Rzp19Fpmuc?si=IgZa5B5wozjP-uWT,-Rzp19Fpmuc,Budho Bhaiyo - The Firantee | Nepali Song | Official Music Video 2025,done,2026-05-29 09:00:46.698706,2026-05-29 09:02:36.404148
clip_92,7.75,17.75,10.0,1,1,1,2026-05-29 08:43:25.360716,6d92a53026f34a778c5b9c734a72d2d6,https://youtu.be/JqZ7Owwt2Cw?si=3I1hY2iO4oZdrEHi,JqZ7Owwt2Cw,Kafle [काफ्ले] Movie Song [ऊनको स्वीटर] Jhuma Limbu | Sujan Chapagain | In Cinemas Baisakh 26/May 09,done,2026-05-29 08:41:14.025993,2026-05-29 08:43:25.373321
clip_93,166.167,170.042,3.875,18,1,1,2026-05-29 08:43:25.361223,6d92a53026f34a778c5b9c734a72d2d6,https://youtu.be/JqZ7Owwt2Cw?si=3I1hY2iO4oZdrEHi,JqZ7Owwt2Cw,Kafle [काफ्ले] Movie Song [ऊनको स्वीटर] Jhuma Limbu | Sujan Chapagain | In Cinemas Baisakh 26/May 09,done,2026-05-29 08:41:14.025993,2026-05-29 08:43:25.373321
clip_94,70.792,79.125,8.333,22,1,1,2026-05-29 08:48:04.633695,5aa8d52aaa864b1db52372343f8de3ce,https://youtu.be/p7wDS1VV3n4?si=2nH1sAIu8tzbl1Yv,p7wDS1VV3n4,"RUKUM MAIKOT - New Nepali Movie khusma Song 2024 | Ft. Dhiraj Magar, Upasana Singh Thakuri",done,2026-05-29 08:42:48.330387,2026-05-29 08:48:04.649851
clip_95,96.25,104.042,7.792,29,1,1,2026-05-29 06:57:49.097964,cb6b6e644578411aa9d553d2f3a8f28d,https://youtu.be/EApB0e646Nk?si=mPyPNZHTRZxuc6ox,EApB0e646Nk,"DOKO BUNNE (Official Song) | KUMARI Movie | Keher Limbu | Abishek Khadka, Aakriti Rajbhandari",done,2026-05-29 06:55:58.881431,2026-05-29 06:57:49.107040
clip_96,138.125,141.375,3.25,61,1,1,2026-05-29 06:57:23.795773,c1de4cfe6dc444bf9cddf68587d07eff,https://youtu.be/a7SrELch4_I?si=2BVtTBRBTeaWMQf2,a7SrELch4_I,Ekdev Limbu - Chameli [Official Music Video],done,2026-05-29 06:55:12.860827,2026-05-29 06:57:23.813093
clip_97,126.792,131.333,4.542,42,1,1,2026-05-29 10:10:06.718973,1d01140843214331abf02b8313e7c460,https://youtu.be/1Iyc2wNHpLs?si=WUCsWJvYwhYZXUnQ,1Iyc2wNHpLs,"Chari Ko Ghar Gudaima Bhaye (HD) - Nepali Movie HAMI TEEN BHAI Song || Rajesh Hamal, Rekha Thapa",done,2026-05-29 10:03:17.472258,2026-05-29 10:10:06.725432
clip_98,122.5,126.083,3.583,12,1,1,2026-05-29 08:43:25.361223,6d92a53026f34a778c5b9c734a72d2d6,https://youtu.be/JqZ7Owwt2Cw?si=3I1hY2iO4oZdrEHi,JqZ7Owwt2Cw,Kafle [काफ्ले] Movie Song [ऊनको स्वीटर] Jhuma Limbu | Sujan Chapagain | In Cinemas Baisakh 26/May 09,done,2026-05-29 08:41:14.025993,2026-05-29 08:43:25.373321
clip_99,264.167,268.042,3.875,162,1,1,2026-05-29 10:19:55.508307,5e7eeee8c77747c09605771e55076128,https://youtu.be/5_PvN3RHFb8?si=lC__nt8WBxhzT1Es,5_PvN3RHFb8,SARAK SARAK - D1 ft @Shadowgmusic-Thachani x NAMUNA x PIRTAM | Prod - @iczbeats OFFICIAL M/V,done,2026-05-29 10:16:22.350957,2026-05-29 10:19:55.513195
clip_100,49.208,53.833,4.625,19,1,1,2026-05-29 06:58:03.063561,3975d5e40caa4ec781024cc2f8974f48,https://youtu.be/jWOsgaebblE?si=1Ik9cjilLT1RUba8,jWOsgaebblE,"Nyauli Banaima || BARISTHA BALARAM || Movie Official Song 2025 || Bijay Baral, Samriddhi Aryal",done,2026-05-29 06:55:39.728272,2026-05-29 06:58:03.070002
clip_101,130.5,133.75,3.25,46,1,1,2026-05-29 08:49:11.851664,6528b3303a544ff78a48dd18700c3110,https://youtu.be/49l3WFQe0Q4?si=cVRJAnQ4WykDH7x0,49l3WFQe0Q4,"PHOOL HOINA - ""ROSE"" Movie Song || Pradeep Khadka, Miruna Magar || Pratap Das, Prabisha Adhikari",done,2026-05-29 08:45:55.072146,2026-05-29 08:49:11.862036
clip_102,141.08,145.72,4.64,46,1,1,2026-05-29 09:02:36.398179,5f0a8b344e87489ca96671a3dd5d261f,https://youtu.be/-Rzp19Fpmuc?si=IgZa5B5wozjP-uWT,-Rzp19Fpmuc,Budho Bhaiyo - The Firantee | Nepali Song | Official Music Video 2025,done,2026-05-29 09:00:46.698706,2026-05-29 09:02:36.404148
clip_103,58.72,64.52,5.8,27,1,1,2026-05-29 09:01:36.246944,df1eae5bd6314ec6ae6370f004030270,https://youtu.be/kJTgA-aBwZA?si=3pLRs5uuf41bpAec,kJTgA-aBwZA,Wangden Sherpa & @Sushant_Ghimire  - Jun Na Heri [Official Video] ft. Roneeshma Shrestha,done,2026-05-29 08:59:02.838366,2026-05-29 09:01:36.254631
clip_104,64.0,69.0,5.0,24,1,1,2026-05-29 06:57:23.795773,c1de4cfe6dc444bf9cddf68587d07eff,https://youtu.be/a7SrELch4_I?si=2BVtTBRBTeaWMQf2,a7SrELch4_I,Ekdev Limbu - Chameli [Official Music Video],done,2026-05-29 06:55:12.860827,2026-05-29 06:57:23.813093
clip_105,74.458,78.208,3.75,17,1,1,2026-05-29 09:27:40.203733,0ad31694a712418a834f4b7f760061be,https://youtu.be/zsTjVCaOWw8?si=68kRjEzaXQnOX7B3,zsTjVCaOWw8,Bhagyamaani - The Hulaki | Official Music Video |  भाग्यमानी,done,2026-05-29 09:25:42.493333,2026-05-29 09:27:40.212021
clip_106,179.958,188.083,8.125,52,1,1,2026-05-29 10:12:54.758361,fab4b0ef729943609f60470721f6e5bd,https://youtu.be/EhLOksRnCU0?si=TZgxmsKDLw7CMZVZ,EhLOksRnCU0,"Phool Pati Bhakera || Superhit Song || Nepali Movie BHAROSA Song || Shree Krishna, Dilip, Arunima",done,2026-05-29 10:10:43.244964,2026-05-29 10:12:54.763171
clip_107,65.0,68.72,3.72,20,1,1,2026-05-29 09:02:36.398179,5f0a8b344e87489ca96671a3dd5d261f,https://youtu.be/-Rzp19Fpmuc?si=IgZa5B5wozjP-uWT,-Rzp19Fpmuc,Budho Bhaiyo - The Firantee | Nepali Song | Official Music Video 2025,done,2026-05-29 09:00:46.698706,2026-05-29 09:02:36.404148
clip_108,33.533,37.829,4.296,21,1,1,2026-05-29 10:14:56.927022,29a14be8303c43f7b3066519f4c3ea68,https://youtu.be/90F3yetBUbo?si=QNSy647NAYBVFD0Z,90F3yetBUbo,"Simple Simple Kanchhi Ko | ANDAJ Nepali Movie Official Song | Rekha Thapa, Jiban Luitel | Dipak",done,2026-05-29 10:12:45.846745,2026-05-29 10:14:56.935688
clip_109,62.292,72.292,10.0,23,1,1,2026-05-29 06:58:03.063561,3975d5e40caa4ec781024cc2f8974f48,https://youtu.be/jWOsgaebblE?si=1Ik9cjilLT1RUba8,jWOsgaebblE,"Nyauli Banaima || BARISTHA BALARAM || Movie Official Song 2025 || Bijay Baral, Samriddhi Aryal",done,2026-05-29 06:55:39.728272,2026-05-29 06:58:03.070002
clip_110,149.458,153.708,4.25,39,1,1,2026-05-29 06:57:49.097964,cb6b6e644578411aa9d553d2f3a8f28d,https://youtu.be/EApB0e646Nk?si=mPyPNZHTRZxuc6ox,EApB0e646Nk,"DOKO BUNNE (Official Song) | KUMARI Movie | Keher Limbu | Abishek Khadka, Aakriti Rajbhandari",done,2026-05-29 06:55:58.881431,2026-05-29 06:57:49.107040
clip_111,115.167,118.417,3.25,29,1,1,2026-05-29 09:27:40.203733,0ad31694a712418a834f4b7f760061be,https://youtu.be/zsTjVCaOWw8?si=68kRjEzaXQnOX7B3,zsTjVCaOWw8,Bhagyamaani - The Hulaki | Official Music Video |  भाग्यमानी,done,2026-05-29 09:25:42.493333,2026-05-29 09:27:40.212021
clip_112,66.875,71.042,4.167,4,1,1,2026-05-29 08:43:25.361223,6d92a53026f34a778c5b9c734a72d2d6,https://youtu.be/JqZ7Owwt2Cw?si=3I1hY2iO4oZdrEHi,JqZ7Owwt2Cw,Kafle [काफ्ले] Movie Song [ऊनको स्वीटर] Jhuma Limbu | Sujan Chapagain | In Cinemas Baisakh 26/May 09,done,2026-05-29 08:41:14.025993,2026-05-29 08:43:25.373321
clip_113,157.333,160.458,3.125,88,1,1,2026-05-29 10:19:55.508307,5e7eeee8c77747c09605771e55076128,https://youtu.be/5_PvN3RHFb8?si=lC__nt8WBxhzT1Es,5_PvN3RHFb8,SARAK SARAK - D1 ft @Shadowgmusic-Thachani x NAMUNA x PIRTAM | Prod - @iczbeats OFFICIAL M/V,done,2026-05-29 10:16:22.350957,2026-05-29 10:19:55.513195
clip_114,47.917,52.292,4.375,10,1,1,2026-05-29 09:27:40.203733,0ad31694a712418a834f4b7f760061be,https://youtu.be/zsTjVCaOWw8?si=68kRjEzaXQnOX7B3,zsTjVCaOWw8,Bhagyamaani - The Hulaki | Official Music Video |  भाग्यमानी,done,2026-05-29 09:25:42.493333,2026-05-29 09:27:40.212021
clip_115,52.292,56.417,4.125,11,1,1,2026-05-29 09:27:40.203733,0ad31694a712418a834f4b7f760061be,https://youtu.be/zsTjVCaOWw8?si=68kRjEzaXQnOX7B3,zsTjVCaOWw8,Bhagyamaani - The Hulaki | Official Music Video |  भाग्यमानी,done,2026-05-29 09:25:42.493333,2026-05-29 09:27:40.212021
clip_116,33.116,37.162,4.046,14,1,1,2026-05-29 09:01:52.661556,f5245afc38514c1aaa51a75833b7b84d,https://youtu.be/2mjx95RGtxQ?si=yWggcqBAner5PUc-,2mjx95RGtxQ,"Kehar Sing Limbu - Sarara Sarara Official Music Video ft.Nimesh Thapa, Losina Shakya | Kehar& Lunga",done,2026-05-29 08:59:46.046935,2026-05-29 09:01:52.675391
clip_117,196.04,202.68,6.64,60,1,1,2026-05-29 09:02:36.398179,5f0a8b344e87489ca96671a3dd5d261f,https://youtu.be/-Rzp19Fpmuc?si=IgZa5B5wozjP-uWT,-Rzp19Fpmuc,Budho Bhaiyo - The Firantee | Nepali Song | Official Music Video 2025,done,2026-05-29 09:00:46.698706,2026-05-29 09:02:36.404148
clip_118,166.72,170.12,3.4,112,1,1,2026-05-29 10:15:23.402670,d3d0acae17f044f1a996b044c4029ed1,https://youtu.be/A0GOxBvHNNg?si=K9CfqGAJ315ICyWo,A0GOxBvHNNg,Man Magan – Deepak Bajracharya | New Nepali Song | Official Music Video,done,2026-05-29 10:12:25.806959,2026-05-29 10:15:23.407966
clip_119,13.625,18.208,4.583,6,1,1,2026-05-29 06:57:49.097436,cb6b6e644578411aa9d553d2f3a8f28d,https://youtu.be/EApB0e646Nk?si=mPyPNZHTRZxuc6ox,EApB0e646Nk,"DOKO BUNNE (Official Song) | KUMARI Movie | Keher Limbu | Abishek Khadka, Aakriti Rajbhandari",done,2026-05-29 06:55:58.881431,2026-05-29 06:57:49.107040
clip_120,125.083,128.083,3.0,44,1,1,2026-05-29 08:49:11.851664,6528b3303a544ff78a48dd18700c3110,https://youtu.be/49l3WFQe0Q4?si=cVRJAnQ4WykDH7x0,49l3WFQe0Q4,"PHOOL HOINA - ""ROSE"" Movie Song || Pradeep Khadka, Miruna Magar || Pratap Das, Prabisha Adhikari",done,2026-05-29 08:45:55.072146,2026-05-29 08:49:11.862036
clip_121,91.75,96.25,4.5,28,1,1,2026-05-29 06:57:49.097964,cb6b6e644578411aa9d553d2f3a8f28d,https://youtu.be/EApB0e646Nk?si=mPyPNZHTRZxuc6ox,EApB0e646Nk,"DOKO BUNNE (Official Song) | KUMARI Movie | Keher Limbu | Abishek Khadka, Aakriti Rajbhandari",done,2026-05-29 06:55:58.881431,2026-05-29 06:57:49.107040
clip_122,52.542,55.875,3.333,15,1,1,2026-05-29 08:49:11.851664,6528b3303a544ff78a48dd18700c3110,https://youtu.be/49l3WFQe0Q4?si=cVRJAnQ4WykDH7x0,49l3WFQe0Q4,"PHOOL HOINA - ""ROSE"" Movie Song || Pradeep Khadka, Miruna Magar || Pratap Das, Prabisha Adhikari",done,2026-05-29 08:45:55.072146,2026-05-29 08:49:11.862036
clip_123,246.208,249.417,3.208,154,1,1,2026-05-29 10:19:55.508307,5e7eeee8c77747c09605771e55076128,https://youtu.be/5_PvN3RHFb8?si=lC__nt8WBxhzT1Es,5_PvN3RHFb8,SARAK SARAK - D1 ft @Shadowgmusic-Thachani x NAMUNA x PIRTAM | Prod - @iczbeats OFFICIAL M/V,done,2026-05-29 10:16:22.350957,2026-05-29 10:19:55.513195
clip_124,199.449,203.203,3.754,94,1,1,2026-05-29 10:14:56.927022,29a14be8303c43f7b3066519f4c3ea68,https://youtu.be/90F3yetBUbo?si=QNSy647NAYBVFD0Z,90F3yetBUbo,"Simple Simple Kanchhi Ko | ANDAJ Nepali Movie Official Song | Rekha Thapa, Jiban Luitel | Dipak",done,2026-05-29 10:12:45.846745,2026-05-29 10:14:56.935688
clip_125,102.708,110.792,8.083,34,1,1,2026-05-29 10:12:54.758361,fab4b0ef729943609f60470721f6e5bd,https://youtu.be/EhLOksRnCU0?si=TZgxmsKDLw7CMZVZ,EhLOksRnCU0,"Phool Pati Bhakera || Superhit Song || Nepali Movie BHAROSA Song || Shree Krishna, Dilip, Arunima",done,2026-05-29 10:10:43.244964,2026-05-29 10:12:54.763171
clip_126,108.92,113.24,4.32,52,1,1,2026-05-29 09:01:36.247043,df1eae5bd6314ec6ae6370f004030270,https://youtu.be/kJTgA-aBwZA?si=3pLRs5uuf41bpAec,kJTgA-aBwZA,Wangden Sherpa & @Sushant_Ghimire  - Jun Na Heri [Official Video] ft. Roneeshma Shrestha,done,2026-05-29 08:59:02.838366,2026-05-29 09:01:36.254631
clip_127,85.083,90.042,4.958,32,1,1,2026-05-29 06:57:23.795773,c1de4cfe6dc444bf9cddf68587d07eff,https://youtu.be/a7SrELch4_I?si=2BVtTBRBTeaWMQf2,a7SrELch4_I,Ekdev Limbu - Chameli [Official Music Video],done,2026-05-29 06:55:12.860827,2026-05-29 06:57:23.813093
clip_128,188.605,192.109,3.504,74,1,1,2026-05-29 09:01:52.668669,f5245afc38514c1aaa51a75833b7b84d,https://youtu.be/2mjx95RGtxQ?si=yWggcqBAner5PUc-,2mjx95RGtxQ,"Kehar Sing Limbu - Sarara Sarara Official Music Video ft.Nimesh Thapa, Losina Shakya | Kehar& Lunga",done,2026-05-29 08:59:46.046935,2026-05-29 09:01:52.675391
clip_129,120.167,126.958,6.792,31,1,1,2026-05-29 09:27:40.203733,0ad31694a712418a834f4b7f760061be,https://youtu.be/zsTjVCaOWw8?si=68kRjEzaXQnOX7B3,zsTjVCaOWw8,Bhagyamaani - The Hulaki | Official Music Video |  भाग्यमानी,done,2026-05-29 09:25:42.493333,2026-05-29 09:27:40.212021
clip_130,127.917,135.75,7.833,35,1,1,2026-05-29 06:57:49.097964,cb6b6e644578411aa9d553d2f3a8f28d,https://youtu.be/EApB0e646Nk?si=mPyPNZHTRZxuc6ox,EApB0e646Nk,"DOKO BUNNE (Official Song) | KUMARI Movie | Keher Limbu | Abishek Khadka, Aakriti Rajbhandari",done,2026-05-29 06:55:58.881431,2026-05-29 06:57:49.107040
clip_131,116.167,122.5,6.333,11,1,1,2026-05-29 08:43:25.361223,6d92a53026f34a778c5b9c734a72d2d6,https://youtu.be/JqZ7Owwt2Cw?si=3I1hY2iO4oZdrEHi,JqZ7Owwt2Cw,Kafle [काफ्ले] Movie Song [ऊनको स्वीटर] Jhuma Limbu | Sujan Chapagain | In Cinemas Baisakh 26/May 09,done,2026-05-29 08:41:14.025993,2026-05-29 08:43:25.373321
clip_132,184.167,187.833,3.667,47,1,1,2026-05-29 06:57:49.097964,cb6b6e644578411aa9d553d2f3a8f28d,https://youtu.be/EApB0e646Nk?si=mPyPNZHTRZxuc6ox,EApB0e646Nk,"DOKO BUNNE (Official Song) | KUMARI Movie | Keher Limbu | Abishek Khadka, Aakriti Rajbhandari",done,2026-05-29 06:55:58.881431,2026-05-29 06:57:49.107040
clip_133,63.208,66.833,3.625,17,1,1,2026-05-29 06:57:49.097964,cb6b6e644578411aa9d553d2f3a8f28d,https://youtu.be/EApB0e646Nk?si=mPyPNZHTRZxuc6ox,EApB0e646Nk,"DOKO BUNNE (Official Song) | KUMARI Movie | Keher Limbu | Abishek Khadka, Aakriti Rajbhandari",done,2026-05-29 06:55:58.881431,2026-05-29 06:57:49.107040
clip_134,91.875,97.292,5.417,24,1,1,2026-05-29 09:27:40.203733,0ad31694a712418a834f4b7f760061be,https://youtu.be/zsTjVCaOWw8?si=68kRjEzaXQnOX7B3,zsTjVCaOWw8,Bhagyamaani - The Hulaki | Official Music Video |  भाग्यमानी,done,2026-05-29 09:25:42.493333,2026-05-29 09:27:40.212021
clip_135,5.458,10.125,4.667,2,1,1,2026-05-29 10:10:06.718441,1d01140843214331abf02b8313e7c460,https://youtu.be/1Iyc2wNHpLs?si=WUCsWJvYwhYZXUnQ,1Iyc2wNHpLs,"Chari Ko Ghar Gudaima Bhaye (HD) - Nepali Movie HAMI TEEN BHAI Song || Rajesh Hamal, Rekha Thapa",done,2026-05-29 10:03:17.472258,2026-05-29 10:10:06.725432
clip_136,73.5,79.208,5.708,22,1,1,2026-05-29 06:57:49.097964,cb6b6e644578411aa9d553d2f3a8f28d,https://youtu.be/EApB0e646Nk?si=mPyPNZHTRZxuc6ox,EApB0e646Nk,"DOKO BUNNE (Official Song) | KUMARI Movie | Keher Limbu | Abishek Khadka, Aakriti Rajbhandari",done,2026-05-29 06:55:58.881431,2026-05-29 06:57:49.107040
clip_137,0.0,5.917,5.917,0,1,1,2026-05-29 06:57:23.795773,c1de4cfe6dc444bf9cddf68587d07eff,https://youtu.be/a7SrELch4_I?si=2BVtTBRBTeaWMQf2,a7SrELch4_I,Ekdev Limbu - Chameli [Official Music Video],done,2026-05-29 06:55:12.860827,2026-05-29 06:57:23.813093
clip_138,105.667,110.0,4.333,51,1,1,2026-05-29 10:19:55.508307,5e7eeee8c77747c09605771e55076128,https://youtu.be/5_PvN3RHFb8?si=lC__nt8WBxhzT1Es,5_PvN3RHFb8,SARAK SARAK - D1 ft @Shadowgmusic-Thachani x NAMUNA x PIRTAM | Prod - @iczbeats OFFICIAL M/V,done,2026-05-29 10:16:22.350957,2026-05-29 10:19:55.513195
clip_139,174.25,177.5,3.25,83,1,1,2026-05-29 06:57:23.795773,c1de4cfe6dc444bf9cddf68587d07eff,https://youtu.be/a7SrELch4_I?si=2BVtTBRBTeaWMQf2,a7SrELch4_I,Ekdev Limbu - Chameli [Official Music Video],done,2026-05-29 06:55:12.860827,2026-05-29 06:57:23.813093
clip_140,134.75,139.667,4.917,40,1,1,2026-05-29 06:58:03.064109,3975d5e40caa4ec781024cc2f8974f48,https://youtu.be/jWOsgaebblE?si=1Ik9cjilLT1RUba8,jWOsgaebblE,"Nyauli Banaima || BARISTHA BALARAM || Movie Official Song 2025 || Bijay Baral, Samriddhi Aryal",done,2026-05-29 06:55:39.728272,2026-05-29 06:58:03.070002
clip_141,43.125,46.125,3.0,11,1,1,2026-05-29 08:48:04.633695,5aa8d52aaa864b1db52372343f8de3ce,https://youtu.be/p7wDS1VV3n4?si=2nH1sAIu8tzbl1Yv,p7wDS1VV3n4,"RUKUM MAIKOT - New Nepali Movie khusma Song 2024 | Ft. Dhiraj Magar, Upasana Singh Thakuri",done,2026-05-29 08:42:48.330387,2026-05-29 08:48:04.649851
clip_142,208.0,215.333,7.333,57,1,1,2026-05-29 06:58:03.064109,3975d5e40caa4ec781024cc2f8974f48,https://youtu.be/jWOsgaebblE?si=1Ik9cjilLT1RUba8,jWOsgaebblE,"Nyauli Banaima || BARISTHA BALARAM || Movie Official Song 2025 || Bijay Baral, Samriddhi Aryal",done,2026-05-29 06:55:39.728272,2026-05-29 06:58:03.070002
clip_143,70.417,75.458,5.042,22,1,1,2026-05-29 08:49:11.851664,6528b3303a544ff78a48dd18700c3110,https://youtu.be/49l3WFQe0Q4?si=cVRJAnQ4WykDH7x0,49l3WFQe0Q4,"PHOOL HOINA - ""ROSE"" Movie Song || Pradeep Khadka, Miruna Magar || Pratap Das, Prabisha Adhikari",done,2026-05-29 08:45:55.072146,2026-05-29 08:49:11.862036
clip_144,81.583,84.958,3.375,24,1,1,2026-05-29 06:57:49.097964,cb6b6e644578411aa9d553d2f3a8f28d,https://youtu.be/EApB0e646Nk?si=mPyPNZHTRZxuc6ox,EApB0e646Nk,"DOKO BUNNE (Official Song) | KUMARI Movie | Keher Limbu | Abishek Khadka, Aakriti Rajbhandari",done,2026-05-29 06:55:58.881431,2026-05-29 06:57:49.107040
clip_145,165.708,169.792,4.083,94,1,1,2026-05-29 10:19:55.508307,5e7eeee8c77747c09605771e55076128,https://youtu.be/5_PvN3RHFb8?si=lC__nt8WBxhzT1Es,5_PvN3RHFb8,SARAK SARAK - D1 ft @Shadowgmusic-Thachani x NAMUNA x PIRTAM | Prod - @iczbeats OFFICIAL M/V,done,2026-05-29 10:16:22.350957,2026-05-29 10:19:55.513195
clip_146,58.875,62.042,3.167,15,1,1,2026-05-29 06:57:49.097964,cb6b6e644578411aa9d553d2f3a8f28d,https://youtu.be/EApB0e646Nk?si=mPyPNZHTRZxuc6ox,EApB0e646Nk,"DOKO BUNNE (Official Song) | KUMARI Movie | Keher Limbu | Abishek Khadka, Aakriti Rajbhandari",done,2026-05-29 06:55:58.881431,2026-05-29 06:57:49.107040
clip_147,100.583,105.708,5.125,26,1,1,2026-05-29 09:27:40.203733,0ad31694a712418a834f4b7f760061be,https://youtu.be/zsTjVCaOWw8?si=68kRjEzaXQnOX7B3,zsTjVCaOWw8,Bhagyamaani - The Hulaki | Official Music Video |  भाग्यमानी,done,2026-05-29 09:25:42.493333,2026-05-29 09:27:40.212021
clip_148,49.667,54.25,4.583,13,1,1,2026-05-29 06:57:49.097436,cb6b6e644578411aa9d553d2f3a8f28d,https://youtu.be/EApB0e646Nk?si=mPyPNZHTRZxuc6ox,EApB0e646Nk,"DOKO BUNNE (Official Song) | KUMARI Movie | Keher Limbu | Abishek Khadka, Aakriti Rajbhandari",done,2026-05-29 06:55:58.881431,2026-05-29 06:57:49.107040
clip_149,116.199,119.369,3.17,39,1,1,2026-05-29 09:01:52.661556,f5245afc38514c1aaa51a75833b7b84d,https://youtu.be/2mjx95RGtxQ?si=yWggcqBAner5PUc-,2mjx95RGtxQ,"Kehar Sing Limbu - Sarara Sarara Official Music Video ft.Nimesh Thapa, Losina Shakya | Kehar& Lunga",done,2026-05-29 08:59:46.046935,2026-05-29 09:01:52.675391
clip_150,70.542,74.458,3.917,16,1,1,2026-05-29 09:27:40.203733,0ad31694a712418a834f4b7f760061be,https://youtu.be/zsTjVCaOWw8?si=68kRjEzaXQnOX7B3,zsTjVCaOWw8,Bhagyamaani - The Hulaki | Official Music Video |  भाग्यमानी,done,2026-05-29 09:25:42.493333,2026-05-29 09:27:40.212021
clip_151,36.5,41.833,5.333,10,1,1,2026-05-29 06:57:49.097436,cb6b6e644578411aa9d553d2f3a8f28d,https://youtu.be/EApB0e646Nk?si=mPyPNZHTRZxuc6ox,EApB0e646Nk,"DOKO BUNNE (Official Song) | KUMARI Movie | Keher Limbu | Abishek Khadka, Aakriti Rajbhandari",done,2026-05-29 06:55:58.881431,2026-05-29 06:57:49.107040
clip_152,188.083,191.167,3.083,53,1,1,2026-05-29 10:12:54.758361,fab4b0ef729943609f60470721f6e5bd,https://youtu.be/EhLOksRnCU0?si=TZgxmsKDLw7CMZVZ,EhLOksRnCU0,"Phool Pati Bhakera || Superhit Song || Nepali Movie BHAROSA Song || Shree Krishna, Dilip, Arunima",done,2026-05-29 10:10:43.244964,2026-05-29 10:12:54.763171
clip_153,20.84,27.36,6.52,6,1,1,2026-05-29 08:44:04.087424,de79efe7d9734056b1305ea7cf253771,https://youtu.be/HAcLoqZO-Z0?si=gJN6bPj55VOf03x6,HAcLoqZO-Z0,Sushant KC - Bardali ft. Indrakala Rai (Official Music Video),done,2026-05-29 08:40:50.888193,2026-05-29 08:44:04.097547
clip_154,106.208,109.958,3.75,32,1,1,2026-05-29 08:48:04.634205,5aa8d52aaa864b1db52372343f8de3ce,https://youtu.be/p7wDS1VV3n4?si=2nH1sAIu8tzbl1Yv,p7wDS1VV3n4,"RUKUM MAIKOT - New Nepali Movie khusma Song 2024 | Ft. Dhiraj Magar, Upasana Singh Thakuri",done,2026-05-29 08:42:48.330387,2026-05-29 08:48:04.649851
clip_155,189.208,198.958,9.75,54,1,1,2026-05-29 06:58:03.064109,3975d5e40caa4ec781024cc2f8974f48,https://youtu.be/jWOsgaebblE?si=1Ik9cjilLT1RUba8,jWOsgaebblE,"Nyauli Banaima || BARISTHA BALARAM || Movie Official Song 2025 || Bijay Baral, Samriddhi Aryal",done,2026-05-29 06:55:39.728272,2026-05-29 06:58:03.070002
clip_156,69.458,74.917,5.458,24,1,1,2026-05-29 10:12:54.758361,fab4b0ef729943609f60470721f6e5bd,https://youtu.be/EhLOksRnCU0?si=TZgxmsKDLw7CMZVZ,EhLOksRnCU0,"Phool Pati Bhakera || Superhit Song || Nepali Movie BHAROSA Song || Shree Krishna, Dilip, Arunima",done,2026-05-29 10:10:43.244964,2026-05-29 10:12:54.763171
clip_157,104.56,109.12,4.56,30,1,1,2026-05-29 10:19:12.829202,25fe750a1bb849a0b6d928387418f5aa,https://youtu.be/cCxjAMIB0-k?si=JIx-gx4Y9BvmLqVT,cCxjAMIB0-k,Parkhaima - Raju Lama (Mongolian Heart) | Official Video | Iconic Nepali Pop Song | Music Nepal,done,2026-05-29 10:16:09.590108,2026-05-29 10:19:12.836263
clip_158,42.292,46.292,4.0,14,1,1,2026-05-29 10:10:06.718441,1d01140843214331abf02b8313e7c460,https://youtu.be/1Iyc2wNHpLs?si=WUCsWJvYwhYZXUnQ,1Iyc2wNHpLs,"Chari Ko Ghar Gudaima Bhaye (HD) - Nepali Movie HAMI TEEN BHAI Song || Rajesh Hamal, Rekha Thapa",done,2026-05-29 10:03:17.472258,2026-05-29 10:10:06.725432
clip_159,29.083,32.167,3.083,7,1,1,2026-05-29 08:49:11.851664,6528b3303a544ff78a48dd18700c3110,https://youtu.be/49l3WFQe0Q4?si=cVRJAnQ4WykDH7x0,49l3WFQe0Q4,"PHOOL HOINA - ""ROSE"" Movie Song || Pradeep Khadka, Miruna Magar || Pratap Das, Prabisha Adhikari",done,2026-05-29 08:45:55.072146,2026-05-29 08:49:11.862036
clip_160,9.88,15.56,5.68,2,1,1,2026-05-29 08:44:04.087424,de79efe7d9734056b1305ea7cf253771,https://youtu.be/HAcLoqZO-Z0?si=gJN6bPj55VOf03x6,HAcLoqZO-Z0,Sushant KC - Bardali ft. Indrakala Rai (Official Music Video),done,2026-05-29 08:40:50.888193,2026-05-29 08:44:04.097547
clip_161,105.708,109.208,3.5,27,1,1,2026-05-29 09:27:40.203733,0ad31694a712418a834f4b7f760061be,https://youtu.be/zsTjVCaOWw8?si=68kRjEzaXQnOX7B3,zsTjVCaOWw8,Bhagyamaani - The Hulaki | Official Music Video |  भाग्यमानी,done,2026-05-29 09:25:42.493333,2026-05-29 09:27:40.212021
clip_162,63.981,72.364,8.383,24,1,1,2026-05-29 09:01:52.661556,f5245afc38514c1aaa51a75833b7b84d,https://youtu.be/2mjx95RGtxQ?si=yWggcqBAner5PUc-,2mjx95RGtxQ,"Kehar Sing Limbu - Sarara Sarara Official Music Video ft.Nimesh Thapa, Losina Shakya | Kehar& Lunga",done,2026-05-29 08:59:46.046935,2026-05-29 09:01:52.675391
clip_163,59.042,62.083,3.042,13,1,1,2026-05-29 09:27:40.203733,0ad31694a712418a834f4b7f760061be,https://youtu.be/zsTjVCaOWw8?si=68kRjEzaXQnOX7B3,zsTjVCaOWw8,Bhagyamaani - The Hulaki | Official Music Video |  भाग्यमानी,done,2026-05-29 09:25:42.493333,2026-05-29 09:27:40.212021
clip_164,107.042,110.083,3.042,38,1,1,2026-05-29 08:49:11.851664,6528b3303a544ff78a48dd18700c3110,https://youtu.be/49l3WFQe0Q4?si=cVRJAnQ4WykDH7x0,49l3WFQe0Q4,"PHOOL HOINA - ""ROSE"" Movie Song || Pradeep Khadka, Miruna Magar || Pratap Das, Prabisha Adhikari",done,2026-05-29 08:45:55.072146,2026-05-29 08:49:11.862036
clip_165,184.375,187.5,3.125,90,1,1,2026-05-29 06:57:23.795773,c1de4cfe6dc444bf9cddf68587d07eff,https://youtu.be/a7SrELch4_I?si=2BVtTBRBTeaWMQf2,a7SrELch4_I,Ekdev Limbu - Chameli [Official Music Video],done,2026-05-29 06:55:12.860827,2026-05-29 06:57:23.813093
clip_166,54.417,58.583,4.167,16,1,1,2026-05-29 08:48:04.633695,5aa8d52aaa864b1db52372343f8de3ce,https://youtu.be/p7wDS1VV3n4?si=2nH1sAIu8tzbl1Yv,p7wDS1VV3n4,"RUKUM MAIKOT - New Nepali Movie khusma Song 2024 | Ft. Dhiraj Magar, Upasana Singh Thakuri",done,2026-05-29 08:42:48.330387,2026-05-29 08:48:04.649851
clip_167,122.375,127.917,5.542,34,1,1,2026-05-29 06:57:49.097964,cb6b6e644578411aa9d553d2f3a8f28d,https://youtu.be/EApB0e646Nk?si=mPyPNZHTRZxuc6ox,EApB0e646Nk,"DOKO BUNNE (Official Song) | KUMARI Movie | Keher Limbu | Abishek Khadka, Aakriti Rajbhandari",done,2026-05-29 06:55:58.881431,2026-05-29 06:57:49.107040
clip_168,102.458,108.917,6.458,28,1,1,2026-05-29 06:58:03.063561,3975d5e40caa4ec781024cc2f8974f48,https://youtu.be/jWOsgaebblE?si=1Ik9cjilLT1RUba8,jWOsgaebblE,"Nyauli Banaima || BARISTHA BALARAM || Movie Official Song 2025 || Bijay Baral, Samriddhi Aryal",done,2026-05-29 06:55:39.728272,2026-05-29 06:58:03.070002
clip_169,54.25,58.875,4.625,14,1,1,2026-05-29 06:57:49.097964,cb6b6e644578411aa9d553d2f3a8f28d,https://youtu.be/EApB0e646Nk?si=mPyPNZHTRZxuc6ox,EApB0e646Nk,"DOKO BUNNE (Official Song) | KUMARI Movie | Keher Limbu | Abishek Khadka, Aakriti Rajbhandari",done,2026-05-29 06:55:58.881431,2026-05-29 06:57:49.107040
clip_170,100.542,104.208,3.667,50,1,1,2026-05-29 10:10:42.650632,1c604be1b72948b0962a1362b627cbaa,https://youtu.be/XVCf-FI3-kE?si=n3uXxsuHyggxshjZ,XVCf-FI3-kE,"""मन साईली"" Man Saili - Prashant Tamang | Keki Adhikari | Official Music Video | Nepali Song",done,2026-05-29 10:09:53.799448,2026-05-29 10:10:42.657546
clip_171,223.473,227.936,4.463,107,1,1,2026-05-29 10:14:56.927022,29a14be8303c43f7b3066519f4c3ea68,https://youtu.be/90F3yetBUbo?si=QNSy647NAYBVFD0Z,90F3yetBUbo,"Simple Simple Kanchhi Ko | ANDAJ Nepali Movie Official Song | Rekha Thapa, Jiban Luitel | Dipak",done,2026-05-29 10:12:45.846745,2026-05-29 10:14:56.935688
clip_172,45.8,55.8,10.0,25,1,1,2026-05-29 09:01:36.246944,df1eae5bd6314ec6ae6370f004030270,https://youtu.be/kJTgA-aBwZA?si=3pLRs5uuf41bpAec,kJTgA-aBwZA,Wangden Sherpa & @Sushant_Ghimire  - Jun Na Heri [Official Video] ft. Roneeshma Shrestha,done,2026-05-29 08:59:02.838366,2026-05-29 09:01:36.254631
clip_173,189.167,196.5,7.333,23,1,1,2026-05-29 08:43:25.361223,6d92a53026f34a778c5b9c734a72d2d6,https://youtu.be/JqZ7Owwt2Cw?si=3I1hY2iO4oZdrEHi,JqZ7Owwt2Cw,Kafle [काफ्ले] Movie Song [ऊनको स्वीटर] Jhuma Limbu | Sujan Chapagain | In Cinemas Baisakh 26/May 09,done,2026-05-29 08:41:14.025993,2026-05-29 08:43:25.373321
clip_174,170.042,174.292,4.25,19,1,1,2026-05-29 08:43:25.361223,6d92a53026f34a778c5b9c734a72d2d6,https://youtu.be/JqZ7Owwt2Cw?si=3I1hY2iO4oZdrEHi,JqZ7Owwt2Cw,Kafle [काफ्ले] Movie Song [ऊनको स्वीटर] Jhuma Limbu | Sujan Chapagain | In Cinemas Baisakh 26/May 09,done,2026-05-29 08:41:14.025993,2026-05-29 08:43:25.373321
clip_175,261.417,267.625,6.208,71,1,1,2026-05-29 08:48:04.634205,5aa8d52aaa864b1db52372343f8de3ce,https://youtu.be/p7wDS1VV3n4?si=2nH1sAIu8tzbl1Yv,p7wDS1VV3n4,"RUKUM MAIKOT - New Nepali Movie khusma Song 2024 | Ft. Dhiraj Magar, Upasana Singh Thakuri",done,2026-05-29 08:42:48.330387,2026-05-29 08:48:04.649851
clip_176,168.667,173.292,4.625,49,1,1,2026-05-29 06:58:03.064109,3975d5e40caa4ec781024cc2f8974f48,https://youtu.be/jWOsgaebblE?si=1Ik9cjilLT1RUba8,jWOsgaebblE,"Nyauli Banaima || BARISTHA BALARAM || Movie Official Song 2025 || Bijay Baral, Samriddhi Aryal",done,2026-05-29 06:55:39.728272,2026-05-29 06:58:03.070002
clip_177,153.708,157.917,4.208,40,1,1,2026-05-29 06:57:49.097964,cb6b6e644578411aa9d553d2f3a8f28d,https://youtu.be/EApB0e646Nk?si=mPyPNZHTRZxuc6ox,EApB0e646Nk,"DOKO BUNNE (Official Song) | KUMARI Movie | Keher Limbu | Abishek Khadka, Aakriti Rajbhandari",done,2026-05-29 06:55:58.881431,2026-05-29 06:57:49.107040
clip_178,298.167,301.292,3.125,79,1,1,2026-05-29 08:48:04.634205,5aa8d52aaa864b1db52372343f8de3ce,https://youtu.be/p7wDS1VV3n4?si=2nH1sAIu8tzbl1Yv,p7wDS1VV3n4,"RUKUM MAIKOT - New Nepali Movie khusma Song 2024 | Ft. Dhiraj Magar, Upasana Singh Thakuri",done,2026-05-29 08:42:48.330387,2026-05-29 08:48:04.649851
clip_179,167.918,171.254,3.337,84,1,1,2026-05-29 10:14:56.927022,29a14be8303c43f7b3066519f4c3ea68,https://youtu.be/90F3yetBUbo?si=QNSy647NAYBVFD0Z,90F3yetBUbo,"Simple Simple Kanchhi Ko | ANDAJ Nepali Movie Official Song | Rekha Thapa, Jiban Luitel | Dipak",done,2026-05-29 10:12:45.846745,2026-05-29 10:14:56.935688
clip_180,42.6,46.56,3.96,21,1,1,2026-05-29 10:19:03.523608,5c59b3cb33d14cdb9ca87fd1b3dcdb66,https://youtu.be/0DHzlmoixtM?si=L4qah35V9Dtn7sHH,0DHzlmoixtM,B-8EIGHT - Maichyang (Official Music Video) Prod by Roman Bajracharya,done,2026-05-29 10:15:53.995422,2026-05-29 10:19:03.534504
clip_181,174.292,177.958,3.667,20,1,1,2026-05-29 08:43:25.361223,6d92a53026f34a778c5b9c734a72d2d6,https://youtu.be/JqZ7Owwt2Cw?si=3I1hY2iO4oZdrEHi,JqZ7Owwt2Cw,Kafle [काफ्ले] Movie Song [ऊनको स्वीटर] Jhuma Limbu | Sujan Chapagain | In Cinemas Baisakh 26/May 09,done,2026-05-29 08:41:14.025993,2026-05-29 08:43:25.373321
clip_182,82.083,92.083,10.0,8,1,1,2026-05-29 08:43:25.361223,6d92a53026f34a778c5b9c734a72d2d6,https://youtu.be/JqZ7Owwt2Cw?si=3I1hY2iO4oZdrEHi,JqZ7Owwt2Cw,Kafle [काफ्ले] Movie Song [ऊनको स्वीटर] Jhuma Limbu | Sujan Chapagain | In Cinemas Baisakh 26/May 09,done,2026-05-29 08:41:14.025993,2026-05-29 08:43:25.373321
clip_183,110.0,114.083,4.083,52,1,1,2026-05-29 10:19:55.508307,5e7eeee8c77747c09605771e55076128,https://youtu.be/5_PvN3RHFb8?si=lC__nt8WBxhzT1Es,5_PvN3RHFb8,SARAK SARAK - D1 ft @Shadowgmusic-Thachani x NAMUNA x PIRTAM | Prod - @iczbeats OFFICIAL M/V,done,2026-05-29 10:16:22.350957,2026-05-29 10:19:55.513195
clip_184,80.583,90.292,9.708,29,1,1,2026-05-29 10:12:54.758361,fab4b0ef729943609f60470721f6e5bd,https://youtu.be/EhLOksRnCU0?si=TZgxmsKDLw7CMZVZ,EhLOksRnCU0,"Phool Pati Bhakera || Superhit Song || Nepali Movie BHAROSA Song || Shree Krishna, Dilip, Arunima",done,2026-05-29 10:10:43.244964,2026-05-29 10:12:54.763171
clip_185,111.375,116.167,4.792,10,1,1,2026-05-29 08:43:25.361223,6d92a53026f34a778c5b9c734a72d2d6,https://youtu.be/JqZ7Owwt2Cw?si=3I1hY2iO4oZdrEHi,JqZ7Owwt2Cw,Kafle [काफ्ले] Movie Song [ऊनको स्वीटर] Jhuma Limbu | Sujan Chapagain | In Cinemas Baisakh 26/May 09,done,2026-05-29 08:41:14.025993,2026-05-29 08:43:25.373321
clip_186,144.353,148.815,4.463,59,1,1,2026-05-29 09:01:52.661556,f5245afc38514c1aaa51a75833b7b84d,https://youtu.be/2mjx95RGtxQ?si=yWggcqBAner5PUc-,2mjx95RGtxQ,"Kehar Sing Limbu - Sarara Sarara Official Music Video ft.Nimesh Thapa, Losina Shakya | Kehar& Lunga",done,2026-05-29 08:59:46.046935,2026-05-29 09:01:52.675391
clip_187,63.833,69.458,5.625,23,1,1,2026-05-29 10:12:54.758361,fab4b0ef729943609f60470721f6e5bd,https://youtu.be/EhLOksRnCU0?si=TZgxmsKDLw7CMZVZ,EhLOksRnCU0,"Phool Pati Bhakera || Superhit Song || Nepali Movie BHAROSA Song || Shree Krishna, Dilip, Arunima",done,2026-05-29 10:10:43.244964,2026-05-29 10:12:54.763171
clip_188,204.083,209.458,5.375,50,1,1,2026-05-29 06:57:49.097964,cb6b6e644578411aa9d553d2f3a8f28d,https://youtu.be/EApB0e646Nk?si=mPyPNZHTRZxuc6ox,EApB0e646Nk,"DOKO BUNNE (Official Song) | KUMARI Movie | Keher Limbu | Abishek Khadka, Aakriti Rajbhandari",done,2026-05-29 06:55:58.881431,2026-05-29 06:57:49.107040
clip_189,76.28,80.24,3.96,56,1,1,2026-05-29 10:15:23.402670,d3d0acae17f044f1a996b044c4029ed1,https://youtu.be/A0GOxBvHNNg?si=K9CfqGAJ315ICyWo,A0GOxBvHNNg,Man Magan – Deepak Bajracharya | New Nepali Song | Official Music Video,done,2026-05-29 10:12:25.806959,2026-05-29 10:15:23.407966
clip_190,194.083,197.083,3.0,70,1,1,2026-05-29 08:49:11.852194,6528b3303a544ff78a48dd18700c3110,https://youtu.be/49l3WFQe0Q4?si=cVRJAnQ4WykDH7x0,49l3WFQe0Q4,"PHOOL HOINA - ""ROSE"" Movie Song || Pradeep Khadka, Miruna Magar || Pratap Das, Prabisha Adhikari",done,2026-05-29 08:45:55.072146,2026-05-29 08:49:11.862036
clip_191,115.667,119.292,3.625,54,1,1,2026-05-29 10:19:55.508307,5e7eeee8c77747c09605771e55076128,https://youtu.be/5_PvN3RHFb8?si=lC__nt8WBxhzT1Es,5_PvN3RHFb8,SARAK SARAK - D1 ft @Shadowgmusic-Thachani x NAMUNA x PIRTAM | Prod - @iczbeats OFFICIAL M/V,done,2026-05-29 10:16:22.350957,2026-05-29 10:19:55.513195
clip_192,139.667,144.375,4.708,41,1,1,2026-05-29 06:58:03.064109,3975d5e40caa4ec781024cc2f8974f48,https://youtu.be/jWOsgaebblE?si=1Ik9cjilLT1RUba8,jWOsgaebblE,"Nyauli Banaima || BARISTHA BALARAM || Movie Official Song 2025 || Bijay Baral, Samriddhi Aryal",done,2026-05-29 06:55:39.728272,2026-05-29 06:58:03.070002
clip_193,197.072,200.117,3.045,76,1,1,2026-05-29 09:01:52.668731,f5245afc38514c1aaa51a75833b7b84d,https://youtu.be/2mjx95RGtxQ?si=yWggcqBAner5PUc-,2mjx95RGtxQ,"Kehar Sing Limbu - Sarara Sarara Official Music Video ft.Nimesh Thapa, Losina Shakya | Kehar& Lunga",done,2026-05-29 08:59:46.046935,2026-05-29 09:01:52.675391
clip_194,205.333,208.792,3.458,101,1,1,2026-05-29 06:57:23.795773,c1de4cfe6dc444bf9cddf68587d07eff,https://youtu.be/a7SrELch4_I?si=2BVtTBRBTeaWMQf2,a7SrELch4_I,Ekdev Limbu - Chameli [Official Music Video],done,2026-05-29 06:55:12.860827,2026-05-29 06:57:23.813093
clip_195,42.0,45.462,3.462,16,1,1,2026-05-29 09:01:52.661556,f5245afc38514c1aaa51a75833b7b84d,https://youtu.be/2mjx95RGtxQ?si=yWggcqBAner5PUc-,2mjx95RGtxQ,"Kehar Sing Limbu - Sarara Sarara Official Music Video ft.Nimesh Thapa, Losina Shakya | Kehar& Lunga",done,2026-05-29 08:59:46.046935,2026-05-29 09:01:52.675391
clip_196,179.625,184.167,4.542,46,1,1,2026-05-29 06:57:49.097964,cb6b6e644578411aa9d553d2f3a8f28d,https://youtu.be/EApB0e646Nk?si=mPyPNZHTRZxuc6ox,EApB0e646Nk,"DOKO BUNNE (Official Song) | KUMARI Movie | Keher Limbu | Abishek Khadka, Aakriti Rajbhandari",done,2026-05-29 06:55:58.881431,2026-05-29 06:57:49.107040
clip_197,65.2,68.76,3.56,32,1,1,2026-05-29 10:19:03.523608,5c59b3cb33d14cdb9ca87fd1b3dcdb66,https://youtu.be/0DHzlmoixtM?si=L4qah35V9Dtn7sHH,0DHzlmoixtM,B-8EIGHT - Maichyang (Official Music Video) Prod by Roman Bajracharya,done,2026-05-29 10:15:53.995422,2026-05-29 10:19:03.534504
clip_198,158.958,162.0,3.042,76,1,1,2026-05-29 08:49:49.913356,1d131081f3894ac2abe84ef9fdbb3fc0,https://youtu.be/xIZISD1JqoQ?si=5kODx8JowIw-JVIp,xIZISD1JqoQ,Sailo Ma Charghare『Official Music Video』- Bishwo Dong || Ft. Alisha Rai | Bijay Dong | Sushil Waiba,done,2026-05-29 08:45:36.372401,2026-05-29 08:49:49.919132
clip_199,242.375,246.208,3.833,153,1,1,2026-05-29 10:19:55.508307,5e7eeee8c77747c09605771e55076128,https://youtu.be/5_PvN3RHFb8?si=lC__nt8WBxhzT1Es,5_PvN3RHFb8,SARAK SARAK - D1 ft @Shadowgmusic-Thachani x NAMUNA x PIRTAM | Prod - @iczbeats OFFICIAL M/V,done,2026-05-29 10:16:22.350957,2026-05-29 10:19:55.513195
clip_200,31.72,35.8,4.08,16,1,1,2026-05-29 10:19:03.523608,5c59b3cb33d14cdb9ca87fd1b3dcdb66,https://youtu.be/0DHzlmoixtM?si=L4qah35V9Dtn7sHH,0DHzlmoixtM,B-8EIGHT - Maichyang (Official Music Video) Prod by Roman Bajracharya,done,2026-05-29 10:15:53.995422,2026-05-29 10:19:03.534504
clip_201,150.417,154.958,4.542,70,1,1,2026-05-29 06:57:23.795773,c1de4cfe6dc444bf9cddf68587d07eff,https://youtu.be/a7SrELch4_I?si=2BVtTBRBTeaWMQf2,a7SrELch4_I,Ekdev Limbu - Chameli [Official Music Video],done,2026-05-29 06:55:12.860827,2026-05-29 06:57:23.813093
clip_202,208.792,214.792,6.0,102,1,1,2026-05-29 06:57:23.795773,c1de4cfe6dc444bf9cddf68587d07eff,https://youtu.be/a7SrELch4_I?si=2BVtTBRBTeaWMQf2,a7SrELch4_I,Ekdev Limbu - Chameli [Official Music Video],done,2026-05-29 06:55:12.860827,2026-05-29 06:57:23.813093
clip_203,16.167,26.167,10.0,2,1,1,2026-05-29 10:16:17.687713,566424dd77e840919b0bd4df8e1b70fc,https://youtu.be/eGPJjtvXAiM?si=o3xaQIQ95Nh2avXt,eGPJjtvXAiM,"Kehi Kadam - Full Video Song | Nepali Movie BATO MUNIKO PHOOL 2 Song | Yash Kumar, Jaljala Pariyar",done,2026-05-29 10:14:28.430664,2026-05-29 10:16:17.693539
clip_204,103.061,107.441,4.379,34,1,1,2026-05-29 09:01:52.661556,f5245afc38514c1aaa51a75833b7b84d,https://youtu.be/2mjx95RGtxQ?si=yWggcqBAner5PUc-,2mjx95RGtxQ,"Kehar Sing Limbu - Sarara Sarara Official Music Video ft.Nimesh Thapa, Losina Shakya | Kehar& Lunga",done,2026-05-29 08:59:46.046935,2026-05-29 09:01:52.675391
clip_205,58.208,62.292,4.083,22,1,1,2026-05-29 06:58:03.063561,3975d5e40caa4ec781024cc2f8974f48,https://youtu.be/jWOsgaebblE?si=1Ik9cjilLT1RUba8,jWOsgaebblE,"Nyauli Banaima || BARISTHA BALARAM || Movie Official Song 2025 || Bijay Baral, Samriddhi Aryal",done,2026-05-29 06:55:39.728272,2026-05-29 06:58:03.070002
clip_206,230.417,234.875,4.458,63,1,1,2026-05-29 06:58:03.064109,3975d5e40caa4ec781024cc2f8974f48,https://youtu.be/jWOsgaebblE?si=1Ik9cjilLT1RUba8,jWOsgaebblE,"Nyauli Banaima || BARISTHA BALARAM || Movie Official Song 2025 || Bijay Baral, Samriddhi Aryal",done,2026-05-29 06:55:39.728272,2026-05-29 06:58:03.070002
clip_207,113.75,119.0,5.25,37,1,1,2026-05-29 10:12:54.758361,fab4b0ef729943609f60470721f6e5bd,https://youtu.be/EhLOksRnCU0?si=TZgxmsKDLw7CMZVZ,EhLOksRnCU0,"Phool Pati Bhakera || Superhit Song || Nepali Movie BHAROSA Song || Shree Krishna, Dilip, Arunima",done,2026-05-29 10:10:43.244964,2026-05-29 10:12:54.763171
clip_208,154.24,162.12,7.88,75,1,1,2026-05-29 09:01:36.247043,df1eae5bd6314ec6ae6370f004030270,https://youtu.be/kJTgA-aBwZA?si=3pLRs5uuf41bpAec,kJTgA-aBwZA,Wangden Sherpa & @Sushant_Ghimire  - Jun Na Heri [Official Video] ft. Roneeshma Shrestha,done,2026-05-29 08:59:02.838366,2026-05-29 09:01:36.254631
clip_209,61.167,64.625,3.458,18,1,1,2026-05-29 08:49:11.851664,6528b3303a544ff78a48dd18700c3110,https://youtu.be/49l3WFQe0Q4?si=cVRJAnQ4WykDH7x0,49l3WFQe0Q4,"PHOOL HOINA - ""ROSE"" Movie Song || Pradeep Khadka, Miruna Magar || Pratap Das, Prabisha Adhikari",done,2026-05-29 08:45:55.072146,2026-05-29 08:49:11.862036
clip_210,49.32,53.6,4.28,43,1,1,2026-05-29 10:15:23.402670,d3d0acae17f044f1a996b044c4029ed1,https://youtu.be/A0GOxBvHNNg?si=K9CfqGAJ315ICyWo,A0GOxBvHNNg,Man Magan – Deepak Bajracharya | New Nepali Song | Official Music Video,done,2026-05-29 10:12:25.806959,2026-05-29 10:15:23.407966
clip_211,78.125,88.125,10.0,24,1,1,2026-05-29 06:58:03.063561,3975d5e40caa4ec781024cc2f8974f48,https://youtu.be/jWOsgaebblE?si=1Ik9cjilLT1RUba8,jWOsgaebblE,"Nyauli Banaima || BARISTHA BALARAM || Movie Official Song 2025 || Bijay Baral, Samriddhi Aryal",done,2026-05-29 06:55:39.728272,2026-05-29 06:58:03.070002
clip_212,120.64,124.68,4.04,83,1,1,2026-05-29 08:44:13.577517,3edc450bdb984b66b13d4bfba4b314cd,https://youtu.be/Po6u6iT4YnU?si=nFxAcgSA0OwKGRnp,Po6u6iT4YnU,Sushant KC - Pahuna (Official Music Video),done,2026-05-29 08:41:45.171768,2026-05-29 08:44:13.581994
clip_213,144.375,149.208,4.833,42,1,1,2026-05-29 06:58:03.064109,3975d5e40caa4ec781024cc2f8974f48,https://youtu.be/jWOsgaebblE?si=1Ik9cjilLT1RUba8,jWOsgaebblE,"Nyauli Banaima || BARISTHA BALARAM || Movie Official Song 2025 || Bijay Baral, Samriddhi Aryal",done,2026-05-29 06:55:39.728272,2026-05-29 06:58:03.070002
clip_214,198.958,205.125,6.167,55,1,1,2026-05-29 06:58:03.064109,3975d5e40caa4ec781024cc2f8974f48,https://youtu.be/jWOsgaebblE?si=1Ik9cjilLT1RUba8,jWOsgaebblE,"Nyauli Banaima || BARISTHA BALARAM || Movie Official Song 2025 || Bijay Baral, Samriddhi Aryal",done,2026-05-29 06:55:39.728272,2026-05-29 06:58:03.070002
clip_215,18.208,27.208,9.0,7,1,1,2026-05-29 06:57:49.097436,cb6b6e644578411aa9d553d2f3a8f28d,https://youtu.be/EApB0e646Nk?si=mPyPNZHTRZxuc6ox,EApB0e646Nk,"DOKO BUNNE (Official Song) | KUMARI Movie | Keher Limbu | Abishek Khadka, Aakriti Rajbhandari",done,2026-05-29 06:55:58.881431,2026-05-29 06:57:49.107040
clip_216,12.88,16.2,3.32,5,1,1,2026-05-29 10:19:03.523608,5c59b3cb33d14cdb9ca87fd1b3dcdb66,https://youtu.be/0DHzlmoixtM?si=L4qah35V9Dtn7sHH,0DHzlmoixtM,B-8EIGHT - Maichyang (Official Music Video) Prod by Roman Bajracharya,done,2026-05-29 10:15:53.995422,2026-05-29 10:19:03.534504
clip_217,165.12,168.92,3.8,78,1,1,2026-05-29 09:01:36.247043,df1eae5bd6314ec6ae6370f004030270,https://youtu.be/kJTgA-aBwZA?si=3pLRs5uuf41bpAec,kJTgA-aBwZA,Wangden Sherpa & @Sushant_Ghimire  - Jun Na Heri [Official Video] ft. Roneeshma Shrestha,done,2026-05-29 08:59:02.838366,2026-05-29 09:01:36.254631
clip_218,171.463,174.841,3.378,65,1,1,2026-05-29 09:01:52.661556,f5245afc38514c1aaa51a75833b7b84d,https://youtu.be/2mjx95RGtxQ?si=yWggcqBAner5PUc-,2mjx95RGtxQ,"Kehar Sing Limbu - Sarara Sarara Official Music Video ft.Nimesh Thapa, Losina Shakya | Kehar& Lunga",done,2026-05-29 08:59:46.046935,2026-05-29 09:01:52.675391
clip_219,187.833,197.833,10.0,48,1,1,2026-05-29 06:57:49.097964,cb6b6e644578411aa9d553d2f3a8f28d,https://youtu.be/EApB0e646Nk?si=mPyPNZHTRZxuc6ox,EApB0e646Nk,"DOKO BUNNE (Official Song) | KUMARI Movie | Keher Limbu | Abishek Khadka, Aakriti Rajbhandari",done,2026-05-29 06:55:58.881431,2026-05-29 06:57:49.107040
clip_220,29.0,33.208,4.208,5,1,1,2026-05-29 09:27:40.203733,0ad31694a712418a834f4b7f760061be,https://youtu.be/zsTjVCaOWw8?si=68kRjEzaXQnOX7B3,zsTjVCaOWw8,Bhagyamaani - The Hulaki | Official Music Video |  भाग्यमानी,done,2026-05-29 09:25:42.493333,2026-05-29 09:27:40.212021
clip_221,74.875,79.125,4.25,6,1,1,2026-05-29 08:43:25.361223,6d92a53026f34a778c5b9c734a72d2d6,https://youtu.be/JqZ7Owwt2Cw?si=3I1hY2iO4oZdrEHi,JqZ7Owwt2Cw,Kafle [काफ्ले] Movie Song [ऊनको स्वीटर] Jhuma Limbu | Sujan Chapagain | In Cinemas Baisakh 26/May 09,done,2026-05-29 08:41:14.025993,2026-05-29 08:43:25.373321
clip_222,232.983,237.904,4.922,111,1,1,2026-05-29 10:14:56.927022,29a14be8303c43f7b3066519f4c3ea68,https://youtu.be/90F3yetBUbo?si=QNSy647NAYBVFD0Z,90F3yetBUbo,"Simple Simple Kanchhi Ko | ANDAJ Nepali Movie Official Song | Rekha Thapa, Jiban Luitel | Dipak",done,2026-05-29 10:12:45.846745,2026-05-29 10:14:56.935688
clip_223,182.88,187.92,5.04,71,1,1,2026-05-29 08:44:04.087424,de79efe7d9734056b1305ea7cf253771,https://youtu.be/HAcLoqZO-Z0?si=gJN6bPj55VOf03x6,HAcLoqZO-Z0,Sushant KC - Bardali ft. Indrakala Rai (Official Music Video),done,2026-05-29 08:40:50.888193,2026-05-29 08:44:04.097547
clip_224,8.125,13.333,5.208,2,1,1,2026-05-29 06:57:23.795773,c1de4cfe6dc444bf9cddf68587d07eff,https://youtu.be/a7SrELch4_I?si=2BVtTBRBTeaWMQf2,a7SrELch4_I,Ekdev Limbu - Chameli [Official Music Video],done,2026-05-29 06:55:12.860827,2026-05-29 06:57:23.813093
clip_225,38.5,44.375,5.875,8,1,1,2026-05-29 09:27:40.203733,0ad31694a712418a834f4b7f760061be,https://youtu.be/zsTjVCaOWw8?si=68kRjEzaXQnOX7B3,zsTjVCaOWw8,Bhagyamaani - The Hulaki | Official Music Video |  भाग्यमानी,done,2026-05-29 09:25:42.493333,2026-05-29 09:27:40.212021
clip_226,10.75,13.917,3.167,2,1,1,2026-05-29 08:49:41.258855,07bd6c36438d43c0a5a9eb776aff070d,https://youtu.be/fcBKV-B8iA8?si=AsiujWUigM8dr5rk,fcBKV-B8iA8,ST MAN - KALI KALI FT. YUNG 22 & BIG NORZZA ( OFFICAL MUSIC VIDEO ),done,2026-05-29 08:45:00.037734,2026-05-29 08:49:41.268335
clip_227,77.958,81.792,3.833,29,1,1,2026-05-29 06:57:23.795773,c1de4cfe6dc444bf9cddf68587d07eff,https://youtu.be/a7SrELch4_I?si=2BVtTBRBTeaWMQf2,a7SrELch4_I,Ekdev Limbu - Chameli [Official Music Video],done,2026-05-29 06:55:12.860827,2026-05-29 06:57:23.813093
clip_228,23.667,29.0,5.333,4,1,1,2026-05-29 09:27:40.203733,0ad31694a712418a834f4b7f760061be,https://youtu.be/zsTjVCaOWw8?si=68kRjEzaXQnOX7B3,zsTjVCaOWw8,Bhagyamaani - The Hulaki | Official Music Video |  भाग्यमानी,done,2026-05-29 09:25:42.493333,2026-05-29 09:27:40.212021
clip_229,241.042,244.917,3.875,120,1,1,2026-05-29 08:49:49.913356,1d131081f3894ac2abe84ef9fdbb3fc0,https://youtu.be/xIZISD1JqoQ?si=5kODx8JowIw-JVIp,xIZISD1JqoQ,Sailo Ma Charghare『Official Music Video』- Bishwo Dong || Ft. Alisha Rai | Bijay Dong | Sushil Waiba,done,2026-05-29 08:45:36.372401,2026-05-29 08:49:49.919132
clip_230,172.64,178.0,5.36,83,1,1,2026-05-29 10:19:03.523608,5c59b3cb33d14cdb9ca87fd1b3dcdb66,https://youtu.be/0DHzlmoixtM?si=L4qah35V9Dtn7sHH,0DHzlmoixtM,B-8EIGHT - Maichyang (Official Music Video) Prod by Roman Bajracharya,done,2026-05-29 10:15:53.995422,2026-05-29 10:19:03.534504
clip_231,145.625,153.792,8.167,44,1,1,2026-05-29 08:48:04.634205,5aa8d52aaa864b1db52372343f8de3ce,https://youtu.be/p7wDS1VV3n4?si=2nH1sAIu8tzbl1Yv,p7wDS1VV3n4,"RUKUM MAIKOT - New Nepali Movie khusma Song 2024 | Ft. Dhiraj Magar, Upasana Singh Thakuri",done,2026-05-29 08:42:48.330387,2026-05-29 08:48:04.649851
clip_232,22.708,26.042,3.333,5,1,1,2026-05-29 08:49:11.851664,6528b3303a544ff78a48dd18700c3110,https://youtu.be/49l3WFQe0Q4?si=cVRJAnQ4WykDH7x0,49l3WFQe0Q4,"PHOOL HOINA - ""ROSE"" Movie Song || Pradeep Khadka, Miruna Magar || Pratap Das, Prabisha Adhikari",done,2026-05-29 08:45:55.072146,2026-05-29 08:49:11.862036
clip_233,29.792,39.792,10.0,2,1,1,2026-05-29 08:43:25.360716,6d92a53026f34a778c5b9c734a72d2d6,https://youtu.be/JqZ7Owwt2Cw?si=3I1hY2iO4oZdrEHi,JqZ7Owwt2Cw,Kafle [काफ्ले] Movie Song [ऊनको स्वीटर] Jhuma Limbu | Sujan Chapagain | In Cinemas Baisakh 26/May 09,done,2026-05-29 08:41:14.025993,2026-05-29 08:43:25.373321
clip_234,130.708,136.958,6.25,40,1,1,2026-05-29 08:48:04.634205,5aa8d52aaa864b1db52372343f8de3ce,https://youtu.be/p7wDS1VV3n4?si=2nH1sAIu8tzbl1Yv,p7wDS1VV3n4,"RUKUM MAIKOT - New Nepali Movie khusma Song 2024 | Ft. Dhiraj Magar, Upasana Singh Thakuri",done,2026-05-29 08:42:48.330387,2026-05-29 08:48:04.649851
clip_235,124.125,127.583,3.458,62,1,1,2026-05-29 10:10:42.650632,1c604be1b72948b0962a1362b627cbaa,https://youtu.be/XVCf-FI3-kE?si=n3uXxsuHyggxshjZ,XVCf-FI3-kE,"""मन साईली"" Man Saili - Prashant Tamang | Keki Adhikari | Official Music Video | Nepali Song",done,2026-05-29 10:09:53.799448,2026-05-29 10:10:42.657546
clip_236,26.042,29.083,3.042,6,1,1,2026-05-29 08:49:11.851664,6528b3303a544ff78a48dd18700c3110,https://youtu.be/49l3WFQe0Q4?si=cVRJAnQ4WykDH7x0,49l3WFQe0Q4,"PHOOL HOINA - ""ROSE"" Movie Song || Pradeep Khadka, Miruna Magar || Pratap Das, Prabisha Adhikari",done,2026-05-29 08:45:55.072146,2026-05-29 08:49:11.862036
clip_237,137.888,141.683,3.795,57,1,1,2026-05-29 09:01:52.661556,f5245afc38514c1aaa51a75833b7b84d,https://youtu.be/2mjx95RGtxQ?si=yWggcqBAner5PUc-,2mjx95RGtxQ,"Kehar Sing Limbu - Sarara Sarara Official Music Video ft.Nimesh Thapa, Losina Shakya | Kehar& Lunga",done,2026-05-29 08:59:46.046935,2026-05-29 09:01:52.675391
clip_238,133.375,136.375,3.0,34,1,1,2026-05-29 09:27:40.203733,0ad31694a712418a834f4b7f760061be,https://youtu.be/zsTjVCaOWw8?si=68kRjEzaXQnOX7B3,zsTjVCaOWw8,Bhagyamaani - The Hulaki | Official Music Video |  भाग्यमानी,done,2026-05-29 09:25:42.493333,2026-05-29 09:27:40.212021
clip_239,86.083,89.5,3.417,26,1,1,2026-05-29 06:57:49.097964,cb6b6e644578411aa9d553d2f3a8f28d,https://youtu.be/EApB0e646Nk?si=mPyPNZHTRZxuc6ox,EApB0e646Nk,"DOKO BUNNE (Official Song) | KUMARI Movie | Keher Limbu | Abishek Khadka, Aakriti Rajbhandari",done,2026-05-29 06:55:58.881431,2026-05-29 06:57:49.107040
clip_240,140.2,150.2,10.0,74,1,1,2026-05-29 10:19:03.523608,5c59b3cb33d14cdb9ca87fd1b3dcdb66,https://youtu.be/0DHzlmoixtM?si=L4qah35V9Dtn7sHH,0DHzlmoixtM,B-8EIGHT - Maichyang (Official Music Video) Prod by Roman Bajracharya,done,2026-05-29 10:15:53.995422,2026-05-29 10:19:03.534504
clip_241,110.542,115.875,5.333,31,1,1,2026-05-29 06:57:49.097964,cb6b6e644578411aa9d553d2f3a8f28d,https://youtu.be/EApB0e646Nk?si=mPyPNZHTRZxuc6ox,EApB0e646Nk,"DOKO BUNNE (Official Song) | KUMARI Movie | Keher Limbu | Abishek Khadka, Aakriti Rajbhandari",done,2026-05-29 06:55:58.881431,2026-05-29 06:57:49.107040
clip_242,36.958,46.25,9.292,14,1,1,2026-05-29 06:57:23.795773,c1de4cfe6dc444bf9cddf68587d07eff,https://youtu.be/a7SrELch4_I?si=2BVtTBRBTeaWMQf2,a7SrELch4_I,Ekdev Limbu - Chameli [Official Music Video],done,2026-05-29 06:55:12.860827,2026-05-29 06:57:23.813093
clip_243,246.25,250.375,4.125,68,1,1,2026-05-29 06:58:03.064109,3975d5e40caa4ec781024cc2f8974f48,https://youtu.be/jWOsgaebblE?si=1Ik9cjilLT1RUba8,jWOsgaebblE,"Nyauli Banaima || BARISTHA BALARAM || Movie Official Song 2025 || Bijay Baral, Samriddhi Aryal",done,2026-05-29 06:55:39.728272,2026-05-29 06:58:03.070002
clip_244,60.4,65.0,4.6,19,1,1,2026-05-29 09:02:36.398179,5f0a8b344e87489ca96671a3dd5d261f,https://youtu.be/-Rzp19Fpmuc?si=IgZa5B5wozjP-uWT,-Rzp19Fpmuc,Budho Bhaiyo - The Firantee | Nepali Song | Official Music Video 2025,done,2026-05-29 09:00:46.698706,2026-05-29 09:02:36.404148
clip_245,173.208,179.625,6.417,45,1,1,2026-05-29 06:57:49.097964,cb6b6e644578411aa9d553d2f3a8f28d,https://youtu.be/EApB0e646Nk?si=mPyPNZHTRZxuc6ox,EApB0e646Nk,"DOKO BUNNE (Official Song) | KUMARI Movie | Keher Limbu | Abishek Khadka, Aakriti Rajbhandari",done,2026-05-29 06:55:58.881431,2026-05-29 06:57:49.107040
clip_246,127.917,132.75,4.833,56,1,1,2026-05-29 06:57:23.795773,c1de4cfe6dc444bf9cddf68587d07eff,https://youtu.be/a7SrELch4_I?si=2BVtTBRBTeaWMQf2,a7SrELch4_I,Ekdev Limbu - Chameli [Official Music Video],done,2026-05-29 06:55:12.860827,2026-05-29 06:57:23.813093
clip_247,3.583,13.583,10.0,1,1,1,2026-05-29 10:12:54.758361,fab4b0ef729943609f60470721f6e5bd,https://youtu.be/EhLOksRnCU0?si=TZgxmsKDLw7CMZVZ,EhLOksRnCU0,"Phool Pati Bhakera || Superhit Song || Nepali Movie BHAROSA Song || Shree Krishna, Dilip, Arunima",done,2026-05-29 10:10:43.244964,2026-05-29 10:12:54.763171
clip_248,110.12,113.24,3.12,37,1,1,2026-05-29 09:02:36.398179,5f0a8b344e87489ca96671a3dd5d261f,https://youtu.be/-Rzp19Fpmuc?si=IgZa5B5wozjP-uWT,-Rzp19Fpmuc,Budho Bhaiyo - The Firantee | Nepali Song | Official Music Video 2025,done,2026-05-29 09:00:46.698706,2026-05-29 09:02:36.404148
clip_249,135.0,140.2,5.2,73,1,1,2026-05-29 10:19:03.523608,5c59b3cb33d14cdb9ca87fd1b3dcdb66,https://youtu.be/0DHzlmoixtM?si=L4qah35V9Dtn7sHH,0DHzlmoixtM,B-8EIGHT - Maichyang (Official Music Video) Prod by Roman Bajracharya,done,2026-05-29 10:15:53.995422,2026-05-29 10:19:03.534504
clip_250,62.042,65.75,3.708,30,1,1,2026-05-29 10:10:42.650632,1c604be1b72948b0962a1362b627cbaa,https://youtu.be/XVCf-FI3-kE?si=n3uXxsuHyggxshjZ,XVCf-FI3-kE,"""मन साईली"" Man Saili - Prashant Tamang | Keki Adhikari | Official Music Video | Nepali Song",done,2026-05-29 10:09:53.799448,2026-05-29 10:10:42.657546
clip_251,218.0,224.792,6.792,59,1,1,2026-05-29 06:58:03.064109,3975d5e40caa4ec781024cc2f8974f48,https://youtu.be/jWOsgaebblE?si=1Ik9cjilLT1RUba8,jWOsgaebblE,"Nyauli Banaima || BARISTHA BALARAM || Movie Official Song 2025 || Bijay Baral, Samriddhi Aryal",done,2026-05-29 06:55:39.728272,2026-05-29 06:58:03.070002
clip_252,272.208,282.208,10.0,165,1,1,2026-05-29 10:19:55.508307,5e7eeee8c77747c09605771e55076128,https://youtu.be/5_PvN3RHFb8?si=lC__nt8WBxhzT1Es,5_PvN3RHFb8,SARAK SARAK - D1 ft @Shadowgmusic-Thachani x NAMUNA x PIRTAM | Prod - @iczbeats OFFICIAL M/V,done,2026-05-29 10:16:22.350957,2026-05-29 10:19:55.513195
clip_253,37.958,41.0,3.042,10,1,1,2026-05-29 08:49:11.851664,6528b3303a544ff78a48dd18700c3110,https://youtu.be/49l3WFQe0Q4?si=cVRJAnQ4WykDH7x0,49l3WFQe0Q4,"PHOOL HOINA - ""ROSE"" Movie Song || Pradeep Khadka, Miruna Magar || Pratap Das, Prabisha Adhikari",done,2026-05-29 08:45:55.072146,2026-05-29 08:49:11.862036
clip_254,259.833,269.208,9.375,70,1,1,2026-05-29 06:58:03.064109,3975d5e40caa4ec781024cc2f8974f48,https://youtu.be/jWOsgaebblE?si=1Ik9cjilLT1RUba8,jWOsgaebblE,"Nyauli Banaima || BARISTHA BALARAM || Movie Official Song 2025 || Bijay Baral, Samriddhi Aryal",done,2026-05-29 06:55:39.728272,2026-05-29 06:58:03.070002
clip_255,173.292,177.917,4.625,50,1,1,2026-05-29 06:58:03.064109,3975d5e40caa4ec781024cc2f8974f48,https://youtu.be/jWOsgaebblE?si=1Ik9cjilLT1RUba8,jWOsgaebblE,"Nyauli Banaima || BARISTHA BALARAM || Movie Official Song 2025 || Bijay Baral, Samriddhi Aryal",done,2026-05-29 06:55:39.728272,2026-05-29 06:58:03.070002
clip_256,155.8,159.16,3.36,77,1,1,2026-05-29 10:19:03.523608,5c59b3cb33d14cdb9ca87fd1b3dcdb66,https://youtu.be/0DHzlmoixtM?si=L4qah35V9Dtn7sHH,0DHzlmoixtM,B-8EIGHT - Maichyang (Official Music Video) Prod by Roman Bajracharya,done,2026-05-29 10:15:53.995422,2026-05-29 10:19:03.534504
