clip_id,annotation_id,subject_english,action_english,background_object_english,note_english,submitted_at,user_id,task_id
clip_1,annotation_1,The supporting artists are behind the lead singer,"The boys have started dancing, hopping around",Yellow lights are glowing all around,,2026-06-02 07:48:30.042841,5,e4c30d8683214bc585b2f3f47dc1da67
clip_2,annotation_2,There are cows and sheep around the mountain,"A boy in a brown traditional outfit is herding the sheep, and a beautiful girl is enjoying the view","Blue sky, greenery all around, big trees, and beautiful weather",,2026-05-29 19:05:26.427999,5,0dbdb3d130b0447290c7b9bbf738a724
clip_3,annotation_3,The main artists (boy and girl) are sitting together in the middle,"The main couple is sitting in the middle, looking at each other and acting joyfully",Traditional utensils are visible on a large stone-built terrace-like platform,,2026-05-29 17:31:57.437105,5,ddd51d69854542b1ad0ec887a883fb56
clip_4,annotation_4,"A beautiful woman dressed in a pink saree, and in front of her a man wearing white attire with a red turban tied on his head","They are looking at each other, blushing, and smiling openly and warmly","In a dim nighttime backdrop, dancers in traditional Tharu attire holding burning oil lamps in their hands are circling around them, keeping them at the center",,2026-06-04 18:28:07.762581,6,ec0e2ac710ae4dfba696dcbc366e0ddc
clip_5,annotation_5,"The girl is wearing a modern lehenga-style dress in a sky blue and white combination. Around her are beautiful white and colorful flower plants, and a butterfly can also be seen","Sitting by a flower in the meadow, the girl tries to catch a butterfly perched on a white flower while lip-syncing to the song with dreamy expressions","Green hilly terrain, an open sky above, and faintly visible mountain villages and ridges on the side",,2026-06-12 12:43:39.342388,5,888ac2889a0e4fe8bd36dc2dcfe0105b
clip_6,annotation_6,A boy and a girl,Dancing while holding a handkerchief in hand,Lights and background dancers dancing,,2026-06-03 17:51:24.253684,7,1e803609bb014c3d8e5707d702b8f22a
clip_7,annotation_7,A girl,The girl is speaking,Mountain,,2026-06-04 12:04:33.411462,7,2264735f487a4a4a99029569fc9cb569
clip_8,annotation_8,A boy and a girl,Many people are dancing,There is a yellow wall and they are dancing,,2026-06-03 17:49:42.077454,7,ac04601d750c40e68ee8904b6a34db3c
clip_9,annotation_9,"A main young male character in a purple printed kurta with a waist belt, and on his right a main young female character wearing a choli, a light yellow fariya, and beads around her neck",The young man swinging his hips while the young woman dances playfully and energetically,"A green rural backdrop, with supporting dancers in red choli and deep yellow fariya wearing yellow beads around their necks",,2026-06-12 09:52:57.569079,6,12f4196a0dc247ccbfbca5046fcf12c8
clip_10,annotation_10,Girls are standing on the grass,The girls are dancing,There is a small stream beside the green grass and a jungle behind,,2026-05-29 08:42:57.874164,5,8bf35e5bbd1442af834ef86d227f3a19
clip_11,annotation_11,A young man,Leaning against the wall with his eyes closed,"Wall, outdoor environment",,2026-06-05 10:00:37.980933,4,cc11193ca09c45ec98dfc964256ef43e
clip_12,annotation_12,The main couple is sitting together in the middle,"The main couple is sitting close to each other, looking at each other and acting as if having a sweet, romantic conversation",There are brick-built areas all around where comfortable and colorful pillows are placed,,2026-06-02 07:57:51.072556,5,903c3d5484dd4561a28f418de2161d13
clip_13,annotation_13,"A girl wearing beautiful Newari attire: Haku Patasi (a black saree-like garment), Misa Laan / Cholo, with a red flower placed in her hair","Sitting on the open field and facing the camera, she is giving lots of expressions and dancing","In the first and last shots the background is very dim, while in the middle shots the full mountain terrain is visible - an open green field with a green hillside behind",,2026-06-12 07:52:32.992759,5,3716ca99b4834d8e9e3280e48f3f2851
clip_14,annotation_14,Camera,The girl is holding a camera,Grass trees and plants,,2026-05-30 05:11:18.296445,7,4e25feb682b242848d0845ed827426e1
clip_15,annotation_15,A dog sitting on a table,A boy drinking black tea in front of the shop while listening attentively,City street with many shops and hotels,,2026-06-04 18:08:23.254829,5,ec479b1f5b8e4d6cb97d251daba66813
clip_16,annotation_16,A boy and girl,A boy and girl dancing,There is a doko,,2026-06-04 12:43:07.690440,7,7bf62cc10d824e3c91e15e058bfed528
clip_17,annotation_17,One woman and one man wearing blue jeans and a white shirt,The woman is walking or dancing in front and the man is raising his hand gesturing to her,A closed gallery with wooden pillars and a floor made of bricks and concrete,,2026-06-12 10:30:11.018598,4,e11702c9ef18438aa77a05af001c5a0b
clip_18,annotation_18,One young man wearing a yellow shirt black pants and a khaki cap and a young woman wearing a modern dress of red and black colors are sitting on the ground,The woman is laughing and waving her hands in the air while the man sitting on the ground looks like he is trying to talk to her,The bank of a small pond with large green lotus leaves floating and a red roofed pagoda style temple and modern buildings,,2026-06-12 10:06:23.433035,6,f0d37437b5ed4354afa8864963865fba
clip_19,annotation_19,The girl is standing with a watering can in her hand wearing a sky blue modern dress and there are colorful flowers all around,The girl is watering the flowers while the boy stands watching,There are some greenery on the mountains behind and a settlement of people,,2026-06-12 12:55:55.191082,5,3a314e7eb7de4833be14ab6e39560d23
clip_20,annotation_20,A boy and girl,A boy and girl walking together,There is a jungle,,2026-06-03 18:04:30.836809,7,739c661b0a7349cf982b73aa76f9c6f0
clip_21,annotation_21,A boy and girl,The boy is holding the girl's hand,Mountain,,2026-06-04 12:08:40.694713,7,3b11768e9bd1499690d7ad5ff5bde397
clip_22,annotation_22,A person wearing patched clothes,picking up trash,A stony road a field of grass and shrubs and garbage,,2026-06-05 09:56:47.916995,4,a96a74e5aa7c469da2d579768fe9755e
clip_23,annotation_23,A girl standing by the pond,The girl took a photo with the camera,A pond near green grass,,2026-05-29 08:51:12.240291,5,115da308778342078b92e33cd83791cf
clip_24,annotation_24,People of the village wearing thick clothes,The people are walking forward greeting the elders of the village,In front of a small old house there is a steel drum and dry firewood kept for lighting a fire,,2026-06-04 17:53:11.342455,5,4b50d33cde8a4c12bd7337b56633d0c2
clip_25,annotation_25,A boy,The boy is dancing and looking at the girl,Dancers,,2026-06-03 17:58:15.739371,7,218627668f4e4cebb69dc71fcb2dca44
clip_26,annotation_26,Boys wearing Magar attire,Playing the damphu while singing in hand,Courtyard of the house,,2026-06-04 12:28:10.268799,5,c185f749ee534b2181bf37214359320b
clip_27,annotation_27,Earthenware pots traditionally made of clay on the mud floor,A boy is teasing and having fun with a girl who is wearing a nose pin,Traditional wooden and stone structures with a bamboo fence and a pumpkin vine hanging on them,,2026-05-29 18:12:09.512067,5,92c12f7319d240e0b8cbaab72860401d
clip_28,annotation_28,A man in a thick brown coat standing on top of a wooden house.,"A man hammers nails on the wooden roof. Distracted by a beautiful girl, he accidentally hits his own hand with the hammer.",It is very cold and foggy.,,2026-05-29 19:17:59.812272,5,752795ae36e94e56bee77050b4b8e2c4
clip_29,annotation_29,Some people are sitting on the porch of the house while others are standing,A boy and a girl dance with their hands on each other's chests,Maize and tuki straw hanging on the walls around the big courtyard,,2026-05-29 10:29:58.231441,5,ce37b6ce3a604fdb9aecac2875096b68
clip_30,annotation_30,People,People are eating,Cars are there,,2026-06-04 12:47:03.412126,7,b6a8b58064a04d069fc239f658697a10
clip_31,annotation_31,A man dressed in traditional Newari attire with a red scarf.,Singing and dancing.,"Women in Newari dress, men in dhaka topis playing the sarangi and madal, and bundles of straw.",,2026-06-12 11:13:39.223896,4,b5c1d0fa3503442f87517e8446a68db2
clip_32,annotation_32,A modern girl wearing short clothes,Dancing while facing the camera,Red bricks roofing covered above and supported by many white pillars,,2026-06-12 10:05:42.102747,5,75896b418e624dae9bad51b2df5b1f6e
clip_33,annotation_33,A boy and a girl,A boy and a girl dancing holding hands,A doko (basket) and background dancers are there,,2026-06-03 17:59:18.925621,7,138d029c3fe147ad9dc6f144364d1a0c
clip_34,annotation_34,"A beautiful girl wearing a cholo with blue flower print, green bangles on her wrists, a headband on her head and a kantha shawl around her neck",The heroine is sitting in front of the camera doing acting according to the mood of the song,"This video was shot inside an indoor studio set, where there is a very shiny and plain blue wall at the back.",,2026-06-12 07:26:12.030853,5,54bec2e16f624de98db02140ab79ccde
clip_35,annotation_35,"Old houses made of stone, mud, wood and tin",Saying goodbye while offering khada,Huge snowy mountains and tall mountains,,2026-06-04 17:57:36.750179,5,03b07804aa584acb974b194fc20f2fdd
clip_36,annotation_36,A boy wearing dark blue jeans and a white full-sleeves shirt standing on a cliff of the mountain,Seeing the beautiful scenery the boy spreads his arms and places them on his head,The tall green mountains look covered by fog,,2026-06-12 20:39:11.631672,5,c49755f06bf144afa6ea60653f53122c
clip_37,annotation_37,A young youth,A boy gulps a pack of alcohol and makes a face,A small drinking hall,,2026-06-04 18:25:36.470990,5,aaa38871ba824ede99223bb004f020ed
clip_38,annotation_38,A Nepali young man and woman,"Putting flowers on the head, laughing","Rain, sky",,2026-06-05 10:19:32.850678,4,015b9206d0f740f7b67b3ebc0885178f
clip_39,annotation_39,People busy preparing for some festival,People are seen dancing in a circle,Green grass seen on the field,,2026-06-02 15:35:34.849838,5,21509ef0339a4e0a874bac7cd08e8312
clip_40,annotation_40,Book,The boy is turning the pages of the book,Wall,,2026-05-30 05:20:51.815773,7,b591be5633954056922a7cb5e48bb346
clip_41,annotation_41,Boy,The boy is walking,Snow,,2026-06-04 12:12:12.254441,7,ecd2eacfea3545779f55e9dfba8a084a
clip_42,annotation_42,Tall mountains,The scene is changing,Clouds above the Himalaya,,2026-06-04 17:55:11.175011,5,cc2db378a1034e72b189d1e91af4a763
clip_43,annotation_43,"A youth wearing a blue shirt over a white shirt, with a headscarf tied around his head","A blue butterfly lands on the youth's hand, and the youth then blows it away softly from his mouth, making the butterfly fly off","A view shot from a high place. In the background, tall mountains and some people's settlements (houses) are visible on the hills",,2026-06-12 12:48:27.293903,5,559f396f34014cab8563db2e0cb32577
clip_44,annotation_44,A modern girl barefoot on a brick platform in front of a stupa,dancing,Behind is a white stupa. On the top and middle of the stupa there is a golden statue and a pinnacle. There are many stairs to climb the stupa.,,2026-06-12 10:09:29.157360,5,3f3ebc3638b142f2a6f782ff39b7de52
clip_45,annotation_45,Boys and girls wearing clothes of different colors,The boys and girls are dancing while waving their hands,In the background the pillars of the house decorated with yellow flowers,,2026-06-02 08:03:25.835580,5,f3a9a61cde034e16b8ce37caf4ab9a3b
clip_46,annotation_46,A girl in a green feka-colored saree looking very beautiful,"The girl is seen holding the boy's hand, pulling him, and both dancing together","In the background, a sayapatri garland hung as for Tihar, and a yellow lamp burning",,2026-06-02 07:53:15.614201,5,be34aac1f81c4db5bcfed6ec5c7e5058
clip_47,annotation_47,A square-shaped TV placed on a table and a girl in front of it,A girl sitting in front of that TV talking about the Gen-Z movement,A black wall,,2026-06-14 15:20:47.523304,1,0920ff34ef0d4c678c868571dd789b13
clip_48,annotation_48,"A girl wearing a green sleeveless top and a colorful, skirt-like casual modern dress. She is also wearing a beaded cultural necklace (mala).","The girl, standing near that fence and looking at the camera, laughing happily, fixing her hair, and shyly swaying to the rhythm of the song, is visible.","At night, many white round paper lanterns are seen glowing in front and behind.",,2026-06-12 13:04:44.544259,5,a9af1737a18b451dacd255eedbcc1f41
clip_49,annotation_49,"Many people wearing traditional Nepali attire (daura-suruwal, vest, dhaka topi, and gunyu-cholo)","People are seen carrying doko baskets, winnowing with supo, and arranging straw","The village's traditional look and houses made of stone and mud, doko baskets and corn hanging at the eaves, and green hills and cornfields visible in the upper part",,2026-05-29 16:25:57.153986,5,ece87d1bc4584417a8e7f2f48848afd0
clip_50,annotation_50,"A handsome boy wearing a shiny blue chuba, black pants, glasses, and a Kipat (traditional belt) tied around his waist",Energetically lip-syncing and dancing while touching his chest with his hand and gesturing toward the mountains,"The scene shows an old house made of stone and mud with its collapsed roof, where a few Buddhist flags are also hung. Behind, there are bare mountains and an open sky with white clouds.",,2026-06-12 16:18:48.523553,5,ebcecae8cca04c98af0bda562777066d
clip_51,annotation_51,"Three youths, one of whom in the front is holding a cigarette","One youth is rolling a cigarette, while the other youths stand beside him looking downward",An indoor party-like place with brick walls and colorful lights,,2026-07-11 05:10:56.296659,4,b4b018af507c45af8ed954951c671ab8
clip_52,annotation_52,one youth,eating,"door, rain",,2026-06-05 10:05:16.368539,4,f205d27f004f44488383dbb460ac4934
clip_53,annotation_53,a young man and two dogs,sitting with the dogs,"road, house, dogs",,2026-06-05 10:25:23.256387,4,1ce641cef5f74030bc6116ae3ef81ba4
clip_54,annotation_54,"A group of girls wearing cholo in black and gold, colorful printed guniu, yellow patuka at the waist, and blue and red shawls draped over their shoulders.","All the girls raise both hands up and sway their hips smoothly in time with the song's cheerful rhythm, dancing together as a group.",Some people can be seen standing in the background.,,2026-06-12 08:32:20.983321,5,9fe54b1c20c340b99273b529eb544aa5
clip_55,annotation_55,The boys are wearing blue and red poshak (costumes) while the girls are wearing colorful traditional guniu-cholo.,They are all lined up at the top of the stage and the male dancers are carrying their female co-performers on their backs.,"On top of a big stone stage, large traditional village houses with thatched roofs are visible, and in the middle a small temple of similar shape can be seen.",,2026-05-29 17:35:37.569105,5,909b80f5f6a24254870fa8d240d2c89b
clip_56,annotation_56,boys and girls,boys and girls are hugging,there is an ocean,,2026-06-04 12:06:32.802458,7,7d341e08553a4d668d8aa10243da5387
clip_57,annotation_57,many people wearing Nepali dress,"The girls and boys on the left and right are pounding rice in a mortar with a pestle, while the two in the middle are playfully teasing each other.",a doko (woven basket) can be seen hanging from the pillar of the traditional village house,,2026-05-29 16:33:54.422600,5,83cbf4185d8a44c6bef2c392e28c727d
clip_58,annotation_58,"A boy in a thick brown jacket, a muffler wrapped around his neck, and long hair.","As the girl says something to him, the boy signals 'no' by shaking his head.",A large moss-covered rock.,,2026-06-01 10:57:59.181652,5,b1f2b780aedb42b7bbd0a26b120f41d0
clip_59,annotation_59,The girl is wearing a red saree and blouse while the boy is wearing a coat and trousers,The two of them were giving a romantic pose in the middle of the mustard field while shooting,The scene looks very tempting as yellow mustard flowers have bloomed all around,,2026-06-12 07:16:53.211031,5,df7ab18d65194eedb6011fbbb0f2464e
clip_60,annotation_60,a young woman wearing a modern dress can be seen standing at the top of the stairs,she is dancing with her arms spread out,There is an open courtyard of a monastery-like artistic building where a white marble staircase adorned with a lion statue and railing can be seen,,2026-06-12 10:19:49.062137,6,ba29b2c191b24be2809a455d2b9c7827
clip_61,annotation_61,a Nepali young man and woman,"moving around, looking","corn stalks, a pipal tree, the sky, a river",,2026-06-05 10:15:53.566844,4,1e608179ef9f49288a5c3b58706359d5
clip_62,annotation_62,"A beautiful girl with a red tika, earrings, kohl-lined eyes, a red cholo, and braided hair.",Holding a red rhododendron flower in her hand while wearing a very sad expression.,"The background is blurred and not much is visible, but a cart road winding through the hills can be seen.",,2026-06-12 08:09:19.040622,5,fc56054b98014c9fa61625e39a8e8d35
clip_63,annotation_63,a doko (woven basket),dancing while placing it on the head,family members sitting,,2026-05-30 05:15:32.858460,7,6785e7a43c3d44b0a713edaa3280b0e6
clip_64,annotation_64,one woman and one man,dancing,"house, sky covered with blue clouds",,2026-06-12 10:41:50.399737,4,9556bb7b962c41b0a6fb986b4f9acd55
clip_65,annotation_65,a few people inside the hotel,asking the hotel owner/manager for a glass of local alcohol,a small hotel where table and fridge can be seen,,2026-06-04 18:20:28.937807,5,339ce26468804678a1148851adc57ac3
clip_66,annotation_66,a woman with loose black hair wearing a modern outfit,dancing while smiling,"the white structure of the Lumbini World Peace Pagoda, and right behind it a golden upright Buddha statue carved with Buddhist script",,2026-06-12 10:13:50.704754,6,fbebf9e86d884102a5b1c79b1ea18adc
clip_67,annotation_67,people,a boy looking at a girl and laughing,there are baskets,,2026-06-03 17:57:25.086977,7,2ccd2a57d0304bc3b29fadcee9e5028c
clip_68,annotation_68,a young man,"jumping, running","a cloudy sky at night time with the moon visible, rain",,2026-06-05 10:23:20.274325,4,b9f867f35f89472f9817093c5b150c1d
clip_69,annotation_69,A beautiful girl wearing a red sari and large earrings.,"On seeing the beautiful girl, the boy is filled with joy.","Yellow lights glow in the background, as during the Tihar festival.",,2026-06-02 07:43:39.997981,5,dc68860759c94412afd807ca911f491c
clip_70,annotation_70,a young man,"eating, holding the roots","a door, tree roots",,2026-06-05 10:06:02.660841,4,7b00d3d656584c35ac169d9eaf7dcaf6
clip_71,annotation_71,some people sitting in front of their house and a boy and girl seen on the road,a boy in a red coat shaking a khada while the girl in a blue blouse and red saree fixes her hair,the door of the red mud house is closed,,2026-05-29 09:58:23.389104,5,558f951ab73c4557a428512cf20b6514
clip_72,annotation_72,a girl in a red saree and a boy with blue hair and a sunflower ornament in his ear,the boy playing the damphu,the mustard in the mustard field has bloomed,,2026-06-04 12:20:15.567323,5,44e562c9a5d143ad8368ca4af17e3272
clip_73,annotation_73,"a boy wearing a blue half jacket, full sleeves, pants and shoes",dancing happily in his own mood without caring about others,a house built of bricks with many wooden beams,,2026-06-04 18:17:54.954970,5,ecd8f42bb2f041978df6c5e52c314a22
clip_74,annotation_74,"a small scooter, a white dog and a young boy",riding the scooter happily with the dog kept in the scooter's basket,a small street of the city,,2026-06-04 18:28:56.316849,5,d5db109f91b8431393bf57c2b67f6f88
clip_75,annotation_75,boy and girl,boys and girls dancing,background dancer,,2026-06-04 12:42:24.480576,7,718c94e093b6442d8af952e8f583bc85
clip_76,annotation_76,people in thick clothes and worn dark heavy boots at the edge of a pond,one boy and girl seen walking near the edge of the pond carrying a machete and the girl washing her hands in the pond after placing the machete down,a pond in front of big tall green trees,,2026-06-01 11:04:51.921678,5,dbb3b56b7ed64023ad5e6df92e6503dd
clip_77,annotation_77,the actor and actress are shown in the frame in a casual modern look,the actress is enjoying seeing a dove flying while the actor is walking up from behind,the background looks like a big market place where clothes are kept for sale,,2026-06-12 08:03:55.187696,5,3a921fe18ce24c5cb6c3e4a22fc0ee00
clip_78,annotation_78,"a young man with long hair, a red shirt and blue jeans below.","a young man meditating on a big rock, looking toward the village below, singing a song emotionally",all around large green mountains and at the foot small houses like a small village visible,,2026-06-12 20:44:28.027794,5,cc4130450f7147d8a679219c2862fb65
clip_79,annotation_79,A brown-colored chair placed on a dry grass field,A girl wearing kurta-suruwal walking,Colorful flags hung around the trees,,2026-06-04 12:22:29.296873,5,2ec9b3257f62401bb79417944cb80e40
clip_80,annotation_80,Wearing a shiny western outfit,A beautiful girl turning back with her hair flowing,A car in front of a blue-colored backdrop,,2026-06-04 12:44:48.555932,5,f282c35ef161461a855c1a31834e83e1
clip_81,annotation_81,A woman and a man,dancing,"a red-colored house, blue sky",,2026-06-12 10:42:39.876429,4,2aef93b517184554b0d3464d16bcec7f
clip_82,annotation_82,A Nepali youth wearing torn clothes,lying down,a small boy in underwear doing the sweeping,,2026-06-05 09:52:16.252067,4,7521076996534aaaa3e12a55244ef4d4
clip_83,annotation_83,A young man,eating,"a room, clothes hung",,2026-06-05 10:29:08.060291,4,539330cdfefc4ba9b2b374dd02051a46
clip_84,annotation_84,"The girls wore black-golden cholo, a colorful printed guniu, a yellow patuka, and a blue/red cultural shawl, while the boys wore well-pressed modern print outer/shirt and white trousers","All the boys and girls, standing in a line, happily raising their hands up and swinging their waists and having fun",Everyone dancing in the courtyard in front of some old house or temple,,2026-06-12 09:35:44.467116,5,76a44c24010c4d23a5a17479f2289e00
clip_85,annotation_85,Boys wearing Magar attire sitting with bent knees in the courtyard,singing songs while playing the dhamphu and madal,A big courtyard in front of a traditional house,,2026-06-04 12:38:06.338359,5,362f585334ab4ff2b82bf4ecc4ac94f8
clip_86,annotation_86,Boys and girls inside a traditional resting place made of wood,looking at each other in a romantic way inside the resting place,"It is the middle of the night all around, where there is an open field and bright white paper lanterns can be seen glowing in the back row",,2026-06-12 13:19:21.690789,5,cddc97f1643e4e258bab5b18ee7f8a6d
clip_87,annotation_87,Boy and girl,The boy is hugging the girl,Snow,,2026-06-04 12:12:57.415006,7,4568ea3534fc49f68f25bee7fc1b6b45
clip_88,annotation_88,A dirt road amidst old houses made of wood and stone,A Bolero car carrying people going along the dirt road,Beautiful snow-capped mountains,,2026-06-04 12:48:20.821378,5,d647ad22bc15455eb98970d131dfb1cb
clip_89,annotation_89,"One Nepali youth as the main character wearing a Nepali dhaka coat and a waist belt (patuka), while behind him other young artists wearing similar attire and a dhaka topi appear in supporting roles",They are performing a traditional Nepali dance with enthusiasm,An open space with old brick walls where a crowd of many people is present,,2026-06-12 09:33:54.157489,6,ed26d4bfb6c343aa940652e413bb0f05
clip_90,annotation_90,A woman and a man,both dancing hand in hand,"brick walls and a sloping mud floor, blue sky",,2026-06-12 10:32:28.959876,4,563f47caa8134df89f0ab85cc17676c0
clip_91,annotation_91,Little children,forming a group and playing Pokemon cards,At the edge of a house or some dwelling place,,2026-06-04 18:14:56.813597,5,7552fe2a42914eeda38a69042912260f
clip_92,annotation_92,girl,carrying a load of hay and walking along,Trees,,2026-06-03 18:03:38.805916,7,81a73db768634da3b25b02077fd3e28a
clip_93,annotation_93,"a pretty girl wearing a nose ring, a necklace of beads around the neck, and a shawl, with red cheeks","the pretty girl coyly flirting, smiling at her face, holding a broom in her hand",a frame made of wood,,2026-06-01 11:16:30.884574,5,55f0422777cf42b08191abbf315b1010
clip_94,annotation_94,young Nepali youths in Magar dress,dancing in a lively frenzy,green grass meadow under sunlight with mountains visible in the background,,2026-06-03 17:11:07.089352,5,b3b0d3d7690e40c088231be5ba75afd2
clip_95,annotation_95,"A smiling young woman adorned in traditional Nepali jewelry and a red choli with a green fariya, and a young man in an embroidered waistcoat over a white shirt.","Joyfully synchronizing their hand gestures, they are fully immersed in a traditional Nepali folk dance.","Rural Nepali houses glowing in soft night light, with spectators enjoying the dance.",,2026-06-04 18:36:59.147762,6,c67a6e3de14c4de9bdbdeaff6bbd1499
clip_96,annotation_96,cycle,girls dancing,green trees,,2026-05-30 05:12:19.423685,7,b2c4a130c70f4d088b61a3393b0b61a5
clip_97,annotation_97,"a small dried branch stuck in the riverbed gravel, and some artists dressed in sarees can be seen",dancing about in the riverbed gravel,a dry river and sandy riverbed at the foot of a tall mountain,,2026-06-12 07:11:32.748838,5,ce2e98c1e08e476ea6666af292a74e6f
clip_98,annotation_98,two people in hill clothing,"while a beautiful woman sits on a stone petting a small goat saying mash shhh di, a man stands swinging a stick and chatting",a big round stone and a mountain visible behind,,2026-05-29 19:41:48.012408,5,9acbf24d22c249e0b78efa75bb7e2fbf
clip_99,annotation_99,a young man with a beard standing in front wearing black clothes and a white scarf,the young man holds a cigarette near his mouth and flicks it.,like an outdoor party place at night with lights strung on ropes and colorful streamers visible,,2026-07-11 05:12:18.250147,4,10c77c33e9a246b489952e3fbba25672
clip_100,annotation_100,"everyone is wearing red, blue and black dresses, while the person in the middle wears black, red and faded green",all the people turn toward the camera and dance for the shoot,traditional village mill house courtyard and wooden pillars visible in the background,,2026-05-29 16:41:45.296526,5,16313657abc54c489c495cfe0b952cd9
clip_101,annotation_101,girl,girl walking and singing a song,Trees,,2026-06-04 12:10:05.789566,7,fb4b1eae54e141cf947f66dc64542d57
clip_102,annotation_102,"a man with a beard and wiry, fuzzy hair",with his hands on his waist and in deep thought,a cassette shop or studio with old movie cassettes and posters,,2026-06-04 18:12:48.126690,5,c5f3a1e5c6f34a6a9adbdf897fb77e72
clip_103,annotation_103,boys and girls,boys and girls dancing with raised legs,it is written buddy,,2026-06-04 12:42:00.199444,7,7b9d2797ac9d4949a54ca1891b3fc0fe
clip_104,annotation_104,a bike,a girl is riding the bike and a boy is sitting behind her,a big gate with colorful streamers,,2026-05-30 05:08:26.424253,7,33e3da53f85a49d496564b159b001ec5
clip_105,annotation_105,One Nepali woman,Looking up,"Mountain, clouds, tree, waterfall",,2026-06-05 10:08:31.230621,4,52f574a565724712af23706ff0ffa3e4
clip_106,annotation_106,"Everyone wears traditional Nepali dress, while the boy in the middle is seen in modern attire (jeans and boots).","Everyone is seen doing the same dance step, moving hands and feet in time with the song.",A vast expanse of green hills with a small settlement can be seen behind them.,,2026-06-12 09:56:45.407051,5,985348f747d140f5a29b501b350060de
clip_107,annotation_107,A boy with messy hair and beard,The boy is looking at himself in a mirror reminiscing about his childhood,An indoor scene showing a mirror,,2026-06-04 18:01:40.085051,5,f55be94b8a984aec912f3bd85a563d1c
clip_108,annotation_108,"A boy and girl can be seen from directly above; the girl wears skimpy clothing, while the boy wears pants, shoes, a shirt, and a cap.",Both look up toward the camera from below while doing a few dance steps.,Flat structures built of brick and cement can be seen behind them.,,2026-06-12 10:02:39.595739,5,295362a40d43404a9ad860f464ea1bf5
clip_109,annotation_109,Girls can be seen wearing red and yellow choli together with Nepali jewelry,While the girls are dancing, boys can be seen coming to dance along with them,,2026-05-29 16:50:03.238725,5,192daba6c0b448988695a3cdf2e569bb
clip_110,annotation_110,Boy and girl,Are dancing,There is a wall and background dancers are sitting,,2026-06-03 17:50:41.597035,7,860a0b53820447b6b2cab552b190f30d
clip_111,annotation_111,A young man,Sitting feeling dejected,Dark atmosphere,,2026-06-05 10:20:45.651288,4,3a49919b16c9422089aac0d0ac29f48b
clip_112,annotation_112,A girl dressed in warm clothes because of the cold.,A girl in a red sweater walks along carrying wool in a basket.,"It is foggy and cold all around, and there is a wooden house.",,2026-05-29 19:10:01.982837,5,91e5006d52d24ac1a6121f1e71745ec9
clip_113,annotation_113,"In the foreground, a boy in a black coat and white shirt stands beside a girl dressed in black.","The boy spreads his arms as if dancing while looking at the girl, and the people around them are also enjoying themselves.","An indoor party-like venue is visible, with graffiti and decorations on a brick wall behind them.",,2026-07-11 05:05:03.980825,4,009f0441f93f4ea69af213080b983edc
clip_114,annotation_114,A young man,Looking around,A wall with drawings painted on it,,2026-06-05 10:01:57.455032,4,8d094d9a342e461a9427526787bb01dd
clip_115,annotation_115,A young man,Laughing,"Wall, outdoor atmosphere",,2026-06-05 10:02:39.369214,4,6c94f811833045f39aa992ec2b47fd31
clip_116,annotation_116,Boy,Boys are walking,There are houses,,2026-06-04 12:46:13.745847,7,3382059180ff4489a6a0d8677857ae31
clip_117,annotation_117,Some guests staying at a hotel,A young man jokingly opening a bottle as if forcefully and making a face,A small hotel,,2026-06-04 18:22:17.304883,5,1d403d3c4eb64f8784a21ed6fa0d4f41
clip_118,annotation_118,"A lead singer wearing glasses and holding a guitar in his hand. Beside him, traditional Dhime drumming girls (in red Dhime costumes with cloth tied on their heads) and an eye-catching Lakhey dancer wearing a terrifying Lakhey mask (traditional Newari mask)","While the singer energetically holds the guitar and lip-syncs, the Lakhey dancer and the Dhime drumming girls sway to the song's special rhythm, performing a dynamic cultural dance.","Behind, there is a red-brick house and a wooden railing. Colorful flags and ribbon-like long cloths are seen hanging.",,2026-06-12 12:35:15.381221,5,f9fbf691f8dc4bc6bc628730e4edd138
clip_119,annotation_119,People standing on the road and a boy wearing a red istagot coat and a red flower in his ear,People walking on the road and some boys smoking and having fun,An old mud house,,2026-05-29 09:50:20.045320,5,7f67504f3c4346c68bc40f3bf7af697d
clip_120,annotation_120,A girl,The girl is running,There is a tree,,2026-06-04 12:09:47.870930,7,1a269575f9954603b52486a0f9ed6082
clip_121,annotation_121,"Sirbandi, dhaka topi, daura suruwal",Dancing in traditional clothes with hands raised,It is dark and a small light is burning,,2026-05-30 05:18:52.112339,7,8b9f2e7608864d45bb27dd6bbea725e1
clip_122,annotation_122,A boy and a girl,The girl is placing her hand on the boy's shoulder,There is a sea,,2026-06-04 12:07:50.928659,7,a1a2a8ba551d4ab093bdfa17fa445199
clip_123,annotation_123,"Many youths, some of whom have guns in their hands","Raising guns in their hands, dancing together and having fun","A party-like indoor place with brick walls, colorful flags, star-shaped lights, and decorations",,2026-07-11 05:10:08.702212,4,66029b23ca6d42ae905cf1cb0a101b52
clip_124,annotation_124,A man,Keeping a foot on the wall while waving hands,A brick-plastered wall,,2026-06-12 10:35:22.891226,4,87725d36abb544ada0fee5f3ae98244b
clip_125,annotation_125,A big crowd of people gathered to watch the dance,Dancing with hands on the waist,"On all sides, traditional houses made of mud, wood, stone, and bricks.",,2026-06-12 09:43:27.306345,5,f7b41592671e4c33b781edc02dafeab0
clip_126,annotation_126,Boys,The boys are dancing,Background dancers,,2026-06-04 12:43:34.620822,7,094d5f91eef5444c830c6c6dbe9b066e
clip_127,annotation_127,There are two girls and a boy,While walking a girl signals the boy to come and the boy approaches wearing glasses,A black car is stopped on the road,,2026-05-29 08:46:33.347369,5,0cdfb52555764cb69caf69d7da128275
clip_128,annotation_128,A white Bolero,"The Bolero vehicle is carrying people, raising dust, and driving",An unpaved road in a village with old houses,,2026-06-04 13:08:27.883323,5,eefb4f7d2cc041d1970331ce51415888
clip_129,annotation_129,A young man,Smiling,A dark atmosphere,,2026-06-05 10:21:36.187336,4,6fd7fb8464174eb1962d6a121ef299a7
clip_130,annotation_130,Boys and girls standing in pairs,Boys and girls paired up and dancing,Inside a big room there are stairs and a yellow light is lit,,2026-05-29 10:40:21.347267,5,690ab68f97f14d7bbb268b285fb0f256
clip_131,annotation_131,"People in hilly attire, wearing traditional mountain dress and yellow boots on their feet",A hill boy and a girl herding sheep,"Big trees, a sloped place, and green grass all around",,2026-05-29 19:37:32.966496,5,3b8c27144b8447b8a8b8b2c53962a580
clip_132,annotation_132,Many people together at a big party,"Everyone listening to songs, enjoying, and sipping drinks","A well-lit indoor place, a modern setup is visible",,2026-05-29 11:26:43.530650,5,28df25fe80e24584af19c587bb804950
clip_133,annotation_133,A boy wearing daura suruwal with long curly hair,A boy and a girl talking while he leans his hand on a pillar and turns his head,"In the evening, a lamp glowing behind and corn hung on the house pillar",,2026-05-29 10:15:25.826298,5,eaf9091d93aa4f2c892191697c3b93d3
clip_134,annotation_134,A young man,Lying down and laughing,Ground,,2026-06-05 10:13:48.686641,4,57a0010ed31e4a889fed2d50cefaa2c4
clip_135,annotation_135,Side characters wearing yellow blouses and blue sarees appear more beautiful than the main hero and heroine,"While snow falls, supporting artists are dancing and the main artists are striking romantic poses","In the cold weather, snow covering the grass behind can be seen",,2026-06-12 07:01:20.491300,5,197aeac801174d3fac64b329ca051e33
clip_136,annotation_136,"Boys wearing daura suruwal and red dhaka topi, while one boy wears a black topi","Boys sitting, playing the madal, singing songs, and having fun",Boys sitting in the courtyard having fun,,2026-05-29 10:18:16.355246,5,ec0185e1ffac4ec691c69f8983757057
clip_137,annotation_137,A person standing and building a car,A black jungle safari vehicle came and stopped,Greenery all around and a blue sky visible,,2026-05-29 08:33:44.008309,5,0f47280502104c46b735ce5e7e9a97a8
clip_138,annotation_138,A man and a woman,Dancing,Village house courtyard,,2026-06-20 03:05:46.692591,8,68164faf8f364299a61b8a34e0d63244
clip_139,annotation_139,"A boy standing among girls, wearing a white t-shirt and a red scarf tied around his forehead",Girls in Tharu dress dancing around a boy,A fire burning in the background at night,,2026-05-29 09:19:27.368682,5,adebdf4607dc415b868c3a111a678c13
clip_140,annotation_140,"The main actress in the middle, dressed in a red cholo and traditional jewelry","The main actress stands in the middle of the veranda, singing and acting in a playful manner","Baskets, pumpkins, and corn hung on the house eaves, with many trees nearby",,2026-05-29 17:40:24.088834,5,71e8785442484513bbc10a8a855262e3
clip_141,annotation_141,Girls and mothers dressed in traditional guniu-cholo and scarves tied on their heads; a boy wearing a dhaka topi is also visible behind,"While the villagers gather, three girls come forward holding hands and singing","A fair, festival, or jatra being celebrated in the upper part is visible",,2026-06-03 16:35:50.669320,5,29d3b6bc334d46ba9a158784e4587c29
clip_142,annotation_142,Some people are at the foot of the stairs while others are at the upper level,Actors and supporting dancers are dancing while bending their waists,An old earthen water vessel on the grass and a basket hung on the house pillar,,2026-05-29 18:00:36.263684,5,ba0206114bda4fbd94ab0e3a7ecf96be
clip_143,annotation_143,A boy and a girl,The boy and girl are walking along,There is snow,,2026-06-04 12:08:18.987799,7,2370ec0451c44e88be14e656ca217fb0
clip_144,annotation_144,Someone wearing a Dhaka topi,Singing and dancing around,Dark lighting,,2026-05-30 05:17:00.167300,7,a329a6c0f40845588400fd8b864d7a5e
clip_145,annotation_145,A young man seated on a motorcycle,Riding the motorcycle coming forward toward the front,"A narrow lane with brick walls and graffiti, in the light of lamps during nighttime",,2026-07-11 05:08:09.811456,4,b398b7c1b1764e6296d0238b82a2f3bd
clip_146,annotation_146,A boy wearing a daura suruwal and a topi,A boy in Nepali attire walking while turning his head,White wall and a garland of sayapatri flowers hung above a door,,2026-05-29 10:11:50.545297,5,1611218150a84c58b42f0fefacab4124
clip_147,annotation_147,"A Nepali young man,",Walking slowly,"A river, trees, shrubs",,2026-06-05 10:17:02.839857,4,295794d686cb440cafa92e54d4d6584e
clip_148,annotation_148,"A cheerful young woman adorned in a traditional gunyu-cholo and green pote, and beside her a young man wearing a red patterned int coat","In the middle of the lane everyone is having fun, dancing with full energy.","A rustic Nepali village lane with old brick houses and maize hanging, with a group of local youths dancing behind them following them in the background",,2026-06-04 18:33:06.419034,6,f1cbec48a3ff432ba6b716f789299706
clip_149,annotation_149,Boys holding a bow in their hands,Bow-carrying boys coming down the path playing,The steep mountain footpath where people walk,,2026-06-04 12:53:09.482903,5,1eb44a2ef2ae493a861b766a134871a6
clip_150,annotation_150,A young man,Hugging a tree,"Trees, vegetation",,2026-06-05 10:07:20.611834,4,6a5b1e026b594cf19db956f3d02c66bc
clip_151,annotation_151,People in clothes of various colors sitting in the courtyard of a house,"A boy in a red int coat held the girl in a light blue blouse, blue saree and white patuki by the hand and made her dance",Maize hung on a house made of red mud and bricks,,2026-05-29 10:02:51.315614,5,ac4ed581c9ac4ba1bf9993ee73e593b9
clip_152,annotation_152,Two main young lead actors wearing a traditional dhaka-patterned int coat and jeans,"The two main young leads are gesturing (posing) with their hands on each other's shoulders, while the supporting artists stand and cheer them on with enthusiasm","A large group of young male artists in yellow daura suruwal and patterned brown int coats and black dhaka topis in supporting roles, while in the background one can see houses made of stone and mud and a green hillside scene",,2026-06-12 10:01:12.217237,6,bbd1f5b4829c4073b67383966d93a3da
clip_153,annotation_153,A curly-haired boy in the middle has a watch on his hand and a gold chain around his neck,The boy in the middle is moving his hands and singing,A brightly decorated place resembling a wedding or shooting set is visible,,2026-06-02 07:39:00.642813,5,444439da4b094ffdb1012136b2ac448f
clip_154,annotation_154,Young men wearing Magar dress,Teasing their Magarni friends playfully,Bright colorful flags hung with rope at the back,,2026-06-03 17:16:41.141378,5,5fa51c8cf0454e0dba243ff73d3ae280
clip_155,annotation_155,A boy and a girl,"A boy and a girl are dancing, and the girl is teasing/hugging him from behind",Background dancers,,2026-06-03 18:01:33.815580,7,021796489228489aaef5f62a101b2b18
clip_156,annotation_156,"Boys wearing a mix of Nepali and modern clothing, while the girls are dressed fully in Nepali attire from head to toe",Pigeons are flying and everyone is doing a group dance,"In front of a temple made of old wood there is a trishul placed, and in front there is an open courtyard",,2026-06-12 09:40:46.757562,5,e1f03d93df244668bbe11bbfc7de7473
clip_157,annotation_157,"There is a girl and a boy in the frame. The boy is wearing blue jeans and a white full-sleeved t-shirt, while the girl is wearing a red cholya and a black fariya, with a mala around her neck.",The boy holds the girl's hand happily and they run behind one another over the grass of that green hill.,"This scene was shot on a very beautiful, lush green mountain ridge. Dense trees and green grass are visible in the background.",,2026-06-12 20:51:38.606626,5,5c310b9b49724a05ba82126cc4dcbd44
clip_158,annotation_158,"The main hero wearing a coat, and the main heroine wearing a saree, with a flower garland strung in her hair.",A garland is falling and they are dancing.,"Garlands falling all around, boats nearby, and plants covered by the garlands.",,2026-06-12 07:07:34.605974,5,14a1159194a744b4ab16de69f68eed06
clip_159,annotation_159,A girl,The girl is walking.,There is a mountain.,,2026-06-04 12:05:33.619960,7,0798542621b545b48c4345a3f3369899
clip_160,annotation_160,The boy in the middle with curly hair is wearing a white kurta and a white shawl.,The boy in the middle holds the microphone and sings while looking at the girls standing on the balcony upstairs.,A white screen and twinkling lights can be seen in the background.,,2026-06-02 07:35:00.603137,5,09d7bcd76c5443028fc7401597883a81
clip_161,annotation_161,A Nepali young man,plucking flowers.,"A Nepali woman gazing at the sky, and a flowering plant.",,2026-06-05 10:17:52.901301,4,4c1f7b746d9843f0acfc8b0264f77205
clip_162,annotation_162,A vehicle,The vehicle is moving.,There is a river.,,2026-06-04 12:47:38.533990,7,26ec1f75fce04c3f9919ccd73b92be65
clip_163,annotation_163,A young man,searching inside a sack.,ready,,2026-06-05 10:04:39.181488,4,fa005c2e12f3401c98e5836ca71a99db
clip_164,annotation_164,A boy and a girl,The boy is hugging the girl.,The sea.,,2026-06-04 12:09:19.402007,7,1985ac1a048a4a05b648eb6cad16dc26
clip_165,annotation_165,A boy with a red handkerchief tied on his head,dancing.,Tharu women are dancing.,,2026-06-03 17:47:01.150805,4,fa19db9e2f314511a54159a3763821f5
clip_166,annotation_166,People are seen wearing the dress of the Magar community.,A handsome boy whose arm is wrapped sings while watching his girlfriend. The people behind are seen raising their hands and dancing.,Small triangle-shaped colorful clothes hung on strings all around the field. This is done during some fair or festival.,,2026-06-03 16:48:49.895926,5,eec65614207f43df8b1c596a6a79086b
clip_167,annotation_167,A shirt,A boy standing up with his hand on the girl's shoulder.,A wall.,,2026-05-30 05:24:30.686385,7,7f69fa44bae647118bab849ef2d1a787
clip_168,annotation_168,A girl,The girl is dancing.,A doko and a background dancer.,,2026-06-03 17:58:37.623788,7,84512032ef284a23b481a0dc4bda7c70
clip_169,annotation_169,Two girls wearing Nepali dress,"Two girls wearing red cholos and a tilahari around their necks, arriving holding hanging lanterns in their hands.",At night the door of the house is open.,,2026-05-29 10:06:11.189506,5,7f2a3cbf796c4cc994461a884aa18cb1
clip_170,annotation_170,"A girl wearing the Sherpa community's traditional dress (chhuba, pangden, red-orange outer garment) right in front of the stone house",Dancing while making facial expressions to the camera near the house,A village area on a mountain slope where tall snow-covered mountains and hills can be seen behind,,2026-06-12 07:41:45.902337,5,b85e1a6eb532467d87057de8ee7b0906
clip_171,annotation_171,A woman and a man. The woman is wearing a dress and the man is wearing a plain shirt and jeans.,Both are seen walking together while talking,"An open courtyard, white chairs and tables, a stone floor, brick walls, and a house.",,2026-06-12 10:44:00.340365,4,d4f2f98bee7c49648e5b792ea5662492
clip_172,annotation_172,A boy and a girl,A boy and a girl are running,The background is full of greenery.,,2026-06-04 12:41:31.132207,7,1c6a0c2f72174375bc81693a8895e965
clip_173,annotation_173,A boy and a girl,A boy and a girl are warming their hands at the fire,A dimly lit room,,2026-06-01 11:26:57.220953,5,9e0038c1a5b44cc990651d63837d52d7
clip_174,annotation_174,A boy wearing a blue jeans jacket and having a mustache,The boy is making faces and smiling while making eye contact,Beautiful sunlight can be seen,,2026-06-01 11:19:34.835906,5,455c08ff0f804407b4493e7ac409df35
clip_175,annotation_175,"A traditional Magar dress: patuka (waistband), guniu (skirt), cholo (blouse)",Dancing keeping the rhythm of hands and feet,"Green grass everywhere, flags hanging in a flat area",,2026-06-04 11:56:51.603336,5,d1aee4401c434a9f885fd19393cae8cf
clip_176,annotation_176,A boy and a girl,Dancing with hands near the head,There is a house,,2026-06-03 18:00:02.712693,7,0a168dbf2068474ab343253b3b7fb857
clip_177,annotation_177,Boys and girls wearing Western-style dress,Boys and girls are dancing moving their hands and feet,Lights flickering in a big room with two doors,,2026-05-29 10:44:53.941557,5,25563f9fa8444996ada5df9abacbed21
clip_178,annotation_178,"People wearing Magar dress (dhaka topi, ista coat, patuka, choli, guniu and traditional sikki bead necklace)",Clapping hands and dancing in a fun manner,Everyone dressed up in the courtyard for some event or festival,,2026-06-04 12:01:31.348878,5,a21b6184dd71432a979ed57b37bf98b4
clip_179,annotation_179,"A young woman wearing a black-and-white mixed leopard-spotted top with open hair, and a young man wearing a brown full-sleeve t-shirt with a silver chain around his neck","The woman is cheerfully telling her thoughts to the young man, and the young man is listening to her and smiling as they walk side by side","A long corridor with a roof made of wooden pillars, and behind it a wall made of red bricks",,2026-06-12 10:26:32.019263,6,a68246b6b0944404b18cf6bc7498394f
clip_180,annotation_180,"The actor stands wearing a special combination of cultural and modern look. He is wearing a striped off-white kurta, a cloth with red-white borders over it, black pants and glasses, and has one hand on his head","The actor is dancing and making joyful hand gestures, doing hip-hop style dance and lip-syncing energetically","This scene is shot in a Himalayan village setting. In the background, old houses made of stone and tall bare mountains can be seen.",,2026-06-12 16:02:57.200651,5,835bcd8fd8a54873b3ac4735c3ecbb52
clip_181,annotation_181,Green slender trees with big branches,Thick fog is covering nicely,"What a beautiful scenery, covering the big trees",,2026-06-01 11:24:14.146462,5,c64fbbc6ca5546eaa4ea93c17ddddc28
clip_182,annotation_182,"A beautiful girl wearing hill-style traditional dress and a boy, inside a dimly lit room",Both are spinning wool together. The boy gives the girl the wool he has spun,A dimly lit room,,2026-05-29 19:27:23.731346,5,6b8905bce4e2493ea336859c42bd2bc1
clip_183,annotation_183,young men,dancing and carrying guns,village courtyard and guns,,2026-06-20 03:08:53.267558,8,b232ccfdd19d4281875414154a9d8359
clip_184,annotation_184,"a young man in a dhaka vest and dhoti with a patuka tied at his waist, and on his left and right two young women wearing flower-printed choli, fariya and yellow beads",performing a collective Nepali folk dance,"an open area of a temple or durbar compound, and artists in supporting roles wearing other cultural costumes",,2026-06-12 09:45:27.750847,6,6ff01753cd7f4aa199ea766841175f3f
clip_185,annotation_185,a long-haired boy wearing Nepali dress and a pretty girl with rosy cheeks,"both walking together, chatting while dragging the long garment; goats can be seen grazing on green grass","greenery all around, cold and gentle breeze blowing",,2026-05-29 19:32:31.808111,5,b3b24c3675df4fc8a52458c170c35c25
clip_186,annotation_186,a boy and a girl on green grass,"with his hand on the girl's shoulder, the boy and girl dance romantically",large Himalayan mountains,,2026-06-04 13:00:49.653507,5,7de408106a9b4fd5a9ee10097a11e75b
clip_187,annotation_187,"two young men wearing printed jackets and jeans, along with young women in kurta-suruwal and gunyo-choli with beaded necklaces on their necks",raising their hands in the air together and performing a collective folk dance,an open compound with old-style structures resembling a durbar complex,,2026-06-12 09:40:18.813184,6,cc8acb4d1eae434daf48658a00a86b60
clip_188,annotation_188,a boy,the boy is talking,wall and lights,,2026-06-03 17:52:49.291253,7,3b95c66e47b44928b79371aba8c44489
clip_189,annotation_189,men and women wearing Newari attire,dancing and singing,"trees, a mud-plastered house, men and women in Newari attire playing madal, and straw",,2026-06-12 11:22:33.128557,4,ea68cf76247f4158981bf17bb975dc09
clip_190,annotation_190,a boy and a girl,the boy is hugging the girl,sea,,2026-06-04 12:11:52.594692,7,9ca34b5982294d16a349828ba631cb58
clip_191,annotation_191,a man,sitting,wooden door and chair,,2026-06-20 03:12:47.979575,8,0125218d208049ccab11513a5a437d77
clip_192,annotation_192,"many people, with boys and girls visible among them",the lead actor and actress are smiling and laughing at each other,pumpkins hanging in a wooden structure,,2026-05-29 17:43:53.787448,5,d92f89f4f3f1431d91fa374584350df8
clip_193,annotation_193,a path made of rough stones and pebbles,people are coming and going along the path,houses made of mud and stone,,2026-06-04 17:49:32.267059,5,1ecc26e7a41146cf83d116e2f1ea3553
clip_194,annotation_194,"a beautiful woman with a small dimple under her chin, a sweet smile on her face, wearing a pink saree and jhumka earrings",standing and looking forward,a dark and hazy background with the glow of twinkling dim blue and yellow evening lights,,2026-06-04 18:06:23.309465,6,da75038ed79f4adc8170e6d5fcb81efd
clip_195,annotation_195,boys,the boys are singing songs,houses,,2026-06-04 12:46:38.119091,7,5b1dbdac98624e8e976089006a749fc2
clip_196,annotation_196,a young man wearing a white and cream-colored blazer,walking slowly with his hands in his pockets,"a dimly lit indoor place, decorated items can be seen",,2026-05-29 11:07:22.980966,5,efea600f85de47f8ab7181a0d5da907d
clip_197,annotation_197,"an attractive girl wearing the traditional Tibetan/Himalayan cultural dress ""Chuba"" (चुबा), common in the Himalayan region (Manang/Mustang), with a red sash tied around her waist; she also wears an attractive stone-made headpiece on her head",she is walking with a very happy and cheerful expression,a house made of stone and mud in a village setting; behind it bare mountains and farther away snow-covered Himalayas can be seen,,2026-06-12 16:09:44.333249,5,479e4c1315db46b6b1c59517788b0953
clip_198,annotation_198,boys wearing Magar dress in the courtyard,playing the damphu in time with the song,a courtyard in front of a traditional house,,2026-06-04 12:32:03.342517,5,43959e08246545b5825ab2c624d23a6a
clip_199,annotation_199,"many young people, some of them holding guns in their hands",dancing and having fun together with guns raised in their hands,"an indoor place decorated like a party with brick walls, colorful banners, star-shaped lights",,2026-07-11 05:09:41.332825,4,0d348c9106b84eecb9f5a4a13e93f39d
clip_200,annotation_200,"a beautiful, attractive girl with long flowing hair, a headband made of special stones on her head, blue-stone earrings, and wearing cultural dress","holding a small black goat kid under her arm, hugging and stroking it",a traditional hut-like place built in a village setting,,2026-06-12 15:51:55.510035,5,7ba81a64d60a4bf2be7d6124b68dce95
clip_201,annotation_201,Tharu girls wearing Tharu clothes,two girls and a boy enjoying watching the Tharu dance,came to watch the Tharu dance at night,,2026-05-29 09:11:19.534101,5,71f4e9354c4b499ab0c9db2d6cd9bb4e
clip_202,annotation_202,a beautiful woman wearing a pink saree and earrings with a sweet smile on her face,"they are dancing around her, keeping her at the center",dancers dressed in traditional Tharu attire holding burning oil lamps in their hands,,2026-06-04 18:19:44.589700,6,08931f91a6ab40c1a6c19f84f9cf3a2d
clip_203,annotation_203,"piano, guitar, drums and speakers can be seen",a girl is playing the piano while boys get ready to play the guitar and drums,"behind, pictures of Western artists (Michael Jackson and others) pasted on a brick wall",,2026-06-12 12:39:18.442283,5,c8e76c9db7ab4c3cb78d8decf053eec1
clip_204,annotation_204,a white-colored Bolero (vehicle),a Bolero carrying people speeding along a dirt road,a dirt road in the middle of trees on all sides,,2026-06-04 12:50:46.338361,5,90ada988f8aa45feb954e194d25838d5
clip_205,annotation_205,"on both sides of the main artist, mostly male artists wearing colorful traditional Nepali dress of the same style","the main artist in the middle pushes aside the male artists on both sides, grinning softly and showing his teeth","in the upper part, traditional dalo baskets and corn bunches can be seen hanging",,2026-05-29 16:45:54.095585,5,736b21a08c4449ec87c979435a2eaa29
clip_206,annotation_206,a girl,a girl is dancing,there is a house,,2026-06-03 18:02:29.018152,7,4581e200bc3f41f1ab34747ff051735d
clip_207,annotation_207,"a beautiful girl wearing yellow bangles, cholo and guniu; the boy is wearing a purple kurta and shiny white pants below",actors and actresses are shooting on a tree branch,bright sunlight around the tree; mountain ridges and an open sky can be seen,,2026-06-12 09:51:16.436869,5,55ff549185424896aa8b4e1386f60fce
clip_208,annotation_208,boys and girls,boys and girls are dancing,there is a Himalayan mountain,,2026-06-04 12:44:13.125708,7,cd3822f872744fa6af261919fb25b809
clip_209,annotation_209,Artists on a glacier (a handsome boy and a pretty girl),The girl dancing romantically while the boy kisses her hand,Glaciers all around and a snow drift formed by melting glaciers,,2026-06-04 12:12:49.010071,5,f24e2ea5481d4d7d9c0067ea65a92297
clip_210,annotation_210,A man playing the guitar,"Playing guitar, dancing and singing","Lakhe, madal, and women wearing Newari attire playing the madal, drum, Durbar Square",,2026-06-12 11:12:02.305372,4,254dc9747db54db89bf78c4ab7525462
clip_211,annotation_211,Boys wearing Nepali attire in the courtyard ready for shooting after forming a lively gang,Seeing the lead artist shake his waist the other male artists clap,Behind a traditional house with a big courtyard and a thatched roof house is visible,,2026-05-29 16:55:06.059087,5,0147e73bf94449759ca8ed423561cfd2
clip_212,annotation_212,A handsome boy with black glasses and a hot girl in white clothes,While the boy is sitting on a chair a hot girl from behind puts her hand on his shoulder attracting his attention,A bar scene with liquor bottles kept in the back,,2026-06-02 08:17:07.213437,5,11e3222e275e4d05932a31c564f62108
clip_213,annotation_213,The main couple in the middle dressed in bridal attire like wedding clothes,The two lead artists looking at each other laugh romantically in love and the actor hugs the actress from behind,A traditional wooden structure is visible,,2026-05-29 17:49:54.340164,5,43cc44330d69463cb43643378c51838c
clip_214,annotation_214,A boy and a girl wearing Nepali attire on the top of a hill of stone,A boy and a girl seen dancing on the grass holding hands and lying on the grass,Green grass is seen on top of a hill made of stone,,2026-05-29 17:56:07.422691,5,22e2d6ddbc9d49b18c17b9a4262021be
clip_215,annotation_215,Two boys and one girl wearing Newari clothes,A boy wearing Newari clothes with a red flower on his ear walking on the road holding hands,Houses with red mud and black tin roofs,,2026-05-29 09:54:48.080140,5,79e5658bccad439a84edda88b31897f8
clip_216,annotation_216,An attractive girl with long hair wearing traditional stone/bead jewelry and colorful cultural dress on her head,The girl looking very calm and emotional is seen looking upward at the sunlight coming from above,An old-looking dark place made of stone and cement where sunlight comes from above,,2026-06-12 15:43:05.559049,5,dea40e5cf959416796effffa984687f5
clip_217,annotation_217,A boy,A boy sitting and rubbing his chest,There are flowers on the ground,,2026-06-04 12:44:44.048930,7,ab7c1a69b17842738a45b771bf6021d3
clip_218,annotation_218,"Guitar, mandolin and djembe instruments",Youths playing instruments in rhythm of the song,"Mountains covered with fog and an old house made of stone, mud and wood",,2026-06-04 13:06:09.849819,5,4c11a35a7161404ea0f01466db4b1e0b
clip_219,annotation_219,A boy,A boy walking,There is a wall and a light is on,,2026-06-03 17:52:13.698509,7,aa50fb207d5c492bb91766634b4514c9
clip_220,annotation_220,A distraught Nepali youth wearing a torn white vest,Emerging from under the bridge onto the gravel riverbed and walking limply straight ahead taking steps forward,"A small concrete bridge, gravel riverbed and green tree branches and leaves",,2026-06-04 18:55:40.876807,6,5ad82f4e8bfa430eb854658d28175fc5
clip_221,annotation_221,A pretty angel-like girl wearing a red sweater and a scarf tied on her head,A girl walking carrying a basket made of wool. While walking she is seen looking back and smiling,A house made of wood,,2026-05-29 19:23:57.153789,5,66a326e1d3e44d7db060425b668e9c96
clip_222,annotation_222,a man in a blue shirt and a woman,the two moving closer together and dancing,"open courtyard, trees, a small pond, and flowers blooming on the bank of the pond",,2026-06-12 10:50:49.700808,4,b695ff9d09c542419f609529c14fb75b
clip_223,annotation_223,"a girl with a red saree, earrings on her ears and a tika on her forehead, looking extremely beautiful","while everyone dances to their own beat, a beautiful girl walks ahead and flirts with a boy, teasing him","the area behind appears quite dark, and the people at the back are seen in a blur",,2026-06-02 08:09:12.847016,5,0cc0d13fae41402498cf2e5f314e592f
clip_224,annotation_224,a white bus stopped on the road,a fair-skinned girl getting off the bus,there is a lamp post behind,,2026-05-29 08:36:15.068830,5,4bffda4418444ebb92b7a3676ee810a8
clip_225,annotation_225,a man wearing torn clothes,holding his hand on his stomach,bushes and trash,,2026-06-05 09:58:44.669110,4,dde96ac5ce5e45ae83232dafab3ba2cc
clip_226,annotation_226,"An old man in daura-suruwal, a dhaka topi, and a black coat in the courtyard of an old deserted house.",The old man walks around the courtyard shouting into a microphone.,A house and some trees can be seen in the background.,,2026-06-04 12:16:44.937248,5,5f586a5d2d0942ff98724710cdcd74b0
clip_227,annotation_227,girls,dancing waving their hands,girls dancing,,2026-05-30 05:09:44.789130,7,372cd07e0f5a4956b0ec570ccc2e0dbf
clip_228,annotation_228,"a tired Nepali youth seen as if just waking up after resting on a chautari, wearing a torn white vest",getting up and walking straight ahead with sluggish steps,a traditional chautari paved with stone and cement in a rural setting surrounded by green bushes and tree roots hanging around,,2026-06-04 18:42:30.167378,6,f3d092df4a9a40ffa454f1b279afbbf6
clip_229,annotation_229,"girls wearing (patuka, cholo, guniu, tilahari on the waist and sirbandi on the head) in the courtyard of a house",singing a song and dancing while matching the movement of their hands and feet,ears of corn hanging in an old house,,2026-06-04 12:36:07.862077,5,2ed18d23334448d6a2b3eab74a711a90
clip_230,annotation_230,"a beautiful young woman with loose hair, wearing a colorful traditional stone bead necklace around her neck and a white and pink chuba","the young woman, sad and at the point of crying, wiping away her tears with her hand",behind is a big blue curtain/wall and a blue screen/background visible,,2026-06-12 20:32:25.214795,5,91bd31d7531844228114686753f467ed
clip_231,annotation_231,young men wearing Magar dress with peacock feathers seen behind them,dancing casually,a stage/platform in a flat field in the hills,,2026-06-03 17:33:11.905495,5,02f825963eed4a01921225318fdce26c
clip_232,annotation_232,A person in black western-style clothing with a headchain worn around the head.,His long hair flutters gently in the wind as he walks at a leisurely pace.,"A long, winding dry riverbed can be seen behind him.",,2026-06-04 12:07:28.307945,5,5aa0bea5c9c84a0d8e07d9761f2ad80b
clip_233,annotation_233,two people wearing new clothes in a cold hilly area,"two people are walking in a hilly field. one is carrying a doko/basket, the other is carrying goods in his hand.","hills and jungle, large trees, covered with clouds and fog",,2026-05-29 18:55:56.272965,5,7810696adde54033936bc33e9de30b27
clip_234,annotation_234,Magar men and women wearing Magar dress,Magar women dancing with their hands on their waists,colorful flags hung in a green grass field,,2026-06-03 17:20:45.072620,5,f20c5e16cd03414cabb6d0bca53804a9
clip_235,annotation_235,"Because the sun and light hit the camera, the bus and the people on top of it appear black",A vehicle running on the road,"Open sky and bright sun, and when the sun was about to set, the horizon was seen",,2026-06-12 07:57:01.990627,5,d5448e5aee2e4ae8b39d5c97d22d70fe
clip_236,annotation_236,Boy,A boy is walking,Blue sky,,2026-06-04 12:05:17.232978,7,d684c7cd7aa749a1aca569803c3695b2
clip_237,annotation_237,"A girl wearing a tilahari on her neck, a sirbandi on her head, and a cholo",Girls walking on the village road,The village road,,2026-06-04 12:56:15.024624,5,8e7be9908b2c4efeb56a2daad67c222e
clip_238,annotation_238,A Nepali young man and a Nepali woman,looking at,"flowers, greenery",,2026-06-05 10:24:37.916979,4,303fe2048cf242cb892a7a2b0d6b53f3
clip_239,annotation_239,Boys wearing daura suruwal and girls wearing gunyu cholo seated in the courtyard,"Boys and girls in Nepali attire singing songs, and one boy and girl standing and holding hands while dancing","An old two-story house with a big courtyard, with corn hung on the beams",,2026-05-29 10:26:12.090559,5,3fa8eaad32b34509b33823c7c065cac3
clip_240,annotation_240,A boy wearing a black topi (cap),The boy keeps moving his hand toward the black topi and keeps looking forward,A dimly lit area,,2026-06-12 18:30:09.660053,7,b08b9c910d254b3fb6ac0d0259b6cef2
clip_241,annotation_241,"A boy wearing a white shirt and cap, holding a book in his hand, standing inside a telephone booth",A boy making a call from a telephone booth,A red telephone in a telephone booth without glass,,2026-05-29 10:36:11.231463,5,49623723ca25478d889b8030c924e7cc
clip_242,annotation_242,A girl and a boy seated on a bike,A girl wearing yellow clothes riding a green Bullet bike,A banana grove seen on the side of the road,,2026-05-29 08:39:55.502044,5,6a40b9d3291043f697c62f710d4a6ca4
clip_243,annotation_243,"On green grass, with a straw pile on one side and a doko basket on the other, girls in Nepali attire are seen in the middle","The lead actress in the middle, along with the co-dancers, is seen dancing with hands on their waists","Large traditional houses where baskets, pumpkins, and hung corn are seen",,2026-05-29 18:05:56.898934,5,a84b3ff929164b39b819e08227e432ad
clip_244,annotation_244,A boy with a grown beard and mustache,The boy is lost in thought after seeing a pretty girl,The background is blurred,,2026-06-04 17:59:50.721161,5,f02964881a7f4ee6bde866c909f91df9
clip_245,annotation_245,"Two microphone stands, a drum, and a guitar",Three boys are playing the drum and guitar while singing songs,"A disco light is lit at first, and smoke is seen coming from behind",,2026-05-29 10:57:16.777028,5,32cc83c1e0fa4041a0536e41c5fb7d0c
clip_246,annotation_246,A boy and a girl are near the riverbank,The boy and girl are running near the riverbank and holding each other's hands,"Flowers have bloomed near the riverbank, and trees are seen a bit farther away",,2026-05-29 08:55:20.108081,5,7ac0ce338b024adaa908f8e747daf988
clip_247,annotation_247,"A temple with fine woodwork, whose sloped roof has a shiny pinnacle on top, and a long cultural cloth is seen hanging from the pinnacle down to the bottom",Some people are seen coming and going to the temple to perform worship,A big green mountain is seen behind the temple,,2026-06-12 08:20:30.696184,5,dc8f16ea34034aa5a2ec4d49dbe626c7
clip_248,annotation_248,A white dog on top of a glass table,Playing with the dog and cleaning the shop,"A photo studio where work like taking photos, photocopying and lamination is done",,2026-06-04 18:06:02.927376,5,1d13e9a307d94e3192bba945f35bd623
clip_249,annotation_249,"People are sitting at a table, and in the foreground an old man is wearing a coat. In front of him and beside him, two young men can be seen.","While everyone is chatting, a girl brings a liquid in a copper vessel and pours it into a cup.","The scene is shot inside a house where a wooden window, long curtains, and a table can be seen.",,2026-06-12 20:19:03.493307,5,a7de9721a1a64030929e275f8325ea1d
clip_250,annotation_250,"A beautiful woman in a blue floral cholo and fariya, a yellow patuka tied at her waist, a kantha around her neck, and her hair in a bun, seen amid the hills.","Dancing near the cliff's edge, moving hands and feet in rhythm.",A blue sky with the Himalayas visible far in the distance.,,2026-06-12 07:33:34.027427,5,3d96a175b0c1487e83694230a6a27f16
clip_251,annotation_251,Boy,A boy is dancing,There is a doko and there are background dancers,,2026-06-03 18:01:58.151544,7,becaf45fbd0c4dc5aa372cbc20a4b81e
clip_252,annotation_252,Many youths have gathered together in a group.,The youths are dancing and having fun together in an alley decorated with lights,"Seen from above, lights hanging from a string in a narrow alley-like place, colorful streamers, brick walls and shutters are visible",,2026-07-11 05:13:05.330843,4,f6ff664ab78b4e58a00c96729ab925b3
clip_253,annotation_253,Boy and girl,A girl and a boy are walking,There is a mountain,,2026-06-04 12:06:05.769482,7,3c1dc954dacf415ebfe8fca17b91eeb6
clip_254,annotation_254,"Old tools and food grains hung around the house, with people seen in the courtyard.","The lead actor and actress are twirling with the supporting dancers, while the supporting dancers wave their hands.","Old traditional houses made of wood, mud, and stone.",,2026-05-29 18:16:13.549294,5,7dddc08bd10246a6bce0e6df910d54fb
clip_255,annotation_255,Girls,Girls are dancing in traditional clothing,Background dancer,,2026-06-03 18:00:28.745746,7,4a32679146b042dc82dbab243361c775
clip_256,annotation_256,"A boy wearing a blue coat, a black shirt underneath, and a black cap on his head.","The boy sings very energetically and freestyle, waving his hands in the air.","Huge bare mountains can be seen in the background, with a small tree and bushes nearby.",,2026-06-12 20:26:21.778123,5,bbcd8218b3e7433cb7524410c9e04c80
