unigram,frequency,percentage
।,4399592,4.6869887778821795
र,1812010,1.9303768475372918
छ,1345607,1.4335067680002387
पनि,920320,0.9804385297683347
तथा,518904,0.5528006289669984
लागि,516624,0.5503716913715189
गर्न,493049,0.5252566896989609
गर्ने,492654,0.5248358869137791
भएको,486184,0.5179432438248522
छन्,432031,0.46025277996169095
हो,428198,0.45616939496016756
गरेको,405835,0.43234556537783825
भने,387799,0.4131313906093863
यो,328664,0.3501334850354007
नै,306746,0.32678372441359266
कृषि,287168,0.30592682079767164
हुने,274359,0.2922810919992074
तर,259976,0.2769585440010568
थियो,254358,0.27097355653991445
एक,242114,0.2579297355227862
काम,238659,0.25424904280682914
रहेको,237602,0.25312299586015286
गरी,215011,0.22905627251827562
छ।,211094,0.2248834003421819
विकास,199564,0.2126002203089012
उनले,198510,0.21147736933274527
भन्ने,197874,0.21079982358242727
गरेका,188411,0.20071866723768006
गरिएको,185036,0.19712320040226614
नेपाल,176009,0.18750652510647908
आर्थिक,162583,0.17320349170432586
गर्दै,160398,0.17087575984199121
स्थानीय,157582,0.16787580884687253
सरकारले,157366,0.16764569896940604
त,156129,0.16632789379150767
अहिले,155033,0.16516029922806658
उत्पादन,153615,0.16364967049543935
केही,151982,0.1619099972088524
हुन्छ,150382,0.16020547959798953
हुन,149193,0.15893880994841705
छैन,144331,0.15375920705840743
को,142770,0.1520962370643093
सबै,142086,0.15136755578566544
गरेर,140812,0.15001033363801586
हजार,138830,0.14789886244755945
आफ्नो,138742,0.14780511397896198
मात्र,137609,0.1465981024457697
रुपमा,136694,0.1456233314370575
कारण,136443,0.14535593523685336
धेरै,135010,0.1438293266516243
भएका,134540,0.14332862460343332
निर्माण,131969,0.14058967786747803
समेत,131963,0.1405832859264373
मा,131817,0.14042774869444605
कुरा,131776,0.14038407043066767
क्षेत्रमा,131477,0.14006553870213767
प्रदेश,130901,0.13945191236222704
थिए,127748,0.13609294734532035
नेपाली,127271,0.13558478803258187
वर्ष,127142,0.13544736130020602
यस,125902,0.1341263601517873
के,120066,0.1279091321661649
त्यो,118891,0.12665737704568747
लाख,118434,0.12617052420308475
कुनै,117234,0.12489213599493759
कार्यक्रम,116482,0.12409101271783202
बताए,116382,0.1239844803671531
दिन,114190,0.12164929124027093
वा,113131,0.12052111364658105
दुई,112517,0.11986700501341242
अध्यक्ष,112489,0.11983717595522231
आएको,112183,0.1195111869621448
प्रमुख,109760,0.11692990810519431
विभिन्न,109150,0.11628006076605284
१,105019,0.1118792093595062
बढी,104821,0.11166827530516192
हामी,103517,0.11027909345230867
रूपमा,102168,0.10884197204164987
व्यवस्था,102015,0.10867897754511112
भयो,101677,0.10831889819981634
गर्दा,100763,0.1073451925146109
भए,98547,0.1049844356235658
अनुसार,98426,0.1048555314792443
जानकारी,98021,0.10442407545899464
२,97394,0.10375611762023773
सय,97089,0.103431193950667
नयाँ,97043,0.1033821890693547
समस्या,96138,0.10241807129571037
हामीले,92602,0.09865108737570338
हाम्रो,91502,0.09747923151823513
भनेर,88202,0.09396366394583043
योजना,87747,0.0934789417502413
एउटा,87715,0.09344485139802404
प्रतिशत,87161,0.09285466217526277
अन्य,86395,0.09203862436906216
५,86366,0.09200772998736527
म,86085,0.09170837408195746
खेती,85898,0.09150915858618787
दिने,83174,0.0886072173536938
रहेका,82076,0.08743749214323913
लगानी,81352,0.08666619792432367
आवश्यक,81286,0.08659588657287558
प्रयोग,81220,0.0865255752214275
समय,81114,0.08641265092970782
हुन्,81027,0.08631996778461716
राष्ट्रिय,80794,0.08607174740753525
३,79824,0.08503838360594962
छन्।,79540,0.08473583173002146
जिल्ला,78930,0.08408598439087998
भन्दा,78910,0.0840646779207442
सहयोग,77935,0.08302598750162461
१०,77727,0.08280440021221244
सेवा,77531,0.08259559680488174
नेपालमा,77128,0.08216627143164565
सरकार,76915,0.08193935752469952
क्षेत्र,76096,0.08106685757263908
नेपालको,75742,0.08068973305123567
गरे,75674,0.080617291052774
बजेट,75523,0.08045642720324882
अब,75501,0.08043299008609944
सञ्चालन,75005,0.07990458962673196
पर्ने,74985,0.07988328315659617
नीति,74340,0.07919614949471705
करोड,74124,0.07896603961725057
अवस्था,74021,0.07885631129605128
सामाजिक,73958,0.07878919591512354
स्वास्थ्य,72406,0.07713581383258654
तीन,71440,0.07610671132502807
उद्योग,70957,0.07559216007124883
मात्रै,70865,0.07549415030862422
घर,70395,0.07499344826043325
उनको,70176,0.0747601424124464
गर्नु,69959,0.0745289672114731
ठूलो,69201,0.07372145199332682
कि,68616,0.07309823774185506
उनी,67637,0.07205528602870834
भन्दै,67627,0.07204463279364044
होइन,67224,0.07161530742040435
राम्रो,66922,0.07129357972135399
सुरु,66695,0.07105175128531281
वटा,66683,0.07103896740323135
उहाँले,66052,0.0703667482704473
पहिलो,65645,0.06993316160318404
सहकारी,65346,0.06961462987465403
६,65284,0.0695485798172331
४,63573,0.06772581129711659
साथै,63306,0.06744136992080385
अघि,62866,0.06697262757781655
बनाउने,62447,0.06652625702847183
बनाउन,62437,0.06651560379340395
का,61977,0.06602555498028087
राजनीतिक,61615,0.06563990787082313
शिक्षा,61596,0.06561966672419413
मैले,61266,0.06526810996695366
वडा,61239,0.06523934623227036
मन्त्री,61054,0.06504226138351434
यसको,60587,0.06454475530584372
उक्त,59916,0.0638299232327881
तरकारी,59139,0.06300216686801281
प्रधानमन्त्री,58861,0.06270600693312538
सडक,58504,0.0623256864412016
भएर,58073,0.06186653200977541
कार्यक्रममा,57823,0.061600201133078084
बताउनुभयो,57802,0.0615778293394355
प्राप्त,57022,0.060746877004139846
जना,56917,0.06063501803592697
सरकारको,56908,0.060625430124365866
कम,56879,0.06059453574266898
मेरो,56800,0.06051037518563262
अगाडि,56694,0.06039745089391295
यी,56684,0.06038679765884506
आएका,55864,0.059513232383277825
हो।,55819,0.059465292825472305
दिएको,55352,0.05896778674780171
देखि,55199,0.05880479225126294
काठमाडौं,55074,0.058671626812914275
यस्तो,54717,0.0582913063209905
खर्च,54508,0.05806865370807152
गरिने,54309,0.05785665433022046
सार्वजनिक,53974,0.05749977095544604
माग,53435,0.0569255615852866
पर्यटन,53392,0.05687975267449466
आयोजना,53339,0.05682329052863483
अवस्थामा,53317,0.05679985341148547
कसरी,53270,0.05674978320666636
सम्पन्न,53259,0.05673806464809169
भएकाले,53150,0.05662194438585165
आज,52683,0.05612443830818104
थप,52573,0.05600725272243422
सकिन्छ,52509,0.0559390720179997
हुँदै,52234,0.05564610805363265
साथ,51991,0.055387234441482844
समयमा,51397,0.05475443227844999
व्यवस्थापन,50687,0.05399805258862959
निर्णय,50665,0.053974615471480226
गते,50641,0.05394904770731729
कार्यालय,50436,0.05373065638842547
पाँच,50343,0.05363158130229406
परेको,50336,0.053624124037746544
तयार,50138,0.05341318998340226
गएको,49722,0.05297001540457791
रु,49647,0.052890116141568716
स्थापना,49468,0.05269942323385343
१५,49332,0.05255453923693008
हुँदा,49256,0.052473574650414086
उल्लेख,49090,0.05229673094828707
पानी,49059,0.052263705919576596
गर्नुपर्ने,49057,0.052261575272563025
५०,49042,0.05224559541996118
ती,48978,0.052177414715526664
सक्ने,48878,0.052070882364847734
क्षेत्रको,48659,0.05183757651686088
नगरपालिका,48653,0.05183118457582014
अर्को,48522,0.05169162719643074
किसान,48490,0.05165753684421348
रुपैयाँ,48342,0.05149986896520867
सरकारी,48282,0.051435949554801304
धान,48140,0.05128467361683722
सदस्य,48104,0.05124632197059281
भनेको,48093,0.05123460341201813
विषयमा,47987,0.05112167912029846
७,47910,0.051039649210275685
अनि,47899,0.051027930651701
सो,47628,0.0507392279813611
रकम,47374,0.05046863581063661
आउने,47163,0.05024385255070407
बजार,46770,0.04982518041253588
बेला,46748,0.0498017432953865
गाउँपालिका,46710,0.049761261002128514
थियो।,46687,0.04973675856147237
पछि,46564,0.04960572377013728
पटक,46458,0.04949279947841761
जाने,46223,0.04924244845432213
उपलब्ध,46048,0.049056016840634
केन्द्र,45965,0.048967594989570484
भइरहेको,45941,0.04894202722540754
त्यसैले,45932,0.048932439313846436
२०,45848,0.04884295213927613
महिला,45781,0.04877157546432125
पार्टी,44757,0.047680684193369
करिब,44621,0.047535800196445654
जस्तो,44224,0.0471128667642503
मूल्य,43786,0.04664625506827658
छौं,43483,0.046323462045719424
गत,43162,0.04598149320004006
भएपछि,43118,0.04593461896574133
मुख्य,43064,0.0458770914963747
एवं,43053,0.04586537293780002
विशेष,42752,0.04554471056225644
जग्गा,42343,0.045108993247979616
वितरण,42256,0.045016310102888944
दिए,42221,0.04497902378015132
अध्ययन,42127,0.04487888337051312
८,42091,0.044840531724268703
चार,42065,0.04481283331309219
जनाएको,42058,0.04480537604854466
यसले,42051,0.04479791878399714
कार्य,41965,0.04470630096241326
त्यसको,41863,0.04459763796472074
डा,41735,0.04446127655585172
मलाई,41727,0.0444527539677974
देखिन्छ,41677,0.044399487792457934
देश,41623,0.04434196032309132
भनाइ,41559,0.0442737796186568
यहाँ,41258,0.04395311724311322
उच्च,41234,0.04392754947895027
अर्ब,41000,0.04367826377836158
मल,40949,0.04362393227951532
आगामी,40858,0.0435269878403975
छु,40685,0.043342686873722946
जुन,40453,0.043095531820147824
आधारमा,40392,0.043030547086233675
लागेको,40388,0.04302628579220652
न,40308,0.04294105991166337
हरेक,39998,0.04261080962455869
बिक्री,39910,0.04251706115596123
लिएर,39748,0.04234447874786137
निकै,39633,0.042221966544580596
१२,39467,0.04204512284245357
प्रदान,38996,0.041543355470755806
सन्,38974,0.04151991835360644
त्यस्तै,38621,0.04114385915570982
जनताको,38507,0.04102241227593583
निजी,38462,0.04097447271813032
वर्षको,38261,0.040760342693265665
जिल्लामा,38205,0.040700684576885464
किन,38108,0.0405973481967269
युवा,37949,0.0404279617591474
वन,37923,0.04040026334797088
आफ्नै,37900,0.04037576090731473
नेता,37845,0.04031716811444131
ठाउँमा,37765,0.040231942233898164
क्रममा,37168,0.03959594410034495
अनुदान,36887,0.03929658819493716
देखिएको,36719,0.03911761384579655
कोरोना,36719,0.03911761384579655
जोड,36569,0.038957815319778155
वृद्धि,36376,0.03875220788296782
यही,36204,0.03856897223980006
सबैभन्दा,35859,0.038201435629957745
परिवर्तन,35743,0.03807785810317019
लामो,35543,0.03786479340181233
ऋण,35536,0.0378573361372648
बैंक,35244,0.03754626167328232
यस्तै,35217,0.037517497938599015
त्यही,35206,0.03750577938002433
व्यापार,35092,0.03738433250025035
जस्ता,35060,0.03735024214803309
बजारमा,34957,0.03724051382683379
२५,34931,0.03721281541565727
जारी,34884,0.03716274521083817
वातावरण,34854,0.0371307855056345
बढेको,34775,0.037046624948598145
कति,34700,0.036966725685588946
अझै,34664,0.03692837403934453
ध्यान,34663,0.03692730871583774
पुगेको,34584,0.03684314815880138
सक्छ,34430,0.03667908833875583
बनेको,34426,0.03667482704472867
९,34259,0.036496918019094854
संरक्षण,34139,0.03636907919828014
सफल,33897,0.03611127090963713
पूरा,33859,0.036070788616379135
पूर्वाधार,33747,0.03595147238361873
छलफल,33746,0.03595040706011194
लिन,33727,0.03593016591348295
कार्यान्वयन,33722,0.035924839295949
ले,33679,0.03587903038515706
विषय,33668,0.03586731182658238
नभएको,33550,0.03574160365278124
सकिने,33465,0.03565105115470415
लगायतका,33457,0.03564252856664983
यसरी,33381,0.035561563980133847
३०,33364,0.03554345348051843
तयारी,33179,0.03534636863176241
पर्छ,33165,0.03533145410266736
वर्षमा,33016,0.03517272090015575
प्रहरी,32987,0.03514182651845886
बारेमा,32913,0.03506299257895645
सम्म,32908,0.035057665961422506
हुनेछ,32885,0.035033163520766346
गरिरहेको,32835,0.034979897345426884
पैसा,32755,0.034894671464883745
गाउँ,32720,0.03485738514214611
नं,32693,0.034828621407462804
११,32686,0.03482116414291528
सहज,32644,0.03477642055563013
देशको,32555,0.03468160676352588
त्यहाँ,32425,0.03454311470764327
किसानले,32263,0.034370532299543406
व्यवसाय,32164,0.03426506527237126
पछिल्लो,32137,0.034236301537687946
भारत,32131,0.034229909596647214
यस्ता,32071,0.03416599018623986
भारतीय,31987,0.034076503011669555
गरिरहेका,31967,0.034055196541533765
घोषणा,31739,0.033812302781985805
होला,31666,0.03373453416599019
विस्तार,31661,0.033729207548456236
नेकपा,31590,0.0336535695794742
भन्नुभयो,31561,0.033622675197777306
हाल,31497,0.033554494493342794
यसलाई,31478,0.0335342533467138
साना,31365,0.03341387179044661
आम्दानी,31357,0.03340534920239229
रोजगारी,31310,0.03335527899757319
गरि,31169,0.0332050683831159
आफ्ना,31032,0.033059119062685764
अधिकार,30838,0.03285244630236864
क्षेत्रका,30817,0.03283007450872607
बताएका,30754,0.03276295912779834
जीवन,30653,0.03265536145361262
सम्भावना,30541,0.03253604522085222
पाउने,30468,0.0324582766048566
प्राविधिक,30419,0.03240607575302392
प्रस्तुत,30418,0.032405010429517135
घरमा,30300,0.03227930225571599
१९,30227,0.03220153363972038
देशमा,30182,0.03215359408191486
थाहा,30166,0.03213654890580623
राष्ट्र,30157,0.03212696099424512
आयात,29944,0.031900047087299
हुँदैन,29860,0.03181055991272869
विकासका,29829,0.03177753488401823
अन्तर्राष्ट्रिय,29766,0.0317104195030905
सुधार,29684,0.03162306297553378
समिति,29680,0.031618801681506624
सूचना,29516,0.031444088626393175
वित्तीय,29505,0.031432370067818495
नम्बर,29460,0.031384430510012974
नाम,29333,0.031249134424650736
दिएका,29225,0.031134079485917492
सम्बन्धित,29221,0.031129818191890334
बाटो,29154,0.03105844151693545
विश्वास,28828,0.030711146053722136
थिए।,28802,0.030683447642545613
मन,28801,0.03068238231903882
सुरक्षा,28766,0.030645095996301195
सकेको,28721,0.030597156438495678
थालेको,28524,0.030387287707658184
लक्ष्य,28420,0.030276494062952096
दोस्रो,28244,0.03008899712575718
किसानलाई,28229,0.03007301727315534
व्यावसायिक,28191,0.030032534979897347
जस्तै,28172,0.030012293833268346
गर्छ,28160,0.029999509951186873
हुनु,28104,0.029939851834806675
फरक,28068,0.02990150018856226
कर्मचारी,28054,0.02988658565946721
संस्था,27951,0.029776857338267914
कायम,27900,0.02972252583942166
आग्रह,27890,0.029711872604353765
बाँकी,27673,0.029480697403380482
गर्नुपर्छ,27598,0.029400798140371283
छैनन्,27519,0.029316637583334935
मन्त्रालय,27462,0.029255914143447942
त्यसपछि,27419,0.029210105232656
बनाएर,27279,0.0290609599417055
भन्छन्,27269,0.029050306706637608
महत्वपूर्ण,27267,0.029048176059624026
आवश्यकता,27173,0.028948035649985833
सिर्जना,26891,0.028647614421071246
स्रोत,26889,0.028645483774057668
नागरिक,26839,0.028592217598718207
भूमिका,26826,0.02857836839312994
सुविधा,26736,0.028482489277518903
भौतिक,26653,0.02839406742645539
विकासको,26649,0.02838980613242823
विश्व,26640,0.028380218220867132
गाउँमा,26636,0.028375956926839974
जसले,26563,0.028298188310844356
छौँ,26551,0.028285404428762883
अनुसन्धान,26484,0.028214027753807998
बन्द,26458,0.028186329342631475
कर,26318,0.028037184051680975
नाममा,26286,0.028003093699463716
शुरु,26281,0.02799776708192977
नेपालका,26250,0.0279647420532193
संघीय,26239,0.02795302349464462
खरिद,26207,0.02791893314242736
पु,26163,0.02787205890812863
नहुने,26097,0.027801747556680537
केन्द्रीय,26090,0.027794290292133015
त्यस,26066,0.02776872252797007
गराउने,25998,0.027696280529508392
अवसर,25956,0.027651536942223245
बाट,25875,0.02756524573817331
यसमा,25688,0.02736603024240371
वाणिज्य,25662,0.027338331831227188
लाग्ने,25648,0.02732341730213214
मानव,25439,0.027100764689213176
ज्ञान,25399,0.0270581517489416
दैनिक,25335,0.026989971044507087
प्रविधि,25274,0.026924986310592938
मन्त्रालयले,25262,0.026912202428511466
विदेशी,25241,0.026889830634868894
अधिकृत,25231,0.026879177399801
हामीलाई,25230,0.026878112076294206
प्रत्येक,25167,0.02681099669536648
आन्तरिक,25096,0.02673535872638444
सचिव,25090,0.026728966785343703
छन,25089,0.026727901461836918
यसका,25067,0.02670446434468755
आधार,25046,0.026682092551044978
निर्वाचन,24755,0.026372083410569288
क्षमता,24733,0.026348646293419924
१४,24715,0.026329470470297715
कतिपय,24530,0.02613238562154169
थिएन,24517,0.026118536415953433
गठन,24486,0.026085511387242966
खाद्य,24485,0.026084446063736173
बताए।,24464,0.0260620742700936
कर्जा,24452,0.02604929038801213
सामान्य,24440,0.026036506505930656
जिल्लाको,24436,0.026032245211903497
ऐन,24384,0.025976848389550458
लगायत,24357,0.025948084654867143
बैंकले,24348,0.02593849674330604
माओवादी,24333,0.0259225168907042
जान,24308,0.025895883803034467
प्रभावकारी,24299,0.025886295891473364
ठूला,24281,0.025867120068351155
कस्तो,24207,0.025788286128848748
संघ,24153,0.025730758659482125
लाई,24152,0.025729693335975336
नगर,24128,0.025704125571812394
लिएको,24109,0.0256838844251834
१३,24078,0.025650859396472925
अर्थ,24064,0.025635944867377875
पहिले,24035,0.025605050485680986
परेका,24034,0.0256039851621742
बताउँछन्,23989,0.02555604560436868
प्राकृतिक,23949,0.025513432664097106
पुग्ने,23938,0.025501714105522426
सम्झौता,23903,0.025464427782784797
महिना,23897,0.02545803584174406
उत्पादनमा,23874,0.025433533401087907
पहिचान,23848,0.025405834989911384
नियन्त्रण,23796,0.025350438167558345
असर,23794,0.025348307520544764
छैन।,23748,0.025299302639232454
फेरि,23659,0.025204488847128205
समन्वय,23596,0.025137373466200482
रहने,23569,0.025108609731517167
अभाव,23531,0.025068127438259178
स्थानमा,23462,0.024994620116290715
दिनुभयो,23444,0.024975444293168506
गरिनेछ,23433,0.024963725734593822
वैदेशिक,23428,0.02495839911705988
समाधान,23374,0.02490087164769325
नेपालले,23357,0.024882761148077834
बनाएको,23345,0.024869977265996365
बन्न,23339,0.02486358532495563
तालिम,23304,0.024826299002218003
नेतृत्व,23300,0.024822037708190844
तहमा,23239,0.0247570529742767
जति,23201,0.024716570681018707
गर्नुभएको,23126,0.024636671418009508
कृषक,23115,0.024624952859434824
४०,23074,0.024581274595656462
जनता,23068,0.024574882654615725
हाम्रा,23061,0.024567425390068204
भई,23059,0.024565294743054626
राखेर,23015,0.024518420508755894
सालमा,22946,0.02444491318678743
कृषिमा,22887,0.024382059099886864
त्यसलाई,22869,0.024362883276764655
उनका,22772,0.024259546896606095
बाहिर,22741,0.024226521867895624
काममा,22712,0.024195627486198735
राख्ने,22710,0.024193496839185157
गर्नुभयो,22694,0.024176451663076526
गर्छन्,22608,0.024084833841492646
हुन्छन्,22571,0.024045416871741443
व्यक्त,22567,0.024041155577714284
सुझाव,22564,0.024037959607193914
संविधान,22349,0.023808915053234216
लिने,22340,0.023799327141673113
कर्णाली,22278,0.023733277084252175
सामुदायिक,22248,0.023701317379048497
समाज,22234,0.023686402849953447
सात,22197,0.023646985880202243
विद्यालय,22118,0.023562825323165885
सांसद,22076,0.023518081735880735
जरुरी,22050,0.02349038332470421
जमिन,22049,0.023489318001197423
रहेछ,22015,0.023453097001966586
दर्ता,21992,0.023428594561310433
जिम्मेवारी,21954,0.02338811226805244
पूर्व,21853,0.023280514593866722
दिनमा,21833,0.02325920812373093
विनियोजन,21820,0.02324535891814267
प्रभाव,21816,0.023241097624115515
उनलाई,21807,0.023231509712554412
दुवै,21781,0.02320381130137789
मुख्यमन्त्री,21781,0.02320381130137789
हुन्छ।,21719,0.02313776124395695
क्षति,21670,0.023085560392124276
बढाउन,21640,0.023053600686920597
गराउन,21632,0.023045078098866283
निर्यात,21584,0.022993942570540396
१६,21575,0.022984354658979293
अधिकारी,21495,0.022899128778436147
१८,21485,0.022888475543368255
नसकेको,21448,0.02284905857361705
असार,21397,0.022794727074770798
मार्फत,21319,0.02271163184124123
प्रयास,21287,0.022677541489023973
सम्बन्ध,21267,0.022656235018888186
अझ,21233,0.02262001401965735
ल्याउन,21174,0.022557159932756782
सम्पूर्ण,21099,0.022477260669747583
लाग्छ,21075,0.022451692905584637
प्राथमिकता,21051,0.022426125141421695
संख्या,21010,0.022382446877643337
सहभागी,20980,0.022350487172439655
राज्य,20925,0.022291894379566243
किसानको,20923,0.022289763732552665
अरु,20914,0.02228017582099156
संयुक्त,20871,0.02223436691019962
भूमि,20836,0.022197080587461997
आउन,20757,0.02211292003042564
उहाँको,20745,0.022100136148344166
पूर्ण,20737,0.022091613560289852
गुनासो,20725,0.022078829678208383
सोही,20676,0.022026628826375703
औद्योगिक,20602,0.021947794886873297
आधारित,20596,0.02194140294583256
प्रश्न,20577,0.021921161799203562
वार्षिक,20577,0.021921161799203562
अधिकांश,20574,0.021917965828683196
संकलन,20573,0.021916900505176407
व्यक्ति,20446,0.021781604419814162
नगरपालिकाले,20436,0.021770951184746274
सञ्चालनमा,20419,0.021752840685130854
श्रम,20414,0.021747514067596906
कारणले,20367,0.02169744386277781
माथि,20329,0.021656961569519816
विकासमा,20315,0.021642047040424765
त्यस्तो,20290,0.02161541395275503
शर्मा,20274,0.021598368776646407
एमाले,20253,0.021575996983003828
त्यसमा,20193,0.02151207757259647
प्रक्रिया,20171,0.021488640455447103
अभियान,20058,0.021368258899179912
गरेपछि,20053,0.021362932281645965
प्रवेश,20002,0.02130860078279971
पहल,19958,0.021261726548500982
कुल,19953,0.021256399930967035
नि,19936,0.021238289431351618
प्रदेशको,19922,0.021223374902256568
अहिलेको,19910,0.0212105910201751
मृत्यु,19874,0.021172239373930684
बाली,19747,0.02103694328856844
भएन,19713,0.021000722289337602
सम्मान,19689,0.02097515452517466
पोखरा,19669,0.020953848055038873
प्रभावित,19644,0.020927214967369143
योगदान,19586,0.020865426203975364
१७,19577,0.020855838292414258
कुन,19547,0.020823878587210576
संचालन,19533,0.02080896405811553
पशु,19487,0.02075995917680322
गरिन्छ,19457,0.02072799947159954
सम्बोधन,19436,0.020705627677956966
भवन,19411,0.020678994590287235
जिल्लाका,19356,0.020620401797413822
ल्याउने,19346,0.020609748562345927
भइसकेको,19329,0.02059163806273051
बस्ने,19300,0.02056074368103362
सहित,19281,0.020540502534404623
राहत,19252,0.02050960815270773
रोग,19174,0.02042651291917817
कानुन,19167,0.020419055654630643
सानो,19165,0.020416925007617062
यति,19137,0.02038709594942696
ल्याएको,19043,0.020286955539788768
जनताले,19030,0.020273106334200507
अहिलेसम्म,19014,0.02025606115809188
स्पष्ट,19012,0.0202539305110783
समाचार,18964,0.020202794982752414
प्रस्ताव,18949,0.020186815130150575
पाइन्छ,18947,0.020184684483136994
लगाउने,18922,0.02015805139546726
परिवार,18877,0.020110111837661742
पत्रकार,18834,0.020064302926869802
यहाँका,18825,0.0200547150153087
६०,18794,0.020021689986598232
उपयोग,18789,0.020016363369064285
गर्नका,18787,0.020014232722050707
भित्र,18725,0.01994818266462977
आधुनिक,18719,0.019941790723589033
थालेका,18694,0.0199151576359193
आफूले,18632,0.01984910757849836
बढ्दै,18623,0.01983951966693726
क्षेत्रलाई,18611,0.01982673578485579
कम्पनी,18605,0.019820343843815053
बढाउने,18588,0.019802233344199633
उपचार,18532,0.019742575227819432
आदि,18516,0.0197255300517108
यदि,18483,0.019690374375986756
विदेश,18468,0.019674394523384917
प्रणाली,18396,0.019597691230896087
भन्न,18378,0.01957851540777388
लागू,18358,0.01955720893763809
काठमाडौँ,18335,0.01953270649698194
उपाध्यक्ष,18329,0.019526314555941202
सम्बन्धी,18290,0.019484766939176418
सामग्री,18280,0.019474113704108526
चिया,18261,0.019453872557479532
पाएको,18210,0.019399541058633275
अनुगमन,18207,0.019396345088112908
विद्यार्थी,18172,0.01935905876537528
कसैले,18171,0.01935799344186849
बीमा,18171,0.01935799344186849
दाबी,18164,0.01935053617732097
आफू,18160,0.01934627488329381
कोभिड,18108,0.019290878060940767
उचित,18074,0.01925465706170993
बनेका,18048,0.019226958650533407
प्रदेशमा,18040,0.019218436062479093
मान्छे,18022,0.019199260239356884
अनुमान,18022,0.019199260239356884
निरन्तर,17983,0.019157712622592103
कहिले,17974,0.019148124711031
ओलीले,17906,0.019075682712569327
निर्माणको,17897,0.01906609480100822
२०७५,17874,0.01904159236035207
भारतको,17815,0.0189787382734515
बन्ने,17778,0.018939321303700293
समितिका,17772,0.018932929362659556
बैंकको,17770,0.018930798715645982
खाने,17761,0.018921210804084876
राख्न,17741,0.01889990433394909
धार्मिक,17739,0.01889777368693551
कमजोर,17707,0.018863683334718256
गाउँपालिकाले,17695,0.018850899452636783
बर्ष,17633,0.018784849395215845
बीउ,17627,0.01877845745417511
सरकारलाई,17620,0.018771000189627584
निम्ति,17614,0.018764608248586848
दिएर,17610,0.01876034695455969
आत्मनिर्भर,17598,0.01874756307247822
तत्काल,17562,0.018709211426233805
जम्मा,17560,0.018707080779220224
शैक्षिक,17555,0.01870175416168628
परियोजना,17543,0.018688970279604807
विचार,17532,0.018677251721030127
स्थापित,17496,0.01863890007478571
पार्टीको,17486,0.018628246839717817
पर्दछ,17450,0.018589895193473403
अस्पताल,17379,0.01851425722449136
ठाउँ,17378,0.01851319190098457
शाखा,17330,0.018462056372658686
तहको,17267,0.018394940991730956
देशका,17256,0.01838322243315628
रोजगार,17244,0.018370438551074807
जो,17197,0.018320368346255708
कोही,17185,0.018307584464174236
प्रदेशका,17145,0.018264971523902666
निर्माणका,17127,0.018245795700780457
त्यति,17097,0.018213835995576775
लागी,17061,0.01817548434933236
संस्कृति,17050,0.01816376579075768
सुरक्षित,17049,0.01816270046725089
खानेपानी,17039,0.018152047232182996
अन्तर्गत,17009,0.018120087526979318
२२,17003,0.01811369558593858
संयोजक,16991,0.01810091170385711
उसले,16988,0.018097715733336742
गर्दछ,16957,0.018064690704626275
एउटै,16912,0.018016751146820754
संरचना,16894,0.01799757532369855
जेठ,16883,0.017985856765123865
केन्द्रित,16865,0.017966680942001656
अन्त्य,16818,0.01791661073718256
जब,16817,0.01791554541367577
सांस्कृतिक,16790,0.01788678167899246
अनुभव,16765,0.017860148591322726
गाउँपालिकाको,16731,0.017823927592091893
हुनुपर्छ,16699,0.017789837239874633
अर्थात्,16696,0.017786641269354263
व्यवस्थित,16691,0.01778131465182032
मुलुकको,16679,0.017768530769738847
राखेको,16668,0.017756812211164163
सकारात्मक,16646,0.0177333750940148
त्यसका,16604,0.017688631506729648
टन,16604,0.017688631506729648
प्रकाशित,16603,0.01768756618322286
तत्कालीन,16583,0.017666259713087072
भएपनि,16561,0.017642822595937708
प्रत्यक्ष,16555,0.01763643065489697
विज्ञान,16506,0.017584229803064295
आफूलाई,16490,0.017567184626955668
समितिले,16485,0.01756185800942172
बढ्ने,16480,0.017556531391887772
अन्तिम,16479,0.017555466068380984
निर्देशन,16459,0.0175341595982452
२१,16417,0.017489416010960046
नहुँदा,16399,0.01747024018783784
बताउँदै,16294,0.017358381219624963
पर्यटकीय,16274,0.017337074749489177
जे,16258,0.01732002957338055
उपयुक्त,16258,0.01732002957338055
तेस्रो,16234,0.017294461809217607
राष्ट्रपति,16225,0.017284873897656504
नसक्ने,16114,0.01716662298840289
हुनुपर्ने,16040,0.01708778904890048
हेर्दा,16019,0.017065417255257904
श्रेष्ठ,16009,0.01705476402019001
जनतालाई,16005,0.017050502726162854
पाएका,15991,0.017035588197067804
हासिल,15979,0.01702280431498633
भएकोले,15977,0.017020673667972754
पक्राउ,15970,0.01701321640342523
परीक्षण,15943,0.016984452668741917
२४,15920,0.016959950228085763
शक्ति,15919,0.016958884904578975
गएर,15913,0.01695249296353824
राजनीति,15913,0.01695249296353824
ग्रामीण,15894,0.01693225181690924
केहि,15875,0.016912010670280246
हुन्थ्यो,15869,0.01690561872923951
समितिको,15801,0.016833176730777836
व्यवसायी,15797,0.016828915436750677
दिइएको,15784,0.016815066231162416
कुरामा,15756,0.016785237172972315
आम,15744,0.016772453290890846
निर्वाचित,15710,0.01673623229166001
जोखिम,15706,0.01673197099763285
सीमा,15700,0.016725579056592117
खान,15699,0.016724513733085325
बसेर,15685,0.016709599203990275
कार्यक्रमको,15683,0.016707468556976697
अमेरिकी,15652,0.01667444352826623
मुलुक,15649,0.01667124755774586
आलु,15636,0.0166573983521576
अवसरमा,15631,0.01665207173462365
पक्षमा,15605,0.01662437332344713
सहमति,15564,0.01658069505966877
आरोप,15559,0.016575368442134822
भनाई,15554,0.016570041824600878
बसेको,15541,0.016556192619012616
बिहान,15502,0.016514645002247832
मुलुकमा,15490,0.016501861120166363
सपना,15482,0.01649333853211205
यसै,15477,0.0164880119145781
या,15474,0.01648481594405773
सम्भव,15456,0.016465640120935522
आठ,15442,0.016450725591840472
८०,15432,0.016440072356772584
बैठकमा,15412,0.016418765886636794
राखिएको,15408,0.01641450459260964
त्यसले,15404,0.01641024329858248
मन्त्रालयका,15387,0.016392132798967063
समृद्ध,15380,0.016384675534419538
नगरपालिकाको,15364,0.01636763035831091
बैठक,15360,0.01636336906428375
२०७६,15359,0.016362303740776962
दक्षिण,15302,0.016301580300889972
दूध,15258,0.016254706066591244
कहाँ,15251,0.01624724880204372
गरिएका,15248,0.01624405283152335
भनी,15227,0.016221681037880773
समग्र,15220,0.016214223773333248
लगाएको,15215,0.0162088971557993
हुन्।,15205,0.01619824392073141
राज्यले,15193,0.016185460038649936
समाजमा,15180,0.016171610833061675
एकीकृत,15177,0.016168414862541308
तह,15175,0.01616628421552773
भाषा,15127,0.016115148687201843
एवम्,15113,0.016100234158106793
पाउन,15101,0.01608745027602532
चीन,15097,0.016083188981998165
सरकारका,15063,0.016046967982767328
प्रति,15054,0.016037380071206222
मानिस,15041,0.016023530865617964
कांग्रेस,15013,0.015993701807427863
आजको,14989,0.015968134043264918
पर्याप्त,14984,0.015962807425730974
पौडेलले,14971,0.015948958220142712
अर्थतन्त्र,14957,0.015934043691047662
ग,14912,0.01588610413324214
यसअघि,14909,0.015882908162721775
यात्रा,14905,0.015878646868694616
उत्पादनको,14832,0.015800878252698998
हुनुहुन्छ,14773,0.015738024165798427
दिगो,14771,0.01573589351878485
आयो,14738,0.0157007378430608
गएका,14736,0.015698607196047223
प्राथमिकतामा,14724,0.01568582331396575
भनिएको,14718,0.015679431372925014
तर्फबाट,14711,0.01567197410837749
सबैको,14700,0.01566025554980281
महोत्सव,14682,0.0156410797266806
प्रहरीले,14680,0.015638949079667022
जाँदा,14659,0.015616577286024447
बाध्य,14641,0.015597401462902241
त्यसैगरी,14639,0.015595270815888662
पहुँच,14637,0.015593140168875082
प्रोत्साहन,14609,0.015563311110684982
हात,14608,0.015562245787178191
परम्परागत,14601,0.015554788522630666
हिसाबले,14585,0.01553774334652204
उहाँ,14585,0.01553774334652204
पुगेका,14572,0.015523894140933778
नदी,14569,0.01552069817041341
उनीहरूले,14526,0.01547488925962147
नियमित,14520,0.015468497318580734
माघ,14517,0.015465301348060366
समूह,14511,0.01545890940701963
केपी,14510,0.01545784408351284
फाइदा,14509,0.015456778760006052
राज्यको,14482,0.015428015025322738
वर्षदेखि,14461,0.015405643231680165
ऊर्जा,14454,0.01539818596713264
निरन्तरता,14441,0.015384336761544378
पानीको,14436,0.01537901014401043
होस्,14429,0.015371552879462905
सम्बन्धमा,14429,0.015371552879462905
कार्यालयले,14353,0.015290588292946921
चरणमा,14349,0.015286326998919762
प्रतिनिधि,14341,0.015277804410865448
साउन,14322,0.01525756326423645
भ्रमण,14322,0.01525756326423645
२०७४,14321,0.015256497940729662
यातायात,14317,0.015252236646702503
सन्दर्भमा,14312,0.015246910029168557
वस्तु,14310,0.015244779382154978
दिनु,14293,0.015226668882539561
प्रशासन,14289,0.015222407588512404
जहाँ,14269,0.015201101118376617
२८,14261,0.015192578530322302
थापा,14257,0.015188317236295145
श्रेष्ठले,14254,0.015185121265774777
खाना,14249,0.01517979464824083
७०,14226,0.015155292207584678
बढ्न,14195,0.015122267178874207
सभा,14187,0.015113744590819895
सिँचाइ,14180,0.01510628732627237
बहादुर,14172,0.015097764738218056
मुद्दा,14138,0.015061543738987217
उपभोक्ता,14126,0.015048759856905748
बलियो,14117,0.015039171945344643
पुल,14107,0.01502851871027675
निर्धारण,14102,0.015023192092742802
आएर,14026,0.014942227506226815
निश्चित,14015,0.014930508947652134
बताउनु,14012,0.014927312977131766
गाउँपालिकाका,14007,0.01492198635959782
गम्भीर,13998,0.014912398448036716
चालु,13982,0.014895353271928086
चर्चा,13976,0.01488896133088735
सक्रिय,13969,0.014881504066339825
अरू,13961,0.014872981478285512
आन्दोलन,13941,0.014851675008149726
मकै,13928,0.014837825802561464
लागेका,13886,0.014793082215276313
आमा,13878,0.014784559627222
दलित,13852,0.014756861216045476
उनीहरूको,13846,0.014750469275004742
भुक्तानी,13842,0.014746207980977585
धारणा,13834,0.014737685392923269
शान्ति,13820,0.014722770863828219
कारोबार,13797,0.014698268423172064
सबैले,13769,0.014668439364981965
ओली,13768,0.014667374041475174
२७,13767,0.014666308717968386
सहकार्य,13763,0.014662047423941229
बैठकले,13740,0.014637544983285074
सबैलाई,13733,0.01463008771873755
चिनियाँ,13712,0.014607715925094973
वर्तमान,13686,0.01458001751391845
मन्त्रालयको,13682,0.014575756219891293
गलत,13678,0.014571494925864136
नगरपालिकाका,13672,0.014565102984823403
अपेक्षा,13668,0.014560841690796245
उसको,13652,0.014543796514687615
नभई,13636,0.014526751338578985
उत्पादित,13635,0.014525686015072196
सुन्तला,13633,0.014523555368058617
सोमबार,13632,0.014522490044551828
सोच,13621,0.014510771485977146
मूल,13619,0.014508640838963568
परिचालन,13612,0.014501183574416043
२६,13611,0.014500118250909255
पुनः,13594,0.014482007751293836
निर्माणमा,13582,0.014469223869212363
गर्यो,13569,0.014455374663624102
थालेपछि,13567,0.014453244016610522
फिर्ता,13541,0.014425545605434003
जलवायु,13536,0.014420218987900055
पुरानो,13535,0.014419153664393267
थोरै,13520,0.014403173811791426
राजधानी,13432,0.014309425343193969
थापाले,13430,0.01430729469618039
बचत,13421,0.014297706784619285
संस्थाले,13405,0.014280661608510655
निर्देशक,13400,0.01427533499097671
प्रतिबद्धता,13383,0.014257224491361293
हेक्टर,13374,0.014247636579800188
प्रतिवेदन,13352,0.014224199462650822
२३,13337,0.014208219610048983
उनीहरुले,13319,0.014189043786926777
बिरुवा,13315,0.014184782492899619
लगाउन,13262,0.014128320347039786
मत,13258,0.014124059053012629
दल,13253,0.014118732435478683
भयो।,13248,0.014113405817944735
ऐतिहासिक,13203,0.014065466260139216
उनीहरू,13185,0.014046290437017009
कमी,13185,0.014046290437017009
कतै,13168,0.014028179937401589
जनाको,13150,0.014009004114279383
उद्घाटन,13101,0.013956803262446709
सीप,13096,0.013951476644912761
कार्यकारी,13075,0.013929104851270186
पार्ने,13074,0.013928039527763395
संलग्न,13068,0.013921647586722659
स्थिति,13033,0.013884361263985035
कम्पनीले,13024,0.01387477335242393
नेतृत्वमा,13004,0.013853466882288144
दिँदै,12992,0.013840683000206674
चुनाव,12980,0.013827899118125202
विद्युत्,12972,0.013819376530070888
बढ्दो,12930,0.013774632942785737
पश्चिम,12924,0.013768241001745
भाग,12915,0.013758653090183896
फागुन,12907,0.013750130502129582
पार्टीका,12906,0.013749065178622791
पहाडी,12892,0.013734150649527741
प्रवाह,12892,0.013734150649527741
व्यवसायिक,12870,0.013710713532378379
शुक्रबार,12855,0.013694733679776538
विवरण,12851,0.01369047238574938
३५,12848,0.013687276415229013
फलफूल,12842,0.013680884474188276
तपाईं,12836,0.01367449253314754
साधन,12791,0.013626552975342023
