clip_id,annotation_id,subject_nepali,action_nepali,background_object_nepali,note_nepali,submitted_at,user_id,task_id
clip_1,annotation_1,मुख्य गयक् को दुबैपत्ति पछदि सह-कलक हरु छन्,गौद गौदै केत हरु नछ्न थलेक छ्हन्,छरै तिर पहेलो बत्ति बोलेको,,2026-06-02 07:48:30.042841,5,e4c30d8683214bc585b2f3f47dc1da67
clip_2,annotation_2,पहध् ओरि परि गै भेद हरु छ्हन्,खैरो रन्ग् को पध्दि पोसक् लगको क्त लेय् भेद हरु लै धपौदै छ्ह अनि एऔत सुन्दर् केति लेय् त्यो द्रिस्ह्य देखेर रमौदै छ्हिन्,"नेलो अअक्स्ह् छरै तिर हरियलि, थुल थुल रुख्, र सुन्दर् मौसम्",,2026-05-29 19:05:26.427999,5,0dbdb3d130b0447290c7b9bbf738a724
clip_3,annotation_3,बिछ्म मुख्य कलकर् (केत) र कलकर् (केति) एक्कै सथ बसेक छन्,मुख्य जोदि बिछ्म बसेर एक्-अर्कलै हेर्दै रमिलो अभिनय् गर्दै छ्हन्,धुन्ग ले बनेको थुलो सिर्यनि जस्तो थौ म परम्पर्गत् भद देखिन्छ,,2026-05-29 17:31:57.437105,5,ddd51d69854542b1ad0ec887a883fb56
clip_4,annotation_4,गुलाबी साडीमा सजिएकी एक सुन्दरी महिला र उनको सामुन्ने सेतो पोसाकका साथै टाउकोमा रातो फेटा बाँधेका एक पुरुष।,एकअर्कालाई हेर्दै लजाएर खुला हृदयले मुस्कुराइरहेका छन्।,"रात्रिकालीन धमिलो पृष्ठभूमिमा, परम्परागत थारु पोसाक लगाएका र हातमा बलिरहेको दियो बोकेका नर्तकीहरू उनीहरूलाई केन्द्रविन्दुमा राखी वरिपरि घुम्दै नृत्य गरिरहेका छन्।",,2026-06-04 18:28:07.762581,6,ec0e2ac710ae4dfba696dcbc366e0ddc
clip_5,annotation_5,केति ले अकस्हि निलो र सएतो चोम्बिनतिओन् को मोदेर्न् लेहेन्ग-स्त्य्ले द्रेस्स् लगयेकि छिन्. उन्को wअरिपरि रम्र सेतो र रन्गेएन् फोओल् को बोत् हरु छ्हन् र पोओतलि पनि झुतियेको देखिन्छ्ह,"केति छौर् को फोओल् को छेउम बसेर, एउत सेतो फोओल् मथि बसेको पुतलि लै xओप्न खोज्दै अनि गेएत् को तअल् म लिप्-स्य्न्च् र अअस्हमयि एxप्रेस्सिओन् दिरहिएकि छिन्.","हर्यो पहअदि भु-भअग्, मथि खुल्ल अअकस्ह्, र सिदे म थोरै धमिलो रुप म पहअदि गौन् र दन्द हरु देखिन्छ्हन्.",,2026-06-12 12:43:39.342388,5,888ac2889a0e4fe8bd36dc2dcfe0105b
clip_6,annotation_6,क्त र क्त्,नछिरxअन् हअत् म रुमल् बोकेर,लिघ्त् अनि बच्क्ग्रोउन्द् दन्चेर् नछिरxअन्,,2026-06-03 17:51:24.253684,7,1e803609bb014c3d8e5707d702b8f22a
clip_7,annotation_7,क्त्,क्त् बोलिरxअ,पहद्,,2026-06-04 12:04:33.411462,7,2264735f487a4a4a99029569fc9cb569
clip_8,annotation_8,क्त र क्त्,धेरै मन्छे हरु नछिरको छअन्,येल्लोw wअल्ल् छ अनि नछिरxअन्,,2026-06-03 17:49:42.077454,7,ac04601d750c40e68ee8904b6a34db3c
clip_9,annotation_9,"बैगनि बुत्तेय्धर् कुर्थ र कम्मर् पतुक बधेक एक् मुख्य युwअ पत्र र उन्को दय तर्फ़ छोलि, हल्क पहेलो रन्ग्को फ़रिय र घति म पोतेय् लगयेकि एक् मुख्य युwअति पत्र",ति युwअ र कम्मर् मर्कौदै गरेकि युwअति छन्छल् रुप् म न्रित्य गरिरहेक,हरियलि देखिनेय् ग्रमिद् भेग् को प्रिस्तभुमि & सहयेक् रुप् म रतो  छोलि र गध पहेलो रन्ग् को फ़रिय सन्गै घति म पहेलो पोतेय् लगयेक नर्तकिहरु,,2026-06-12 09:52:57.569079,6,12f4196a0dc247ccbfbca5046fcf12c8
clip_10,annotation_10,केति हरु घस् मथि उबियेको छ्हन्,केति हरु नछि रछेको छ्हन्,हरि घस् को छेउम सनो खोल छ्ह वने पxअदि जुन्ग्ले छ्ह,,2026-05-29 08:42:57.874164,5,8bf35e5bbd1442af834ef86d227f3a19
clip_11,annotation_11,एक् जन युwअक्,अअख छिम्लेर भित्तम अदियेको,"भित्त, बहिरि बतबरन्",,2026-06-05 10:00:37.980933,4,cc11193ca09c45ec98dfc964256ef43e
clip_12,annotation_12,बिछ्म मुख्य जोदि एक्कै सथ बसेक छन्.,मुख्य जोदि एक्-अर्कको छेउम बसेर एक्-अर्कलै हेर्दै प्रेमिलो (रोमन्तिच्) गफ़्फ़् गैरहेको जस्तो अभिनय् गर्दैछन्,"छेउ-छेउ म इत्त ले बनेक थौ हरु छन्, जहन् रमिलो र रन्गिछन्गि तकिय हरु रहियेक छन्.",,2026-06-02 07:57:51.072556,5,903c3d5484dd4561a28f418de2161d13
clip_13,annotation_13,"Sundar newari kapada Haku Patasi(kalo rang ko saree jasto),Misā Lān (मिसा लाँ) / Cholo ra sir ma eauta rato phool lagaki eauti keti",छौर् मथि बसेर चमेर तिर फ़र्केर धेरै एxप्रेस्सिओन् दिदै अनि नछ्दै गरेको,"सुरु र अन्तिम् को स्होत् मे बच्क्गोरुन्द् एअक्दम् धमिलो देखिन्छ्ह वने बिछ् को स्होत् म पुरै स्पहअदि भु-भअग्, जहन् खुल्ल हर्यो छौर्, र पछदि पत्ति हरियो दद देख्न सकिन्छ्ह.",,2026-06-12 07:52:32.992759,5,3716ca99b4834d8e9e3280e48f3f2851
clip_14,annotation_14,चमेर,क्त् ले चमेर समतेको,पनि घस्स् रुख्,,2026-05-30 05:11:18.296445,7,4e25feb682b242848d0845ed827426e1
clip_15,annotation_15,तब्ले मथि बसेको एऔत कुकुर्,"पसल् अअगदि कलो छिय खै रहेको एऔत केत, धयन् दियेर हेअर्दै",सहर् को बतो जह धेरै पसल् अनि होतेल्,,2026-06-04 18:08:23.254829,5,ec479b1f5b8e4d6cb97d251daba66813
clip_16,annotation_16,क्त र क्त्,क्त र क्त् नछिरxअन्,दोको छ,,2026-06-04 12:43:07.690440,7,7bf62cc10d824e3c91e15e058bfed528
clip_17,annotation_17,एउत महिल र एउत निलो जेअन्स् र सेतो स्हिर्त् लगयेको पुरुस्ह्,"महिल अगदि हिदै wअ नछ्दै गरेकि, पुरुस्ह्ले हअत् उथौदै उन्लै इसर गरेको","कथ्को खम्बहरु भयेको धकियेको गल्छ्हि, इतको  वित्त  र धलको भुइ,",,2026-06-12 10:30:11.018598,4,e11702c9ef18438aa77a05af001c5a0b
clip_18,annotation_18,"पहेलो रन्ग् को स्हिर्त्, कलो पन्त् र खैरो तोपि लगयेक एक् युwअ पुरुस् भुइ म बसिरहेको र छेउ म रतो र कलो रन्ग् को अधुनिक् पोसक् लगयेकि एक् युwअ महिल बसिरहेकि छन्",ति महिल लेय् हस्दै अफ़्नो हअथ् हwअ म उथयेर हौभौ गरिरहेकि छन् व्हनेय् भुइ म बसेक पुरुस् लेय् उनि तिर हेर्दै कुर गर्न खोजिरहेको जस्तो देखिन्छ,थुल हरिय कमल्क पअत् हरु तैरिरहेको एउत स्यनो पोखरि को किनअर् र रतो छनो वयेको प्यगोद बनोत् को मन्दिर् र अधुनिक् भwअन्,,2026-06-12 10:06:23.433035,6,f0d37437b5ed4354afa8864963865fba
clip_19,annotation_19,केति लेय् अकस्हि निलो मोदेर्न् द्रेस्स् म हर्यो wअतेरिन्ग् चन् समतेर उभियेकि छिन्. छरै तिर रन्गि छन्गि फोओल् हरु छ्हन्.,केति फोओल् हरु लै पनि दिदै गरेको बेल केत हेरेर उबियेको छ्ह,पछ्हदि को पहध् म हल्क हरियलि अनि मन्xएय् हरु को बस्ति देखिन्छ्ह.,,2026-06-12 12:55:55.191082,5,3a314e7eb7de4833be14ab6e39560d23
clip_20,annotation_20,क्त र क्त्,क्त र क्त् सन्गै हिदिरxअन्,जुन्ग्ले छ,,2026-06-03 18:04:30.836809,7,739c661b0a7349cf982b73aa76f9c6f0
clip_21,annotation_21,क्त र क्त्,क्त ले क्त् को हअत् समतिरxअ,पहद्,,2026-06-04 12:08:40.694713,7,3b11768e9bd1499690d7ad5ff5bde397
clip_22,annotation_22,छ्यत्तेको लुग लगयेको एक् मन्छ्हे,फ़ोहोर् तिप्दै,"धुन्ग वयेको बतो, पुल्मुनि को xएत्र, झदिबुति, फ़ोहोर्",,2026-06-05 09:56:47.916995,4,a96a74e5aa7c469da2d579768fe9755e
clip_23,annotation_23,पोखरि को छेउ म केति उबियेको,केति लेय् चमेर बत फोतो खिछेको,हरि घस् को नजिक् एऔत पोखरि,,2026-05-29 08:51:12.240291,5,115da308778342078b92e33cd83791cf
clip_24,annotation_24,मोतो लुग लगको गौ घर् क मन्xएय् हरु,मन्xएय् हरु घौ घर् क थुल बद लै नमस्ते गर्दै अअगदि हिदेको,सनो पुरनो घर् को अअगदि स्तेएल् लेय् बनेको र देप्छि र अअगो बल्न रखेको सुकेको दौर,,2026-06-04 17:53:11.342455,5,4b50d33cde8a4c12bd7337b56633d0c2
clip_25,annotation_25,क्त,क्त नछिरxअ अनि क्त् लै देखैरxअ,दन्चेर् हरु,,2026-06-03 17:58:15.739371,7,218627668f4e4cebb69dc71fcb2dca44
clip_26,annotation_26,मगर् पोसक् लगयेक क्त हरु,हथ् म दम्फु लिदै गौदै गरेको,घर् को अअगन्,,2026-06-04 12:28:10.268799,5,c185f749ee534b2181bf37214359320b
clip_27,annotation_27,कौसि को भुइ म परम्परगत् मतो लेय् बनको भद हरु छ्हन्,नेप्लै पोसक् लयेको एऔत क्त् लैइ एउअत क्त लेय् पच्छौदै रमैलो गरि रहेको,परम्परगत् कथ् र धुन्ग को धछ जन परल् अनि फ़र्सि झुन्दको छ्ह,,2026-05-29 18:12:09.512067,5,92c12f7319d240e0b8cbaab72860401d
clip_28,annotation_28,कथ् को घर् मथि एऔत मोतो खैयो रन्ग् को चोअत् लगको एऔत मन्xएय्,एऔत मन्xएय् कथ् को घर् मथि किल्ल थोक्दै छ्ह. किल्ल थोक्दै गर्द उस्को धयन् एऔत सुन्दर् केति तर्फ़ गयेर उस्ले हतौद लेय् अअफ़्नो हथ् म हन्यो,एअक्दमै छिसो वयेर हुस्सु लगेर देखिन्छ,,2026-05-29 19:17:59.812272,5,752795ae36e94e56bee77050b4b8e2c4
clip_29,annotation_29,कोइ मन्xएय् हरु घर् को पेति म बसि रहेको र कोइ वने उबियेको,एक् जन क्त र केति छति म हथ् रखेर नछ्दै,थुलो अअगन् को ओरि परि घर् को भित्तम मकै र तुकि झुन्दको,,2026-05-29 10:29:58.231441,5,ce37b6ce3a604fdb9aecac2875096b68
clip_30,annotation_30,मन्छे,मन्छे हरु xअअन्,घर् हरु छ,,2026-06-04 12:47:03.412126,7,b6a8b58064a04d069fc239f658697a10
clip_31,annotation_31,नेwअरि पहिरन् लगयेको एक् पुरुस्ह् रतो गल्बन्दि लगयेको,गौदै र नछ्दै,"नेwअरि पहिरन् लगयेकि महिल हरु, धक तोपि लगयेक पुरुस्ह् सरन्गि र मदल् बजौदै, परल् को मुथिओ",,2026-06-12 11:13:39.223896,4,b5c1d0fa3503442f87517e8446a68db2
clip_32,annotation_32,एऔतो छोतो लुग लगयेको मोदेर्न् केति,चमेर म फ़र्केर नछ्दैइ गरेकोओ,मथि रतो इत्त लेय् छयेको अनि तेस्ह्लै सुप्पोर्त् गर्न सेतो रन्ग् को धेरै पिल्लर् हरु,,2026-06-12 10:05:42.102747,5,75896b418e624dae9bad51b2df5b1f6e
clip_33,annotation_33,क्त र क्त्,क्त र क्त् ले हअत् समतेर नछेको,दोको अनि बच्क्ग्रोउन्द् दन्चेर् हर् छन्,,2026-06-03 17:59:18.925621,7,138d029c3fe147ad9dc6f144364d1a0c
clip_34,annotation_34,"निलो फोओल् को बुत्त (फ़ुल्बुत्ते) वयेको छोलो, हथ् म हरियो छुर, सिर् म सिर्बन्दि अनि घति म कन्थ लगयेकि एऔति सुन्दर् केति",नयिक चमेर को अगदि बसेर गेएत् को थिक् भवन अनुसर् अच्तिन्ग् गर्दै छ्हिन्,"यो विदेओ एउत इन्दोओर् स्तुदिओ सेत् भित्र खिछियेको छ्ह, जहन् पछदि पत्ति एक्दम् छम्किलो र प्लैन् निलो रन्गको भित्त छ्ह.",,2026-06-12 07:26:12.030853,5,54bec2e16f624de98db02140ab79ccde
clip_35,annotation_35,"पुरनो (धुन्ग, मतो, कथ् अन्द् तिन् लेय् छयेको) घर् हरु",खद लगयेर बिदै गरि रहेको,थुल हेउ परेक हिमल् अनि अग्ल पहध् हरु,,2026-06-04 17:57:36.750179,5,03b07804aa584acb974b194fc20f2fdd
clip_36,annotation_36,तल नेलो जेअन्स् अन्द् सेतो फ़ुल्ल् स्लेएवेस् लगयेको एऔत केतो पहध् को भिर् म उबिदैइ,सुन्दर् द्रिस्ह्य देखेर केतो लेय् हथ् फ़ैलौदै तौको म रखेको,सौन्द्र् अअग्ल हरियलि वयेको पहध् लै कुहिरो लेय् धकेको देखिन्छ्ह,,2026-06-12 20:39:11.631672,5,c49755f06bf144afa6ea60653f53122c
clip_37,annotation_37,एऔत वर्खर् को युब,एक् पच्क् रक्सि घम्प्ये हनेर केतो मुख् बिगर्दै,सनो थौ वयेको भत्ति,,2026-06-04 18:25:36.470990,5,aaa38871ba824ede99223bb004f020ed
clip_38,annotation_38,एक् नेपलि युwअक् र महिल,"फुल् स्हिर् म लगौदै, हस्दै","झरि, अअकस्ह्",,2026-06-05 10:19:32.850678,4,015b9206d0f740f7b67b3ebc0885178f
clip_39,annotation_39,मन्xएय् हरु वेल वxअन् कुनै मोहत्सब् को तयरि,मन्xएय् हरु गोलो घेर बनयेर नछि रहेको देखिन्छ्ह,छौर् म हरियो घस् देखेको,,2026-06-02 15:35:34.849838,5,21509ef0339a4e0a874bac7cd08e8312
clip_40,annotation_40,बोओक्,क्त ले बोओक् को पन पल्तको छ,भित्त,,2026-05-30 05:20:51.815773,7,b591be5633954056922a7cb5e48bb346
clip_41,annotation_41,क्त,क्त हिदिरxअ,स्नोw,,2026-06-04 12:12:12.254441,7,ecd2eacfea3545779f55e9dfba8a084a
clip_42,annotation_42,अग्ल पहध् हरु,थे स्चेने इस् छ्नगिन्ग्,हिमल् को मथि बदल् हरु,,2026-06-04 17:55:11.175011,5,cc2db378a1034e72b189d1e91af4a763
clip_43,annotation_43,निलो स्हिर्त् अन्द् भित्र सेतो स्हिर्त् लगकेओ एऔत युबक् जस्लेय् तौको म रुमल् बधेको,निलो रन्ग्को पुतलि उदेर युबक् को हथ् म बस्ह्xअ अनि युबक् लेय् मुख् बत सनो सुस्केर फ़लेर पुतलि उध्xअ,कुनै अग्लो थौ बत खिछेको विएw. पछ्हदि अग्लो फध् अनि पहध् म केइ मन्xएय् को बस्ति (घर् हरु) देखिन्छ्ह,,2026-06-12 12:48:27.293903,5,559f396f34014cab8563db2e0cb32577
clip_44,annotation_44,स्तुप को अअगदि एऔत इत्त लेय् बनेको प्लत्फ़ोर्म् म खलि खुत्त म एऔत मोदेर्न् केति,नछ्दै गरेको,पच्छ्ह्दि एऔत सेतो स्तुप छ्ह. स्तुप को मथि र बिछ् म सुनौल रन्ग् को मुर्ति अनि गजुर् छअ. स्तुप छध्न को लगि धेरै सिधि हरु छ्हन्.,,2026-06-12 10:09:29.157360,5,3f3ebc3638b142f2a6f782ff39b7de52
clip_45,annotation_45,फ़रक् रन्ग्ग् को पोसक् लगको क्त र केति हरु.,क्त र केति हरु हथ् हल्लौदै नछ्दै छ्हन्.,पxअदि घर् तो थम् लै पहेको फोओल् लेय् सजयेको.,,2026-06-02 08:03:25.835580,5,f3a9a61cde034e16b8ce37caf4ab9a3b
clip_46,annotation_46,हरि फ़ेक रन्को सर्रे लगको केति सरै रम्रि देखेको,"केति लेय् केत को हथ् समतेर, तनेर दुबै जन नछ्दै गरेको देखिन्छ्ह",पxअदि तिहर् को जस्तो सयपत्रि मल झुन्दको अनि पहेको बत्ति बोलि रहेको,,2026-06-02 07:53:15.614201,5,be34aac1f81c4db5bcfed6ec5c7e5058
clip_47,annotation_47,अऔत तब्ले मथि रख को वर्ग अअकर् को  त्व् र तेस् बित्र अऔत क्त्,अऔत क्त् त्यो त्व् बित्र बसर गेन्-श् अअन्धोलन् को बर म वन्दै,अऔत कलो बित्थ,,2026-06-14 15:20:47.523304,1,0920ff34ef0d4c678c868571dd789b13
clip_48,annotation_48,केति लेय् हर्यो रन्गको स्लेएवेलेस्स् तोप् र रन्गेएन् स्किर्त् जस्तो चसुअल् मोदेर्न् द्रेस्स् लगयेकि छिन्. उनिले गेद-गेद भयेको सअन्स्क्रितिक् नेच्क्लचे (मल) पनि लगयेकि छिन्.,"केति लेय् त्यो बअर (फ़ेन्चे) को छेउम उभियेरw, चमेर पत्ति हेरेर रमिलो सन्ग हस्दै, अफ़्नो कपअल् मिलौने र लअज् मन्दै गेएत्को तअल् म झुम्रहेकि देखिन्छ्हिन्.",पुरै रति को बेल अअगदि र पछदि पत्ति धेरै जसो सेतो रन्गक गोलकर् पपेर् लन्तेर्न्स् हरु बलिरहेक देखिन्छ्हन्.,,2026-06-12 13:04:44.544259,5,a9af1737a18b451dacd255eedbcc1f41
clip_49,annotation_49,"नेपलि परम्पर्गत् पोसक् (दौर सुर्wअल्, इस्कोत्, धक तोपि, र गुनिउ-छोलो) लगयेक धेरै मनिस् हरु","मनिस् हरु दोको बोक्दै, सुपो हम्कौदै र परल् मिलौदै देखिन्छ्ह","गौन्को परम्पगत् झयल् र धुन्ग-मतो लेय् बनको घर्, कौसिम दोको र मकै झुन्दको, र मथिल्लो भअग् म हर्यलि दन्द र मकै बरि देखिन्छ",,2026-05-29 16:25:57.153986,5,ece87d1bc4584417a8e7f2f48848afd0
clip_50,annotation_50,"एऔत हन्द्सोमे केत जस्ले छम्किलो निलो रन्गको छुब, कअलो पन्त्, छस्म, र क्मर् म किपत् (त्रदितिओनल् बेल्त्) बधेको छ्हन्.",एनेर्गेतिच् रुप म लिप्-स्य्न्चिन्ग् र दन्चे गर्दै अअफ़्नो हअत्ले छ्हथि म छ्हुने र पहअद् पत्ति इसर गर्दै,"द्रिस्ह्य म धुन्ग र मतोले बनेको पुरनो घर् र तेस्को भत्किएको छ्हत् देखिन्छ्ह, जहन् थोर बुद्धिस्म् को झन्द पनि बधियेको छ्ह. पछदि पत्ति नन्ग पहअद् र सएतो बदल् भयेको खुल्ल अअकस्ह् छ्ह.",,2026-06-12 16:18:48.523553,5,ebcecae8cca04c98af0bda562777066d
clip_51,annotation_51,"तिन् जन युwअ हरु, जस् मध्ये अगदि को एक् जन युwअ ले छुरोत् समतेको छ","एक् जन युwअ छुरोत् तन्दै छ, अरु युwअ हरु उस्को छेउ म उभियेर तल तिर हेर्दै छन्",इत्त को भित्त र रन्गिन् बत्ति भयेको भित्र को पर्त्य् जस्तो थौ,,2026-07-11 05:10:56.296659,4,b4b018af507c45af8ed954951c671ab8
clip_52,annotation_52,एक् जन युwअक्,खदै,"धोक,झरि",,2026-06-05 10:05:16.368539,4,f205d27f004f44488383dbb460ac4934
clip_53,annotation_53,एक् जन युwअक् र दुइ ओत कुकुर्,कुकुर् सन्ग बसेको,"सदक्, घर्, कुकुर्",,2026-06-05 10:25:23.256387,4,1ce641cef5f74030bc6116ae3ef81ba4
clip_54,annotation_54,"कलो र सुनुलो चोम्बिनतिओन्स् भयेको छोलो, रन्गेएन् छ्हित्को गुनिउ, कम्मर् म पियेलो पतुक, र कअध् देखि झुन्दियेको निलो रअतो स्हwल् लगयेक धेरैजन केति हरु को समुह छ्ह.","गेएत् को रमिलो तअल् सन्गै सबै केति हरुले अफ़्नो दुइ हअत् मथि उथौदै,स्मोओथ् wअय् म कम्मर् मर्कौदै समुह म गरिरहेक छ्हन्.",बच्क्गोउन्द् म केहि मनिस्ह् हरु उन्बियेको देख्न सकिन्xअ,,2026-06-12 08:32:20.983321,5,9fe54b1c20c340b99273b529eb544aa5
clip_55,annotation_55,केत हरुले निलो र रेद् पोसक् लगयेक छन् भने केति हरुले रन्गि छन्गि परम्पर्गत् गुनिउ-छोलो लगयेकि छन्,उनिहरु सबै सिर्यनि को मथिल्लो भअग् म लिने लगेर केत दन्चेर्स् हरुले अअफ़्नो जोदि केति कलकर् लै बोकि-रहेक,थुलो धुन्ग को सिर्यनि  को मथि थुलो परम्पर्गत् गौन्ले धन्छ क घर् हरु र बिछ्म एउतै अअकर् को पौwअ मन्दिर् देखिन्छ्ह,,2026-05-29 17:35:37.569105,5,909b80f5f6a24254870fa8d240d2c89b
clip_56,annotation_56,क्त र क्त्,क्त र क्त् ले हुग् गरिरxअन्,समुन्द्र छ,,2026-06-04 12:06:32.802458,7,7d341e08553a4d668d8aa10243da5387
clip_57,annotation_57,नेप्लै पोसक् लगको धेरैइ मनिस् हरु,दय र बय तिर को केति र केत लेय् मुसल् उथयेर ओख्लि म धअन् कुत्ने र बिछ् को दुइ जन जिस्किदै छ्हन्,गौन्को परम्पर्गत् घर् को खम्ब म दोको झुन्दको देखिन्छ्ह,,2026-05-29 16:33:54.422600,5,83cbf4185d8a44c6bef2c392e28c727d
clip_58,annotation_58,"खैरो मोतो कपद , घति म गल्बन्दि बेरेको र लमो कपल् वको क्त",केति लेय् क्त लैइ केइइ वन्दै गर्द क्त लेय्य् तौको हल्लै नै वनेर इसर दियो.,थुलो लेउ लको धुन्ग,,2026-06-01 10:57:59.181652,5,b1f2b780aedb42b7bbd0a26b120f41d0
clip_59,annotation_59,केति लेय् रतो सरेए अन्द् ब्लोउसे अनि केत लेय् चोअत् पन्त् लगको,तोरि बरि को बिछ् दुइ जन रोमन्तिच् पोसे दिदै स्होओतिन्ग् गरेको,छरै तिर पहेलो तोरि को फोओल् हरु फुलेको वयेर द्रिस्ह्य एअक्दम् लोभ् लघ्दो छ्ह,,2026-06-12 07:16:53.211031,5,df7ab18d65194eedb6011fbbb0f2464e
clip_60,annotation_60,अअधुनिक् द्रेस्स् लगयेकि एक् जन युब महिल सिन्धिको मथिल्लो भग् म उभियेकि देखिन्छिन्,अफ़्नो हअथ् फ़्हैलयेर नछिरहेकि छन्,गुम्ब जस्तो देखिने कलअत्मक् भwअन् को खुल्ल परिसर् छ जह एउत स्हिन्घ को मुर्ति र रेलिन्ग् सहित्को सेतो सन्गमर्मर् सिन्धि देखिन्छ,,2026-06-12 10:19:49.062137,6,ba29b2c191b24be2809a455d2b9c7827
clip_61,annotation_61,एक् नेपलि युwअक् र युwअति,"उव्हिदै, हेर्दै","मकै को बोथरु, पिपल् को रुख्, अअकस्ह्, नदि",,2026-06-05 10:15:53.566844,4,1e608179ef9f49288a5c3b58706359d5
clip_62,annotation_62,"रतो तिकि, कअन् म घुम्क, अअख म गजल्, रतो छोलो अनि कपल् बतेकि एऔति सुन्दर् केति.",हथ् म ललिगुरस्ह् xओपेर निकै सद् एxप्रेस्सिओन् दिदै,बच्क्गोउन्द् ब्लुर् वयेको करन् पछ्हदि खसै केइ न देखियेनि एऔत पहदि को बिछ् म सबरि सधन् गुद्ने बतो देखिन्छ्ह,,2026-06-12 08:09:19.040622,5,fc56054b98014c9fa61625e39a8e8d35
clip_63,annotation_63,दोको,हअत् तौको म रखेर नछेको,घर् मन्छे हरु बसिरख्य,,2026-05-30 05:15:32.858460,7,6785e7a43c3d44b0a713edaa3280b0e6
clip_64,annotation_64,एउत महिल र एउत पुरुस्ह्,नछ्दै छ्हन्,"घर्, निलो बदल् लगेको अअकस्ह्",,2026-06-12 10:41:50.399737,4,9556bb7b962c41b0a6fb986b4f9acd55
clip_65,annotation_65,होतेल् भित्र केहि मन्xएय् हरु,होतेल् को सौजि लै एक् ग्लस्स् लोचल् मगौदै गरेको,"एऔत सनो होतेल् जह तब्ले, फ़्रिद्गे देख्न सकिन्xअ",,2026-06-04 18:20:28.937807,5,339ce26468804678a1148851adc57ac3
clip_66,annotation_66,खुल्ल कलो कपल् र अधुनिक् पोसक् लगयेकि एक् महिल,नछिरहेकि छिन्,लुम्बिनि को बिस्ह्wअ सन्ति स्तुप को सेतो सन्ग्रछन र थिक् पछदि बौद्ध लिपि कुन्दियेको सुनौलो रन्ग्को उभियेको बुद्ध को मुर्ति सजियेको,,2026-06-12 10:13:50.704754,6,fbebf9e86d884102a5b1c79b1ea18adc
clip_67,annotation_67,मन्छे,क्त ले क्त् लै हेरेर हअसिरxअ,दोको हरु छ,,2026-06-03 17:57:25.086977,7,2ccd2a57d0304bc3b29fadcee9e5028c
clip_68,annotation_68,एक् जन युwअक्,"उफ़्रिदै, भग्दै","जुउन् लगिरको, बअदल् लगेको अअकस्ह्, रति को समय्, झरि",,2026-06-05 10:23:20.274325,4,b9f867f35f89472f9817093c5b150c1d
clip_69,annotation_69,एऔत रतो सदि अनि कअन् म थुलो झुम्क लगको सुन्दर् केति,सुन्दर् केति लै देखेर क्त गयेकर् खुसि हुदै छ्ह,"तिहर् म जस्तो, पxअदि पहेलो बत्ति बोलिरहेको छ्ह",,2026-06-02 07:43:39.997981,5,dc68860759c94412afd807ca911f491c
clip_70,annotation_70,एक् जन युwअक्,"खदै, जर समत्दै","धोक,रुख् को जर",,2026-06-05 10:06:02.660841,4,7b00d3d656584c35ac169d9eaf7dcaf6
clip_71,annotation_71,केहि मनिस्ह् हरु घर् को अअग म बसिरहेको अनि एऔत क्त र एऔति केति बतो म देखेको,रतो इस्त चोअत् लौनि क्त लेय् खम् हलौदै छ्ह वने निलो ब्लोउसे र रतो सदि लको केति लेय् कपल् मिलौदै,रतो मतोको घर् को धोक बन्द छ्ह,,2026-05-29 09:58:23.389104,5,558f951ab73c4557a428512cf20b6514
clip_72,annotation_72,रतो सरेए लगको केति अनि निलो कपल् र कअन् म सुर्य मुखि फोओल् लगको एऔत केतो,केतो दम्फु बजौदै,तोरि बरि म तोरि फ़ुलेको,,2026-06-04 12:20:15.567323,5,44e562c9a5d143ad8368ca4af17e3272
clip_73,annotation_73,"नेलो हल्फ़् जच्केत्, फ़ुल्ल् स्लेएवेस्, पन्त् अनि जुत्त लगको एऔत केतो",अरु को बअल् मत्लब् न गरि मस्त अअफ़्नो सुर् म रमयेर नछ्दै,इत्त लेय् बनको घर् जह धेरै कथ् को झयल् हरु,,2026-06-04 18:17:54.954970,5,ecd8f42bb2f041978df6c5e52c314a22
clip_74,annotation_74,"सनो स्चोओतेर्, सेतो कुकुर् अनि एऔत युब केत",स्चोओतेर् को तोकरि म कुकुर् रखेर सरै रमयेर स्चोओतेर् छलै रहेको,सहर् को एऔत सनो गल्लि,,2026-06-04 18:28:56.316849,5,d5db109f91b8431393bf57c2b67f6f88
clip_75,annotation_75,क्त र क्त्,क्त र क्त् हरु नछिरxअन्,बच्क्ग्रोउन्द् दन्चेर्,,2026-06-04 12:42:24.480576,7,718c94e093b6442d8af952e8f583bc85
clip_76,annotation_76,बक्लो लुग अनि पहेको छलको मोतो बोओत् लगक मन्xएय् हरु तल् को किनर् म.,एऔत क्त र केति दौर बोकि तल् को किनर् नजिक् हिदिरएह्को अनिइ दौर रखेर केति लेएय् तल् म हथ् धोको देखिन्छ्ह.,थुल हरिय थुल रुख् हरु को अअगदि एऔत तल्,,2026-06-01 11:04:51.921678,5,dbb3b56b7ed64023ad5e6df92e6503dd
clip_77,annotation_77,फ़्रमे म अच्तोर् र अच्त्रेस्स् लै चसुअल् मोदेर्न् लोओक् म देखैयेको छ्ह.,अच्त्रेस्स् परेwअ उदिरहेको देखेर रमै रहेको अनि अच्तोर् पxअदि बत हिद्दै अऐ रहेको,"पछ्हदि को द्रिस्ह्य कुनै थुलो बश्शर् को जस्तो देखिन्छ्ह, जह कपद हरु बेछ्न रखेको",,2026-06-12 08:03:55.187696,5,3a921fe18ce24c5cb6c3e4a22fc0ee00
clip_78,annotation_78,"लमो कपल्, रतो रन्को स्हिर्त् अनि तल निलो जेअन्स् लगको एऔत युब.","थुलो धुन्ग म अदेस्ह् लगयेको एक् युबक् तल गौ तिर हेरेर, भबुक् हुदै गेएत् गै रहेको",छरै तिर अअग्ल हरियलि पहध् अनि फेद् म एऔत सनो गौ जस्तो घर् हरु देखियेको.,,2026-06-12 20:44:28.027794,5,cc4130450f7147d8a679219c2862fb65
clip_79,annotation_79,सुकेको घस् को छौर् म एऔत खैरो रन्ग्को कुर्छि रखेको,कुर्थ सुरुwअल् लगको केति हिन्दै,रुख् को छरै तिर रन्गि छन्गि पतक हरु झुन्दको,,2026-06-04 12:22:29.296873,5,2ec9b3257f62401bb79417944cb80e40
clip_80,annotation_80,छ्मकिलो wएस्तेर्न् पोसक् लगयेको,एउत सुन्दर् केति कपल् उदौदै पxअदि फ़र्केको,निलो रन्ग् को पर्द अअगदि एऔत गदि,,2026-06-04 12:44:48.555932,5,f282c35ef161461a855c1a31834e83e1
clip_81,annotation_81,एउत महिल र एउत पुरुस्ह्,नछ्दै छ्हन्,"रतो रन्ग् को घर्, निलो अअकस्ह्",,2026-06-12 10:42:39.876429,4,2aef93b517184554b0d3464d16bcec7f
clip_82,annotation_82,छ्यत्तेको लुग लगयेको नेपलि युबक्,सुत्दै,कत्तु लगयेको एक् सनो क्तो सर्सफै गर्दै,,2026-06-05 09:52:16.252067,4,7521076996534aaaa3e12a55244ef4d4
clip_83,annotation_83,एक् जन युwअक्,खन खदै,"कोथ, लुग झुन्द्यएको",,2026-06-05 10:29:08.060291,4,539330cdfefc4ba9b2b374dd02051a46
clip_84,annotation_84,"केति हरुले कलो-सुनुलो छोलो, रन्गेएन् छ्हित्को गुनिउ, पियेलो पतुक, र निलो/रअतो सअन्स्क्रितिक् स्हwल् लगयेक छ्हन् भने केत हरुले थद धर्क भयेको मोदेर्न् प्रिन्त् ओउतेर्/स्हिर्त् र सएतो पन्त् लगयेक छ्हन्","सबै केत र केति हरु लिने म मिलेर, अफ़्नो हअत् मथि उथौदै र कम्मर् मर्कौदै रमिलो सन्ग गरिरहेक छ्हन्.",कुनै पुरनो घर् wअ मन्दिर् को अअगन् अअगदि सबै जन निर्त्य गर्दै,,2026-06-12 09:35:44.467116,5,76a44c24010c4d23a5a17479f2289e00
clip_85,annotation_85,मगर् पोसक् लगयेक केत हरु अअगन् म पलेति कसेर बसेको,दम्फु र मदल् बजयेर गेएत् गौदै,परम्परगत् घर् को अअगदि थुलो अअगन्,,2026-06-04 12:38:06.338359,5,362f585334ab4ff2b82bf4ecc4ac94f8
clip_86,annotation_86,केत र केति कअथ्ले बनेको परम्पर्गत् बिस्रम्स्थलि भित्र छ्हन्,बिस्रम्स्थलि भित्र एअक् अर्क लै रोमतिच् wअय् म हेरिरहेको,"छरै तिर अधर्यो रति को बेल छ्ह, जहन् खुल्ल छौर् र पछदि पत्ति छम्किल सेतो पपेर् लन्तेर्न्स् (बत्ति हरु) बलिरहेक देखिन्छ्हन्.",,2026-06-12 13:19:21.690789,5,cddc97f1643e4e258bab5b18ee7f8a6d
clip_87,annotation_87,क्त र क्त्,क्त ले क्त् लै हुग् गरिरxअ,स्नोw,,2026-06-04 12:12:57.415006,7,4568ea3534fc49f68f25bee7fc1b6b45
clip_88,annotation_88,कथ् र धुन्ग लेय् बनेको पुरनो घर् हरु बिछ् म एऔत कच्छि बतो,कच्छि बतो बोलेरो गदि लेय् मन्xएय् बोकेर जदै,सुदर् हिमल्,,2026-06-04 12:48:20.821378,5,d647ad22bc15455eb98970d131dfb1cb
clip_89,annotation_89,नेपाली ढाकाको इस्टकोट र कम्मरमा पटुका बाँधेका एक मुख्य पात्र का रुप मा एक नेपाली युवा छन् भने उनको पछाडि समान पहिरन र ढाका टोपी लगाएका अन्य युवा कलाकारहरू सहायक भूमिकामा देखिन्छन्।,जोसका साथ परम्परागत नेपाली नृत्य गरिरहेका छन्।,ईट्टाका पुराना पर्खालहरू भएको खुल्ला ठाउँ जहाँ धेरै मानिसहरूको भिड उपस्थित छ।,,2026-06-12 09:33:54.157489,6,ed26d4bfb6c343aa940652e413bb0f05
clip_90,annotation_90,एउत महिल र एउत पुरुस्ह्.,दुइतै हत् मिलयेर नछ्दै,"इतको भित्त र धलको भुइ, निलो अअकस्ह्",,2026-06-12 10:32:28.959876,4,563f47caa8134df89f0ab85cc17676c0
clip_91,annotation_91,सन सन बछ्ह हरु,बच्छ हरु गन्ग् बनयेर पोकेमोन् चर्द् खेल्दै,घर् को पेति wअअ कुनै बस्ने थौ,,2026-06-04 18:14:56.813597,5,7552fe2a42914eeda38a69042912260f
clip_92,annotation_92,क्त्,क्ति दौर बोकेर हिदिरछे,रुख् हरु छ,,2026-06-03 18:03:38.805916,7,81a73db768634da3b25b02077fd3e28a
clip_93,annotation_93,"नक् म मुन्द्रि, घति म कन्थ मल र घलेक् लगकि अनिइ रतो गल वयेको एऔत सुन्दर् केति","सुन्दर् केति लेय् जिस्किदैइ, अनुहर् म मुस्कन् दिदै , हथ् म कुछो उथयेकि",कथ् लेय् बनको एऔत धछ,,2026-06-01 11:16:30.884574,5,55f0422777cf42b08191abbf315b1010
clip_94,annotation_94,मगर् द्रेस्स् लगयेक नेपलि युब हरु,फ़न्फ़नि नछिरेहेको,हरियो घस् वयेको मैदन् म घम् लगिरहेको र पहध् पनि देखिरहेको,,2026-06-03 17:11:07.089352,5,b3b0d3d7690e40c088231be5ba75afd2
clip_95,annotation_95,परम्परागत नेपाली गरगहना र रातो चोली-हरियो फर्यामा सजिएकी मुस्कुराइरहेकी युवती र सेतो कमिजमाथि बुट्टे इस्टकोट लगाएको युवक,हर्षित मुद्रामा हातको हाउभाउ मिलाउँदै मौलिक नेपाली लोक नृत्यमा मग्न भइरहेका छन्।,रातको समयमा मधुरो उज्यालोले झल्काएको ग्रामीण नेपाली घरहरू र नाचको आनन्द लिइरहेका दर्शकहरू,,2026-06-04 18:36:59.147762,6,c67a6e3de14c4de9bdbdeaff6bbd1499
clip_96,annotation_96,च्य्च्ले,क्त् हरु नछेको,हरियो रुख् हरु,,2026-05-30 05:12:19.423685,7,b2c4a130c70f4d088b61a3393b0b61a5
clip_97,annotation_97,बगर् म एऔत सनो सुकेको हग लै गदेको अनि केहि सरेए लगको कलकर् हरु देख्न सकिन्xअ,खोल को बगर् म नछदै गरेको,अग्लो पहदि को तल फेद् म एऔत सुकेको खोल अनि बगर् म बलुwअ देखेको,,2026-06-12 07:11:32.748838,5,ce2e98c1e08e476ea6666af292a74e6f
clip_98,annotation_98,पहदि लुग लगयेको दुइ जन मनिस्ह् हरु,एऔत सुन्दर् महिल धुन्ग मथि बसेर सनो बख्रो लै मस् मसौदि छिइन् वने एऔत क्त उबियेर लत्थि छलौदै गुफ़्फ़् हन्दै छ्ह,थुलो लेउ लको धुन्ग अन्द् पxऐ बअन् देखिन्छ्ह,,2026-05-29 19:41:48.012408,5,9acbf24d22c249e0b78efa75bb7e2fbf
clip_99,annotation_99,एक् जन दधि भयेको युwअ कलो लुग र सेतो स्चर्फ़् लगयेर अगदि उभियेको छ,युwअ ले मुख् को नजिक् छुरोत् समतेर तन्दै छ.,रति को समय बहिर को पर्त्य् जस्तो थौ म दोरि म झुन्दियेक बत्ति र रन्गिन् पतक हरु देखियेक छन्.,,2026-07-11 05:12:18.250147,4,10c77c33e9a246b489952e3fbba25672
clip_100,annotation_100,"सबै मनिस् हरु लेय् एऔत रतो, निलो अनि कलो रन्ग् को पोसक् लगको छअन् वने बिछ् को मन्xएय् लेय् कलो रतो अनि फ़िक हरियो पोसक् लगको",सबै मनिस् हरु स्होओतिन्ग् को लगि चमेर तिर फ़र्केर नछ्दै छ्हन्,गौन्ले धन्छको परम्पर्गत् घर् को अअगन् र पछदि पत्ति कथ्को खम्ब हरु देखिन्छ,,2026-05-29 16:41:45.296526,5,16313657abc54c489c495cfe0b952cd9
clip_101,annotation_101,क्त्,क्त् हिदेर गेएत् गैरxए,रुख् हरु छ,,2026-06-04 12:10:05.789566,7,fb4b1eae54e141cf947f66dc64542d57
clip_102,annotation_102,"दरि, कपल् फ़ुलेको एऔत केत मन्xएय्",कम्मर् म हथ् रखि गहिरो सोछ्म,पुरनो मोविए चस्सेत्तेस् र पोस्तेर्स् भयेको चस्सेत्ते स्होप् अथwअ स्तुदिओ,,2026-06-04 18:12:48.126690,5,c5f3a1e5c6f34a6a9adbdf897fb77e72
clip_103,annotation_103,क्त र क्त्,क्त र क्त् नछिरxअन् खुत्त उछलेर,ब्य्द् लेख्य xअ,,2026-06-04 12:42:00.199444,7,7b9d2797ac9d4949a54ca1891b3fc0fe
clip_104,annotation_104,एउत बिके,क्त् ले बिके छलैरछ अनि तेस्को पछदि क्त बसेको छ,रन्गिबि रन्गि छत थुलो गते,,2026-05-30 05:08:26.424253,7,33e3da53f85a49d496564b159b001ec5
clip_105,annotation_105,एक् नेपलि महिल,उव्हेर हेर्दै,"पहद्, बदल्, रुख्, झर्पअत्",,2026-06-05 10:08:31.230621,4,52f574a565724712af23706ff0ffa3e4
clip_106,annotation_106,सबै जन लेय् नेपलि पोसक् लगयेको वने बिछ् को केत लेय् मोदेर्न् पोसक् ( जेअन्स् र बोओत्) लगको देखिन्छ्ह,सबै जन एऔत दन्चे स्तेप् गरेर गेएत् सन्ग हथ् खुत्त को तअल् मिलको देखिन्छ्ह,"पछदि पत्ति बिस्हअल् र हर्य पहअदि दन्द हरु छ्हन्, जहन् एउत सनो बस्ति छ्ह",,2026-06-12 09:56:45.407051,5,985348f747d140f5a29b501b350060de
clip_107,annotation_107,एऔत कपल् दरि फ़ुलेको केत,केत अफ़ुलै अऐन अअगदि देखेर अअफ़्नो बल्यकल् देख्दै,"घर् भित्र को स्चेने जह अऐन, जुत्त को रच्क् अन्द् धोक देखियेको",,2026-06-04 18:01:40.085051,5,f55be94b8a984aec912f3bd85a563d1c
clip_108,annotation_108,"सिधै मथि एऔत केत र केति लै देख्न सकिन्xअ. केति सेय् सनो कपद लगको देख्निxअ वने केत लेय् पन्त्, जुत्त स्हिर्त् अन्द् तौको म हथ् लगको",दुबै  जन तौको तसयेर मथि सिधि बत झर्दै गरेको अनिइ केहि दन्चे स्तेप्स् हरु गर्दै,पछ्हदि पत्ति छत जस्तो अकर् वयेको इत्त र चेमेन्त् लेय् बनको भौतिक् पुर्बधर् हरु देखिन्xअ,,2026-06-12 10:02:39.595739,5,295362a40d43404a9ad860f464ea1bf5
clip_109,annotation_109,केति हरु लेय् रतो र पहेलो छोलि को सथ् सथै नेपलि गहन लगको देख्न सक्xअम्,केति हरु नछ्द नछ्दै क्त हरु पनि सन्ग नछ्न अऔदै गरेको देकिन्छ्ह,पुरनो परम्परगत् गौ को घर् को छेउ म एऔत थुलो रुख् अनि बदल् लेय् अअकस्ह् धकेको देखिन्छ्ह,,2026-05-29 16:50:03.238725,5,192daba6c0b448988695a3cdf2e569bb
clip_110,annotation_110,क्त र क्त्,नछिरxअन्,wअल्ल् छ अनि बच्क्ग्रोउन्द् दन्चेर् बसिरxअन् कोइ उथेर नछिरछन्,,2026-06-03 17:50:41.597035,7,860a0b53820447b6b2cab552b190f30d
clip_111,annotation_111,एक् जन युwअक्,निरस् भयेर बसेको,अन्ध्यरो बतबरन्,,2026-06-05 10:20:45.651288,4,3a49919b16c9422089aac0d0ac29f48b
clip_112,annotation_112,छिसो को करन् लेय् नयलो लुग लगको एऔति केति,रतो स्wएअतेर् लगको एऔति केति लेय् तोकरि म wओओल् बोकेर हिदिरहेको,छरै तिर हुस्सु र छिसो छ्ह अनि एऔत कथ् को घर् छ्ह,,2026-05-29 19:10:01.982837,5,91e5006d52d24ac1a6121f1e71745ec9
clip_113,annotation_113,"अगदि एक् जन केत कलो चोअत् र सेतो स्हिर्त् लगयेर उभियेको छ, उस्को छेउ म एक् जन केति कलो लुग लगयेर उभियेकि छ्हे.","केत ले केति तिर हेर्दै हअत् फ़ैलयेर नछेको जस्तो गरिरको छ, wअरिपरि क मन्छ्हे हरु पनि रमै रहेक छन्.","भित्र को पर्त्य् जस्तो थौ देखियेको छ, पछदि इत को भित्त म ग्रफ़्फ़िति र सजwअत् हरु छन्.",,2026-07-11 05:05:03.980825,4,009f0441f93f4ea69af213080b983edc
clip_114,annotation_114,एक् जन युwअक्,भौतरिदै,छित्र कोरियेको वित्त,,2026-06-05 10:01:57.455032,4,8d094d9a342e461a9427526787bb01dd
clip_115,annotation_115,एक् जन युwअक्,हस्दै,"भित्त, बहिरि बतबरन्",,2026-06-05 10:02:39.369214,4,6c94f811833045f39aa992ec2b47fd31
clip_116,annotation_116,क्त,क्त हरु हिदिरxअन्,घर् हरु छ,,2026-06-04 12:46:13.745847,7,3382059180ff4489a6a0d8677857ae31
clip_117,annotation_117,होतेल् म बसेक केहि ग्रहक् हरु,"सथि लेय् जबर् जस्ति लोचल् खुलयेर, मुख् बिगर्दै गरेको एऔत युबक्",एऔत सनो होतेल्,,2026-06-04 18:22:17.304883,5,1d403d3c4eb64f8784a21ed6fa0d4f41
clip_118,annotation_118,मुख्य गयकर् छस्म लगको अनि हथ् म गुइतर् छ्ह. उन्को सिदे म परम्पर्गत् धिमे बज बजौकि केति हरु (रअतो धिमे चोस्तुमे र तौकोम कपद बधेको) र एउत भयनक् लखेय् मस्क् (परम्पर्गत् नेwअरि मुकुन्दो) लगयेको ध्यन्-अअकर्स्हक् लखेय् दन्चेर् छ्ह,गअयक् ले एनेर्ग्य् को सथ् गुइतर् समत्दै लिप्-स्य्न्चिन्ग् गरिरहेक छ्हन् भने लखेय् दन्चेर् र धिमे बजौने केति हरु गेएत् को बिसेस्ह् तअल् म झुमेर द्य्नमिच् रुप म सअन्स्क्रितिक् दन्चे गरिरहेक छ्हन्.,पछ्हदि रतो रन्ग् को इत्त को घर् अनि कथ् लेय् बनेको झयल् छ्ह. रन्गि छन्गि पतक अनि रिब्बोन् जस्तो लमो कपद झुन्दको देखिन्छ्ह.,,2026-06-12 12:35:15.381221,5,f9fbf691f8dc4bc6bc628730e4edd138
clip_119,annotation_119,बतो म मन्xएय् हरु उबियेको र एऔत क्त लेय् रतो इस्त चोअत् अनि कअन्म रतो फोओल् लको,मxएय् हरु बतोम हिदिरको अनि केइ क्त हरु भले स्मतेर रमैलो गर्दै,पुरनो मतोको घर्,,2026-05-29 09:50:20.045320,5,7f67504f3c4346c68bc40f3bf7af697d
clip_120,annotation_120,क्त्,क्त् कुदिरको छे,रुख् छ,,2026-06-04 12:09:47.870930,7,1a269575f9954603b52486a0f9ed6082
clip_121,annotation_121,सिर्बन्दि धक तोपि दौर सुर्wअल्,त्रदितिओनल् लुग लगयेर हअत् मथि लगेर नछेको,अअध्यरो छ सनो बत्ति बलिरxअ,,2026-05-30 05:18:52.112339,7,8b9f2e7608864d45bb27dd6bbea725e1
clip_122,annotation_122,क्त र क्त्,क्त् ले क्त को स्होउल्देर् म हअत् रखिरxए,समुन्द्र छ,,2026-06-04 12:07:50.928659,7,a1a2a8ba551d4ab093bdfa17fa445199
clip_123,annotation_123,"धेरै जन युwअ हरु, जस्म केहि जन को हअत् म बन्दुक् छ",हअत् म बन्दुक् उछअलेर सन्गै नछ्दै रमैलो गर्दै छन्,"इत्त को भित्त, रन्गिन् पतक, तर अअकर् को बत्ति र सजwअत् भयेको पर्त्य् जस्तो इन्दोओर् थौ म",,2026-07-11 05:10:08.702212,4,66029b23ca6d42ae905cf1cb0a101b52
clip_124,annotation_124,एउत पुरुस्ह्,खुत्त वित्त म रखेर हअत् हल्लौदै,"इत्त ले छ्हपेको वित्त,",,2026-06-12 10:35:22.891226,4,87725d36abb544ada0fee5f3ae98244b
clip_125,annotation_125,निर्त्य हेअर्न को लगि मन्xएय् हरु को थुलो भिद् देखेको,कम्मर् म हथ् रखेर नछ्दै गरेको,"छरै तिर परम्परगत् मतो, कथ्, धुन्ग अनि इत्त लेय् बनेको घर् हरु.",,2026-06-12 09:43:27.306345,5,f7b41592671e4c33b781edc02dafeab0
clip_126,annotation_126,क्त हरु,क्त हरु नछिरxअन्,बच्क्ग्रोउन्द् दन्चेर्,,2026-06-04 12:43:34.620822,7,094d5f91eef5444c830c6c6dbe9b066e
clip_127,annotation_127,दुइ जन केति र एक् जन क्त छअ,केति हिद्द हिद्दै क्त लै इसर लेय् बोलयेर केत छस्म लगयेर अऔदै छ्ह,कलो गदि बतोम रोकियेको छ्ह,,2026-05-29 08:46:33.347369,5,0cdfb52555764cb69caf69d7da128275
clip_128,annotation_128,सेतो रन्ग् को बोलेरो,"बोलेरो गदि लेय् मन्xएय् बोकेर, धुलो उदौदै, गुध्दै छ्ह",पुरनो घर् हरु वयेको गौ म कच्छि बतो,,2026-06-04 13:08:27.883323,5,eefb4f7d2cc041d1970331ce51415888
clip_129,annotation_129,एक् जन युwअक्,मुस्कुरौदै,अन्ध्यरो बतबरन्,,2026-06-05 10:21:36.187336,4,6fd7fb8464174eb1962d6a121ef299a7
clip_130,annotation_130,क्त र केति को जोदि बनयेर उबियेको,जोदि बनयेर क्त र केति हरु नछि रहेको,थुलो कोथ वित्र सिधि छ्ह र पहेलो बत्ति बोलेको छ्ह,,2026-05-29 10:40:21.347267,5,690ab68f97f14d7bbb268b285fb0f256
clip_131,annotation_131,"पहदि भेग् क मन्xएय् हरु, पहदि पोसक् अनि खुत्त म पहेलो रन्ग् को बोओत् लगक",एक् जन पहदि केत र केति भेद लै लखेत्दै छ्हन्.,"थुल थुल रुख् हरु, उकलो वको थौ अनि छरै तिर हरियो घस् वको",,2026-05-29 19:37:32.966496,5,3b8c27144b8447b8a8b8b2c53962a580
clip_132,annotation_132,धेरै मन्xएय् हरु थुलो पर्त्य् म सन्गै छ्हम्,सबै मन्xएय् हरु गेएत् सुन्दै रमौदै मधिर को छुस्कि लिदै छ्हन्,"भित्र को रम्रो लिघ्तिन्ग् भयेको थौ, मोदेर्न् सेतुप् देखिन्छ्ह",,2026-05-29 11:26:43.530650,5,28df25fe80e24584af19c587bb804950
clip_133,annotation_133,दौर सुरुwअल् लगको अनि लमो घुमरो कपल् वयेको एऔत क्त,हथ् पिल्लर् म रखेर तौको फ़र्कयेर एऔत क्त एऔति केति स्नग बोल्दै,रतो को बेल म पxअदि तुकु बल्दै अनि घर् को पिल्लर् म मकै झुन्दको,,2026-05-29 10:15:25.826298,5,eaf9091d93aa4f2c892191697c3b93d3
clip_134,annotation_134,एक् युwअक्,सुतेर हस्दै,वुइ,,2026-06-05 10:13:48.686641,4,57a0010ed31e4a889fed2d50cefaa2c4
clip_135,annotation_135,पहेलो ब्लोउसे अनिइ निलो रन्ग् को सदि लको सिदे छरच्तेर् हरु वने मुक्य नयेक् र नयिक उनि हरु वन्द सुन्दर् देखियेको छ्हन्,हेउ पर्दै गरेको बेल सह कलकर् हरु नछ्दै छ्हन् अनि मुख्य कलकर् हरु रोमन्तिच् पोसे दिदै,छिसो मौसम् म पछदि हेउ लेय् घस् हरु धकेको द्केह्न सकिन्xअ,,2026-06-12 07:01:20.491300,5,197aeac801174d3fac64b329ca051e33
clip_136,annotation_136,क्त हरु लेय् दौर सुरुwअल् अनि रतो धक तोपि लगयेको छ्हन् वने एऔत क्त लेय् कलो तोपि लगको,क्त हरु बसेर मदल् बजौदै गेएत् गौदै रमैलो गरिरहेको छ्हन्,क्त हरु अअगन् म बसेर रमैलो गर्दै,,2026-05-29 10:18:16.355246,5,ec0185e1ffac4ec691c69f8983757057
clip_137,annotation_137,एऔत मन्xएय् उबियेर गदि बनै रहेको छ्ह,कलो रन्ग्को जुन्ग्ले सफ़रि गदि अअयेर रोकियो,छरै तिर हरियलि छ्ह्ह र निलो अअकस्ह् देखेको छ्ह,,2026-05-29 08:33:44.008309,5,0f47280502104c46b735ce5e7e9a97a8
clip_138,annotation_138,पुरुस्ह् र महिल,नअछ्दै,गौन् को घर् अअन्गन्,,2026-06-20 03:05:46.692591,8,68164faf8f364299a61b8a34e0d63244
clip_139,annotation_139,केति हरु बिछ् म सेत त्-स्हिर्त् र निधर्म रतो रुमल् बधेको क्त उबियेको,थरु द्रेस्स् लगक केति हरु एऔत क्त लै घेरेर नछेको,रति म पxअदि अअगो बलि रहेको,,2026-05-29 09:19:27.368682,5,adebdf4607dc415b868c3a111a678c13
clip_140,annotation_140,बिछ्म मुख्य अभिनेत्रि रतो छोलो र परम्पर्गत् गहन म सजिये-कि छिन्,मुख्य अभिनेत्रि बरन्द को बिछ्म उभियेर रमिलो पर म गेएत् गौन्दै र अभिनय् गर्दै छिन्,"घर् को कौसि म दोको, फ़र्सि र मकै झुन्दको छ्ह अनि छेउ म धेरै रुख् हरु छ्हन्",,2026-05-29 17:40:24.088834,5,71e8785442484513bbc10a8a855262e3
clip_141,annotation_141,केति र अम हरु परम्पर्गत् गुनिउ-छोलो र सिर्म मुजे-को रुमअल् लगयेर सजिये-क छन्. पxअदि तिर एउत केत पनि धक तोपि लगको देखिन्छ्ह,गौ क मन्xएय् हरु भेल हुदै गरेको बेलम तिन् जन केति हरु हथ् समतेर अअगदि अअयेर हेअर्दै छ्हन्,"मथिल्लो भअग् म कुनै मेल, उत्स्हव्, अथwअ जअत्र मनै रहेको देखिन्छ्ह",,2026-06-03 16:35:50.669320,5,29d3b6bc334d46ba9a158784e4587c29
clip_142,annotation_142,कोहि मनिस् हरु सिर्यनि को फेद् म छ्हन् वने कोहि मथिलो पत्ति छ्हन्,"अभिनेत, सह-नर्तक्, सह-नर्तकि हरु कअमर् भछेर नछ्दै छ्हन्",घस् मथि पुरनो मतो लेय् बनको घैतो र घर् को खम्ब म दोको झुन्दको छ्ह,,2026-05-29 18:00:36.263684,5,ba0206114bda4fbd94ab0e3a7ecf96be
clip_143,annotation_143,क्त र क्त्,क्त क्त् तिर हिदेर गैरxअ,स्नोw छ,,2026-06-04 12:08:18.987799,7,2370ec0451c44e88be14e656ca217fb0
clip_144,annotation_144,धक तोपि लगको,गेएत् गैरxअन् हल्लिरxअन्,अअध्यरो छ,,2026-05-30 05:17:00.167300,7,a329a6c0f40845588400fd8b864d7a5e
clip_145,annotation_145,एक् जन युwअ मोतोर्बिके म बसेको,मोतोर्बिके छलौदै अगदि तिर अऔदै गरेको,"इत्त को भित्त र ग्रफ़्फ़िति भयेको सअगुरो गल्लि म, रति को समय बत्ति को उज्यअलो बिछ्",,2026-07-11 05:08:09.811456,4,b398b7c1b1764e6296d0238b82a2f3bd
clip_146,annotation_146,एऔत क्त दौर सुरुwअल् र त्पोइ लगको,नेप्लै पोसक् लगको एऔत क्त तौको घुमयेर हिद्दै,सेतो वित्त र एऔत धोकको म मथि सयप्त्रि फोओल् को मल झुन्दको,,2026-05-29 10:11:50.545297,5,1611218150a84c58b42f0fefacab4124
clip_147,annotation_147,"एक् नेपलि युwअक्,",नियल्दै,"नदि,  रुख्, झअरि",,2026-06-05 10:17:02.839857,4,295794d686cb440cafa92e54d4d6584e
clip_148,annotation_148,परम्परागत गुन्यु-चोलो र हरियो पोतेमा सजिएकी एक हँसिली युवती र उनको छेउमा रातो बुट्टेदार इस्टकोट लगाएका एक तन्नेरी युवा,"गल्लीको बीचमा सबैजना रमाइलो मान्दै, पूर्ण ऊर्जाका साथ नृत्य गरिरहेका छन्।",पुराना इँटाका घरहरू र मकैका बुङ्गाहरू झुन्ड्याइएको मौलिक नेपाली गाउँको गल्ली र पृष्ठभूमिमा उनीहरूलाई नै पछ्याउँदै नाचिरहेका स्थानीय युवायुवतीहरूको समूह,,2026-06-04 18:33:06.419034,6,f1cbec48a3ff432ba6b716f789299706
clip_149,annotation_149,केत हरु को हथ् म धनुस्ह्,धनुस्ह् बोकेक केत हतु निसक तक्दै,पहध् को भिरलो मन्xएय् हिद्नेय् बतो,,2026-06-04 12:53:09.482903,5,1eb44a2ef2ae493a861b766a134871a6
clip_150,annotation_150,एक् जन युwअक्,रुख् अन्गलिर्हेको,"रुख्, झदिबुति",,2026-06-05 10:07:20.611834,4,6a5b1e026b594cf19db956f3d02c66bc
clip_151,annotation_151,बिबिन्न रन्ग् को लुग लगको मन्xएय् हरु घर् को पेति म बसिरको,"रतो इस्त चोअत् लगको क्त लेय् नेलो रन्ग्को ब्लौसे, नेलो सरेए अनि सेतो पतुकि लगको केति लै हथ् समतेर नछयो",रतो मतो र इत्त लेय् बनको घर्म मकै झुन्दको,,2026-05-29 10:02:51.315614,5,ac4ed581c9ac4ba1bf9993ee73e593b9
clip_152,annotation_152,परम्पर्गत् धक बुत्तको इस्तकोत् र जेअन्स् क पन्त् लगयेक दुइ मुख्य युwअ पत्र हरु,मुख्य दुइ युwअ पत्र हरु एक् कर्क को कन्द म हअथ् रख्दै न्त्रिय गरिरहेक छन् वनेय् सहयेक् कलकअर् हरु लहरै उभियेर उनिहरु लै जोस्ह् क सअथ् सअथ् दिरहेक छन्,"पहेलो रन्ग् को दौर सुर्wअल् र छिर्केय् मिर्केय् खैरो रन्ग् को इस्तकोत्, कलो धकतोपि लगयेक युwअ पुरुस् कलकअर्हरु को थुलो समुह सहयेक् भुमिक म छन् वनेय् थप् प्रिस्तभुमि म ग्रमिद् धुन्ग र मतो लेय् बनेक घर् हरु र हरियो दद को द्रिस्य देख्न सकिन्छ",,2026-06-12 10:01:12.217237,6,bbd1f5b4829c4073b67383966d93a3da
clip_153,annotation_153,बिछ् को घुमुरो कपल् वयेको क्त को हथ् म घदि अनि घति म सुन् को सिक्रि लगको छ्ह,बिछ् को केत हथ् हल्दौदै  गेएत् गौदै छ्ह,कुनै भिबह अथwअ स्होओतिन्ग् को जस्तो उज्यलो देचोरतिओन् भयेको थौ देखिन्छ,,2026-06-02 07:39:00.642813,5,444439da4b094ffdb1012136b2ac448f
clip_154,annotation_154,मगर् द्रेस्स् लगयेक युब हरु,रमैलो अअन्दज् म मगर्नि सथि हरु लै ज्सिकै रहेक छ्हन्,पxअदि रन्गि छ्नगि पतक हरु दोरि लेय् झुन्दको,,2026-06-03 17:16:41.141378,5,5fa51c8cf0454e0dba243ff73d3ae280
clip_155,annotation_155,क्त र क्त्,क्त र क्त् नछिरxअन् अनि क्त् ले पxअदि बत अअन्गलो मरिरxए,बच्क्ग्रोउन्द् दन्चेर् हरु,,2026-06-03 18:01:33.815580,7,021796489228489aaef5f62a101b2b18
clip_156,annotation_156,नेपलि र मोदेर्न् को चोम्बिनतिओन् लगयेको केत हरु वने केति हरु तल देखि मथि सम्म पुरै नेपलि पोसक् लगको छ्हन्,परेwअ हरु उद्दै गरेको अनि सबै जन ग्रोउप् दन्चे गरेको छ्हन्,पुरनो कथ् लेय् बनेको मन्दिर् अअगदि त्रिस्हुल् रखेको अनि अअगदि अअगन् जस्तो छ्ह,,2026-06-12 09:40:46.757562,5,e1f03d93df244668bbe11bbfc7de7473
clip_157,annotation_157,"फ़्रमे म एउत केति र एउत केति छ्हन्. केतो ले निलो जेअन्स् र सेतो फ़ुल्ल्-स्लेएवेस् त्-स्हिर्त् लगयेको छ्ह, भने केति ले रअतो छोल्य र कअलो फ़रिय अनि घति म मल लगयेकि छिन्.",क्तो लेय् केति को हअत् समत्दै खुसि भयेर त्यो हर्यो दन्द को घस्स् मथि एक्-अर्कको पछदि दौदिरहेक छ्हन्.,"यो स्चेने एउत एक्दमै सुन्दर्, हर्योभ्रयो पहअद् को दन्द म खिछियेको छ्ह. पछदि पत्ति घन रुख् हरु र हर्यो घस् देखिन्छ्ह",,2026-06-12 20:51:38.606626,5,5c310b9b49724a05ba82126cc4dcbd44
clip_158,annotation_158,चोअत् लगयेको मुख्य नयेक् अनि सरेए लगयेको मुख्य नयिक को कपल् म हेउ तसेको,हेउ पर्दै छअ अनिइ उनि हरु नछ्दै छ्हन्,"छरि तिर हेउ परेर ओरि परि को बोअत्, बिरुwअ लै हेउ लेय् धकेको",,2026-06-12 07:07:34.605974,5,14a1159194a744b4ab16de69f68eed06
clip_159,annotation_159,क्त्,क्त् हिदिर छ,पहद् छ,,2026-06-04 12:05:33.619960,7,0798542621b545b48c4345a3f3369899
clip_160,annotation_160,बिछ् को घुमुरो कपल् वको केत लेय् सेतो कुर्थ अन्द् सेतो स्wअल् लको छ्ह,"बिछ् को केत लेय् मिके समतेर गेएत् गौदै, मथि कौसिइ म उबियेको केति हरु लै हेरि रहेको छ्ह",पxअदि सेतो पर्द अनि झिलिमिलि बत्ति देखिन्छ्ह,,2026-06-02 07:35:00.603137,5,09d7bcd76c5443028fc7401597883a81
clip_161,annotation_161,नेपलि युwअक्,फुल् तिप्दै,"एक् नेप्ललि महिल अअकस्ह् नियल्दै, फुल् को बोत्",,2026-06-05 10:17:52.901301,4,4c1f7b746d9843f0acfc8b0264f77205
clip_162,annotation_162,गअदि,गअदि हिदिरxअ,खोल छ,,2026-06-04 12:47:38.533990,7,26ec1f75fce04c3f9919ccd73b92be65
clip_163,annotation_163,एक् जन युwअक्,बोर भित्र खोज्दै,तयर्,,2026-06-05 10:04:39.181488,4,fa005c2e12f3401c98e5836ca71a99db
clip_164,annotation_164,क्त र क्त्,क्त ले क्त् लै हुग् गरिरxअ,समुन्द्र,,2026-06-04 12:09:19.402007,7,1985ac1a048a4a05b648eb6cad16dc26
clip_165,annotation_165,तौको म रतो रुमल् बधेको केत,नछ्दै,थरु महिल हरु नछिरहेकि छ्हिन्,,2026-06-03 17:47:01.150805,4,fa19db9e2f314511a54159a3763821f5
clip_166,annotation_166,मन्xएय् हरु लेय् मगर् समुदये को पोसक् लगको देखिन्छ्ह,एउत सुन्दर् हथ् बधेको को केत गेएत् गौदै अनि अअफ़्नो प्रेमिक लैइ हेअर्दै छ्ह. पxअदि क मxएय् हरु हथ् उथौदै नछ्दै गरेको देखिन्छ्ह्ह,"मैदन् म छरै तिर रन्ग्बि छन्गि कपद को छ्होतो-छ्होतो त्रि-कोन् अअकर् जस्तो वयेको, दोरि म झुन्दयेको छ्ह. येस्ह्को पर्यो कुनै मेल र उतसब् को बेल म गरिछ्ह",,2026-06-03 16:48:49.895926,5,eec65614207f43df8b1c596a6a79086b
clip_167,annotation_167,स्हिर्त्,क्त उथेको अनि क्त् को स्होउल्देर् म हअत् रखेको,wअल्ल्,,2026-05-30 05:24:30.686385,7,7f69fa44bae647118bab849ef2d1a787
clip_168,annotation_168,क्त्,क्त् नछिरको,दोको र बच्क्ग्रोउन्द् दन्चेर्,,2026-06-03 17:58:37.623788,7,84512032ef284a23b481a0dc4bda7c70
clip_169,annotation_169,दुइ जन केति हरु नेपलि पोसक् लगयेक,दुइ जन केति रतो छोलो अनि घति म तिलहरि लगयेको हथ् म बत्ति झुन्दयेर अऔदै,रति को बेल घर् को धोक खुल्ल छ्ह,,2026-05-29 10:06:11.189506,5,7f2a3cbf796c4cc994461a884aa18cb1
clip_170,annotation_170,"Dhunga ley banako ghar ko aagai aagadi sherpa samudaye ko posak (छुबा, पाङदेन, रातो-सुन्तला आउटर) lagaki eauti keti",घर् को छेउ मन् चमेर म फ़चिअल् एxप्रेस्सिओन् दिदै नछ्दै गरेको,यो स्चेने कुनै पहध् को गौले भग् जह पछ्हदि हेउ लेय् धकेको अग्ल अअग्ल हिमल् अनि पहध् हरु देख्न सकिन्xअ,,2026-06-12 07:41:45.902337,5,b85e1a6eb532467d87057de8ee7b0906
clip_171,annotation_171,एउत महिल र एउत पुरुस्ह्. महिलले द्रेस्स् लगयेकि छ्हिन् र पुरुस्ह्ले बैजनि स्हिर्त् र जेअन्स् लगयेको छ्ह.,दुबैजन सन्गै हिद्दै कुर गर्दै गै रहेको देखिन्छ्ह.,"खुल्ल अअन्गन्, सेतो कुर्सि र तब्लेहरु, धुन्गको सिन्दि, इतको भित्त, र घर्.",,2026-06-12 10:44:00.340365,4,d4f2f98bee7c49648e5b792ea5662492
clip_172,annotation_172,क्त र क्त्,क्त र क्त् कुदिरxअन्,थे बच्क्ग्रोउन्द् इस् फ़ुल्ल् ओफ़् ग्रेएनेर्य्.,,2026-06-04 12:41:31.132207,7,1c6a0c2f72174375bc81693a8895e965
clip_173,annotation_173,एऔत क्त र केति,अअगो म हथ् सेक्दै दुइ जन क्त र केति,अधर्यो कोथ,,2026-06-01 11:26:57.220953,5,9e0038c1a5b44cc990651d63837d52d7
clip_174,annotation_174,"निलो जेअन्स् को जच्केत् लगको, अनि जुन्ग रखेको एऔत क्त",क्त अअख अअख मिलै मुस्कअन् दिदै मस्किदैइ छ्ह,सुन्दर् सुर्य को किरन् देखेको,,2026-06-01 11:19:34.835906,5,455c08ff0f804407b4493e7ac409df35
clip_175,annotation_175,"पतुक, गुनिउ, छोलो , घलेक् परम्परगत् मगर् पोसक्",हथ् खुत्त को तअल् मिलयेर नछ्दै,"छरै तिर हरियो घस्, सपत् थौम पतक हरु झुन्दको",,2026-06-04 11:56:51.603336,5,d1aee4401c434a9f885fd19393cae8cf
clip_176,annotation_176,क्त र क्त्,तौको निर हअत् लगेर नछ्य,घर् छ,,2026-06-03 18:00:02.712693,7,0a168dbf2068474ab343253b3b7fb857
clip_177,annotation_177,पस्ह्छिमे पोसक् लगको कत र केति हरु,क्त र केति हरु हथ् खुत्त छलयेर नछि रहेको छ्हन्,दुइत झयल् वयेको थुलो कोथ म बत्ति झिमिक् झिमिक् गरि रहेको,,2026-05-29 10:44:53.941557,5,25563f9fa8444996ada5df9abacbed21
clip_178,annotation_178,"मगर् पोसक् (धक तोपि, इस्त चोअत्, पतुक, छोलि, गुनिउ र परम्परगत् सिक को मल) लगयेक",रमैलो पर म तलि बजौदै अनि नछ्दैइ,छौर् म कुनै कर्यकरम् wअ उत्सब् को लगि सबै जन वेल वयेको,,2026-06-04 12:01:31.348878,5,a21b6184dd71432a979ed57b37bf98b4
clip_179,annotation_179,सेतो र कलो मिसियेको छितुwअ जस्तो बुत्तेय् तोप् लयेकि खुल्ल कपल् वयेकि एक् जन युwअति र खैरो फ़ुल्ल् स्लेएवे त्स्हिर्त् लयेक घति म छन्दि को छैन् वयेको एक् युwअ,महिल छन्छलेय् अअन्दज् म युब पुरुस्ह् लै अफ़्नो कुर रख्दै छिन् वनेय् युब पुरुस् उन्को कुर सुन्दै मुस्कुरौदै सन्ग् सन्गै हिन्दिरहेक छन्,एउत लमो र कअथ् क थम्भ हरुलेय् बनेको छनो सहित्को चोर्रिदोर् र पछदि रतो इत्त लेय् बनेको घेरो,,2026-06-12 10:26:32.019263,6,a68246b6b0944404b18cf6bc7498394f
clip_180,annotation_180,"अच्तोर् एउत बिसेस्ह् सअन्स्क्रितिक् र मोदेर्न् लोओक् को चोम्बिनतिओन् को पोसक् म उभियेक छ्हन्. उनिले स्त्रिपेस् भयेको खर्नि रन्ग् को कुर्त, मथि बत रअतो-सएतो बोर्देर्स् भयेको कपद , कअलो पन्त् अनि छस्म, र तौकोम एउत हत् लगयेक छ्हन्",अच्तोर् नछ्दै र रमिलो हन्द् गेस्तुरेस् गर्दै एनेर्गेतिच् रुप म हिप्-होप् स्त्य्ले को दन्चे र लिप्-स्य्न्चिन्ग् गरिरहेक छ्हन्,"यो स्चेने एउत हिमलि गौन् को परिवेस्ह् म खिछियेको छ्ह. पछदि पत्ति धुन्ग ले बनेक पुरन घर् हरु, र थुद-थुद नन्ग पहअद् हरु देखिन्छ्हन्.",,2026-06-12 16:02:57.200651,5,835bcd8fd8a54873b3ac4735c3ecbb52
clip_181,annotation_181,हरियो पतलो थुल थुल हग वयेक रुख् हरु,मस्त कुहिरो लगै छ्ह्ह,"थुल थुल रुछ् लै धकि रहेको, कस्ह्तो सुन्दर् द्रिस्ह्य",,2026-06-01 11:24:14.146462,5,c64fbbc6ca5546eaa4ea93c17ddddc28
clip_182,annotation_182,एऔत पहदि पोसक् लगको सुन्दर् केति र एक् जन क्त अधर्यो कोथ वित्र,दुबै जन मिलेर wओओल् निकल् छ्हन्. क्त लेय् केति लै अअफ़ुले निकलेको wओओल् दिन्xअ,अधर्यो कोथ,,2026-05-29 19:27:23.731346,5,6b8905bce4e2493ea336859c42bd2bc1
clip_183,annotation_183,युwअ पुरुस्ह् हरु,नछ्दै र बन्दुक् बोक्दै,गौन्को अअन्गन् र बन्दुक्,,2026-06-20 03:08:53.267558,8,b232ccfdd19d4281875414154a9d8359
clip_184,annotation_184,"धक बुत्तको इस्तकोत् र कम्मर् म पतुक बधेक एक् युwअक् र उन्को दय बय बुत्तेय्धर् छोलि, फ़रिय र पहेलो पोतेय् लगयेक दुइ युwअति हरु",समुहिक् नेपलि लोक्न्त्रिय गरिरहेक,मन्दिर् wअ दुर्बर् परिसर्को खुल्ल थौ र अन्य सन्स्क्रितिक् पोसक् लगयेक सहयेक् भुमिक म कलकअर् हरु,,2026-06-12 09:45:27.750847,6,6ff01753cd7f4aa199ea766841175f3f
clip_185,annotation_185,नेप्लै पोसक् लगयेको एऔत लमो कपल् वको क्त र एऔति सुन्दर् रतो गल वयेको केति,"दुबै जन सन्गै हिद्दै, लमो सुस्तेर तनेर गुफ़्फ़् गर्दै छ्हन्. हरियो घस् म बख्र छरेको देखिन्छ","छरै तिर हरियलि, छिसो अन्द् सुस्त हwअ छलेको",,2026-05-29 19:32:31.808111,5,b3b24c3675df4fc8a52458c170c35c25
clip_186,annotation_186,हरियो घस् को मथि एऔत केत र केति,"केति को कध् म हथ् रखि, केत र केति नछ्दै रोमन्चे गर्दै",थुल थुल हिमल् पहध् हरु,,2026-06-04 13:00:49.653507,5,7de408106a9b4fd5a9ee10097a11e75b
clip_187,annotation_187,बुत्त वयेको इस्तकोत् र जेअन्स् को पन्त् लगयेक दुइ युwअ हरु सन्गै कुर्थ सुर्wअल् तथ गुन्यो छोलि र गल म पोतेय् लगयेक महिल युwअति हरु,एक् सअथ् अफ़्नो अफ़्नो हअथ् हwअ म उथयेर समुहिक् लोक्न्रित्य गरिरहेक,दुर्बर् छेत्र जस्तो देखिनेय् पुरनो सैलिक सम्रछन हरु वयेको खुल्ल परिसर्,,2026-06-12 09:40:18.813184,6,cc8acb4d1eae434daf48658a00a86b60
clip_188,annotation_188,क्त,क्त बोलिरछ,wअल्ल् र लिघ्त्,,2026-06-03 17:52:49.291253,7,3b95c66e47b44928b79371aba8c44489
clip_189,annotation_189,नेwअरि पहिरन् लगयेक पुरुस्ह् र महिल हरु,नछ्दै र गौदै गरेक छ्हन्,"रुख्, एत्त ले छ्हपेको घर्, नेwअरि पहिरन् म महिल र पुरुस्ह् हरु मदल् बजौदै, परल्",,2026-06-12 11:22:33.128557,4,ea68cf76247f4158981bf17bb975dc09
clip_190,annotation_190,क्त र क्त्,क्त ले क्त् लै हुग् गरिरxअ,समुन्द्र,,2026-06-04 12:11:52.594692,7,9ca34b5982294d16a349828ba631cb58
clip_191,annotation_191,पुरुस्ह्,बस्दै,कथ् को धोक अनि कुर्सि,,2026-06-20 03:12:47.979575,8,0125218d208049ccab11513a5a437d77
clip_192,annotation_192,धेरै मनिस् हरु केत र केति को उपस्थिति देखिन्छ्ह,मुख्य अभिनेत र अभिनेत्रि एक् अर्क लै हेअर्दै मस्किदै छ्हन्,कथ् को धछ म फ़र्सि झुन्द छ्ह,,2026-05-29 17:43:53.787448,5,d92f89f4f3f1431d91fa374584350df8
clip_193,annotation_193,कच्छि स्हगुरो धन्ग लेय् बनको बतो,मन्xएय् हरु बतो बत ओर्लिदै छ्हन्,मतो र धुन्ग लेय् बनको घर् हरु,,2026-06-04 17:49:32.267059,5,1ecc26e7a41146cf83d116e2f1ea3553
clip_194,annotation_194,"चिउँडोको मुनि सानो कोठी भएको, अनुहारमा मिठो मुस्कान लिएर, गुलाबी रंगको साडी र झुम्का लगाएकी एक सुन्दरी महिला",उभिएर अगाडि हेरिरहेकी,"अँध्यारो र धमिलो पृष्ठभूमि, साँझको झिलिमिली मधुरो नीलो र पहेंलो बत्तीहरूको चमक",,2026-06-04 18:06:23.309465,6,da75038ed79f4adc8170e6d5fcb81efd
clip_195,annotation_195,क्त,क्त हरु गेएत् गैरxअन्,घर् हरु छ,,2026-06-04 12:46:38.119091,7,5b1dbdac98624e8e976089006a749fc2
clip_196,annotation_196,सेतो र च्रेअम् रन्ग्को ब्लश्शेर् लगयेको एक् युबक्,युब गोजि म हथ् रखेर बिस्तरै गोजि म हथ् रखेर हिद्दै,"हल्क उजल्यो वयेको भित्रि थौ, सजwअति बस्तु हरु देखिन्छ्ह",,2026-05-29 11:07:22.980966,5,efea600f85de47f8ab7181a0d5da907d
clip_197,annotation_197,"Eauti akarsak keti ley Himali bheg (Manang/Mustang) ma laginge parampargat Tibetan/Himali saanskritik posak ""Chuba"" (चुबा) lagayeki chin ra kmar ma raato sash badhiyeko chha. Unile shir ma akarsak patthar ley baneko headpiece pani lagayeki chin.",एक्दम् खुसि र हसिलो एxप्रेस्सिओन् क सथ् उनि हिद्दै गरेको,गौन्ले परिवेस्ह् म धुन्ग मतो लेय् बनेको घर्. पछ्हदि नन्गो पहध् हरु अनि अअझै पर तिर हेउ लेय् धकेको हिमल् देखिन्छ्ह.,,2026-06-12 16:09:44.333249,5,479e4c1315db46b6b1c59517788b0953
clip_198,annotation_198,अअगन् म मगर् पोसक् लगयेक केत हरु,गेएत् को तअल् मिलै दम्फु बजौदै,परम्परगत् घर् को अअगदि एऔत अअगन्,,2026-06-04 12:32:03.342517,5,43959e08246545b5825ab2c624d23a6a
clip_199,annotation_199,"धेरै जन युwअ हरु, जस्म केहि जन को हअत् म बन्दुक् छ",हअत् म बन्दुक् उछअलेर सन्गै नछ्दै रमैलो गर्दै छन्,"इत्त को भित्त, रन्गिन् पतक, तर अअकर् को बत्ति र सजwअत् भयेको पर्त्य् जस्तो इन्दोओर् थौ म",,2026-07-11 05:09:41.332825,4,0d348c9106b84eecb9f5a4a13e93f39d
clip_200,annotation_200,"लमो फ़िजरियेको कपल्, तौको म बिस्हेस्ह् पत्थर् लेय् बनेको सिर्बन्दि, कअन् निलो पत्थर् को झुम्क अनि सन्स्क्रितिक् पोसक् लगयेकि एऔति सुन्दर् अकर्सक् केति.","केति ले त्यो सनो कअलो बख्र को पअथो लै अफ़्नो कअख्म समत्दै, अन्गलो हलेर मसर्दै",गौन्ले परिवेस्ह् म बनेको परम्पर्गत् झोपदि जस्तो थौ,,2026-06-12 15:51:55.510035,5,7ba81a64d60a4bf2be7d6124b68dce95
clip_201,annotation_201,थरु सन्स्क्रितिक केति हरु थरु लुग लगक,दुइत केति र एक् जन क्त थरु निर्त्य हेरेर रमौदै,रति को बेल थरु नछ् हेअर्न अअयेको,,2026-05-29 09:11:19.534101,5,71f4e9354c4b499ab0c9db2d6cd9bb4e
clip_202,annotation_202,अनुहारमा मिठो मुस्कान सहित गुलाबी रङको साडी र झुम्का लगाएकी एक सुन्दरी महिला,उनलाई केन्द्रविन्दुमा राखी वरिपरि घुम्दै नृत्य गरिरहेका छन्।,परम्परागत थारु पोसाकमा सजिएका नर्तकीहरूले हातमा बलिरहेको दियो समातेर,,2026-06-04 18:19:44.589700,6,08931f91a6ab40c1a6c19f84f9cf3a2d
clip_203,annotation_203,"पिअनो, गुइतर्, द्रुम्स् अनि स्पेअकेर् हरु देख्न सकिन्xअ",केति पिअनो बजौदै अनि क्त हरु गुइतर् र द्रुम् बजौन रेअद्य् हुदै छ्हन्,"पछ्हदि इत्त लेय् बनको भित्त म अन्ग्रेजि कलकर् (मिछेअल् जच्क्सोन्, अनि अरु कलकर्) हरु को तस्ह्बिर् भित्त म तसेको",,2026-06-12 12:39:18.442283,5,c8e76c9db7ab4c3cb78d8decf053eec1
clip_204,annotation_204,सेतो रन्ग् को बोलेरो,कच्छि बतो म बोलेरो लेय् मन्xएय् बोकेर कुद्धै,छरै तिर रुख् हरु को बिछ् म एऔत कच्छि बतो,,2026-06-04 12:50:46.338361,5,90ada988f8aa45feb954e194d25838d5
clip_205,annotation_205,मुख्य कलकर् को दुबैपत्ति धेरै जसो केत कलकर् हरु एकै नस् को रन्गिल परम्पर्गत् नेपलि पोओसक्,"बिछ् को मुख्य कलकर् लेय् दुबैपत्ति को केत कलकर् लै धकलेर, दथ् देखौदै मुसुक्क हस्दै",मथिल्लो भअग् म परम्पर्गत् दलो र मकै को झुत्त हरु झुन्दिययेको हमि हेर्न सक्छन्,,2026-05-29 16:45:54.095585,5,736b21a08c4449ec87c979435a2eaa29
clip_206,annotation_206,क्त्,क्त् नछिरxए,घर् छ,,2026-06-03 18:02:29.018152,7,4581e200bc3f41f1ab34747ff051735d
clip_207,annotation_207,"पहेलो छुर, छोलो अनि गुइनु लगको एऔत सुन्दर् केति वने केत लेय् पुर्प्ले कुथ अनि तल सेतो छम्किलो पन्त् लगको",रुख् को हग म अच्तोर् र अच्त्रेस्स् हरु स्होओतिन्ग् गर्दै,"उख् को wअरिपरि छम्किलो घम् को उज्यलो छ्ह, पहअदि दन्द हरु र खुल्ल अअकस्ह् देख्न सकिन्छ.",,2026-06-12 09:51:16.436869,5,55ff549185424896aa8b4e1386f60fce
clip_208,annotation_208,क्त र क्त्,क्त र क्त् नछिरxअन्,हिमल् छ,,2026-06-04 12:44:13.125708,7,cd3822f872744fa6af261919fb25b809
clip_209,annotation_209,कलकर् हरु गल्चिएर् मथि (एऔत हन्द्सोमे केत र रम्रि केति),केति को केछ् मैलयेर रोमन्तिच् पर म नछ्दै,छरै तिर ग्लचिएर्स् अनि ग्लचिएर्स् पग्लेर बनेको हिम्नदि,,2026-06-04 12:12:49.010071,5,f24e2ea5481d4d7d9c0067ea65a92297
clip_210,annotation_210,गुइतर् बजौदै गरेको एक् पुरुस्ह्,"गुइतर् बजौदै, नछ्दै र गौदै","लखे, मदल्, नेwअरि पहिरन् लगयेकि महिल हरु मदल् बजौदै,  द्रुम्, दुर्बर् स्क़ुअरे",,2026-06-12 11:12:02.305372,4,254dc9747db54db89bf78c4ab7525462
clip_211,annotation_211,क्त हरु नेपलि पोसक् लगयेर अअगन् म मस्त गन्ग् बनयेर स्होओतिन्ग् को लगि छ्हन्,मुख्य कलकर् लेय् कम्मर् हल्लको देखेर अरु क्त कलकर् हरु लेय् तलि बजxअन्,पछदि पत्ति परम्पर्गत् घर् को थुलो अअगन्  र कथेरो धन्छ को घर् देखिन्छ,,2026-05-29 16:55:06.059087,5,0147e73bf94449759ca8ed423561cfd2
clip_212,annotation_212,कलो छस्म लगको एऔत हन्द्सोमे केत अनि एऔत सेतो कपद लगै होत् केति,"केत कुर्छि म बस्दै गर्द पxअदि बत एऔत होत् केति लेय्, उस्को कध् म हथ् रखेर धयन् अअकर्सन् गरेको छ्ह","एऔत बर् को स्चेने, जन पxअदि तिर रक्सि हरु रखियेको छ्ह",,2026-06-02 08:17:07.213437,5,11e3222e275e4d05932a31c564f62108
clip_213,annotation_213,बिछ्म मुख्य जोदि बिहेको पोओसक् जस्तो सर्गर्मि म सजिये-क छन्,दुबै मुख्य कलकर् हरु एक्-अर्कलै हेरेर मय-लु पर म हस्दै रोमन्तिच् हुअदै अभिनेत लेय् अभिनेत्रि लै पxअदि बत अन्गलो हल्यो,कथ् को परम्परगत् धछ देखिन्छ्ह,,2026-05-29 17:49:54.340164,5,43cc44330d69463cb43643378c51838c
clip_214,annotation_214,सिर्यनि को मथिल्लो पत्ति नेपलि पोसक् लगयेको एऔत क्त र केति छ्हन्,एऔत क्त र केति घस् मथि हथ् xओपेर नछै घस् मथि सुतेको देखिन्xअ,पत्थर् केय् बेनेको सिर्यनि को मथि हरियो घस् देखेको छ्ह,,2026-05-29 17:56:07.422691,5,22e2d6ddbc9d49b18c17b9a4262021be
clip_215,annotation_215,दुइ जन क्त र एऔति केति नेwअरि लुग लगयेको छ्हन्,एऔत नेwअरि लुग अनि कअन् म रतो फोओल् लगयेको क्त लेय् हथ् कसेर बतो म हिद्दै,रतो मतोको अनि कलो तिन् लेय् छयेको घर्,,2026-05-29 09:54:48.080140,5,79e5658bccad439a84edda88b31897f8
clip_216,annotation_216,लमो कपअल् भयेकि एउत अअकर्स्हक् केति छिन् अस्ले तौको म परम्पर्गत् धुन्ग/गत को गहन र रन्ग-छन्गि सअन्स्क्रितिक् द्रेस्स् लगयेकि छिन्.,केति एक्दम् स्हन्त र भबुक् भयेर मथि घम् को उज्यलो अऐरको पत्ति हेर्दै गरिरहेकि देखिन्छ्हिन्,धुन्ग र चेमेन्त् लेय् बनेको पुरनो जस्तो अध्यरो थौ जह मथि देखि सुर्य को किरन् अअयेको,,2026-06-12 15:43:05.559049,5,dea40e5cf959416796effffa984687f5
clip_217,annotation_217,क्त,क्त छ अनि छेस्त् म हअत् लगिरxअ,वुइ म फ़ुल् हरु छ,,2026-06-04 12:44:44.048930,7,ab7c1a69b17842738a45b771bf6021d3
clip_218,annotation_218,"गुइतर्, मन्दोलिन् अनि द्जेम्बे बज हरु",युब हरु गेएत् को तअल् म बज बजौदै,"हेउ लेय् धकेको हिमल् अनि पुरनो धुन्ग, मतो र कथ् लेय् बनेको घर्",,2026-06-04 13:06:09.849819,5,4c11a35a7161404ea0f01466db4b1e0b
clip_219,annotation_219,क्त,क्त हिदिरको छ,wअल्ल् छ अनि लिघ्त् बलिरxअ,,2026-06-03 17:52:13.698509,7,aa50fb207d5c492bb91766634b4514c9
clip_220,annotation_220,च्यातिएको सेतो गन्जी लगाएको एक हतास नेपाली युवक,खोलाको बगरै बगर पुलमुनिबाट निस्किएर लुरुलुरु सिधा अगाडितर्फ पाइला बढाउँदै हिँडिरहेको,"कंक्रिटको सानो पुल, ढुङ्गे बगर र हरिया रुखका हाँगा तथा पातहरू",,2026-06-04 18:55:40.876807,6,5ad82f4e8bfa430eb854658d28175fc5
clip_221,annotation_221,रतो स्wएअतेर् अनि कपल् म रुमल् बधेको एऔति सुन्दर् परि जस्तो केति,एउति केति लेय् तोकरि मके wओओल् रखेर हिद्दै. हिद्द हिद्दै उस्ले पxअदि हेअर्दै मुस्कुरौदै गरेको देखिन्छ्ह,कथ् को घर्,,2026-05-29 19:23:57.153789,5,66a326e1d3e44d7db060425b668e9c96
clip_222,annotation_222,एउत बैजनि रन्ग् को स्हिर्त् लगयेको पुरुस्ह् र एउत महिल,दुबै नजिकिदै गयेर नछ्दै छ्हन्,"खुल्ल अअगन्, रुख्हरु, सनो तल्, तअल् म फुल् फुलिरहेको",,2026-06-12 10:50:49.700808,4,b695ff9d09c542419f609529c14fb75b
clip_223,annotation_223,"रतो सरेए, कअन् म झुम्क अनिइ निधर्म तिकि लगकि केति अअतिनै सुन्दर् देखेकि छ्हिन्","सबै जन अअफ़्नो धुन् म नछिरहेको वने एऔति सुन्दर् केति अअगदि हिद्दै, रोमतिच् हुदै क्त लै हेअर्दै छ्हिन्","पछदि पत्ति को थौ एक्दम् अध्यरो देखिन्छ, र पछदि क मनिस् हरु अलिक् धुमिलो रुप म देखियेको छन्.",,2026-06-02 08:09:12.847016,5,0cc0d13fae41402498cf2e5f314e592f
clip_224,annotation_224,बन् बस्को गदि बतो म रोकेको,गदि बत गोरि केति ओर्लि रहेको,पxअदि पोल् को खम्ब छ्ह,,2026-05-29 08:36:15.068830,5,4bffda4418444ebb92b7a3676ee810a8
clip_225,annotation_225,छ्यत्तेको लुग लगयेको वोको मन्छ्हे,पेत् म हत् रख्दै,"झदिबुति, फ़ोहोर्",,2026-06-05 09:58:44.669110,4,dde96ac5ce5e45ae83232dafab3ba2cc
clip_226,annotation_226,"सुकेको घर् को छौ म (दौर सुरुwअल्, धक तोपि अनि कलो चोअत्) लगको एऔत बुधो",बुधो छौ म हिन्दै मिक मिके म करौदै छ्ह्ह,पxअदि एऔत घर् अनि रुख् हरु देखियेको,,2026-06-04 12:16:44.937248,5,5f586a5d2d0942ff98724710cdcd74b0
clip_227,annotation_227,क्त् हरु,हअत् हल्लयेर नछेको,क्त् हरु नछेको,,2026-05-30 05:09:44.789130,7,372cd07e0f5a4956b0ec570ccc2e0dbf
clip_228,annotation_228,"चौतारीमा सुस्ताएर भर्खरै ब्युँझिएझैं देखिने, च्यातिएको सेतो गन्जी लगाएको एक थकित नेपाली युवक",उठेर लुरुलुरु सिधा अगाडितर्फ पाइला बढाउँदै,वोरिपरी हरियो झाडी र रुखका जराहरू झुण्डिएको ग्रामीण परिवेशमा ढुङ्गा-सिमेन्टले पक्का गरिएको परम्परागत चौतारी,,2026-06-04 18:42:30.167378,6,f3d092df4a9a40ffa454f1b279afbbf6
clip_229,annotation_229,"घर् को अअगन् म (पतुक, छोलो, गुनिउ, घति म तिलहरि अनि सिर् म सिर्बन्दि) लगयेक केति हरु",गेएत् गौदै अनि हथ् र खुत्त को तल् मिलयेर नछ्दै,पुरनो घर् म मकै झुन्दको,,2026-06-04 12:36:07.862077,5,2ed18d23334448d6a2b3eab74a711a90
clip_230,annotation_230,"पपल् फ़िजरियेको, घति म रन्गि छन्गि परम्परगत् पत्थर् को मल लगको अनि सेतो र पिन्क् रन्ग् को छुब लगकि एऔति सुदर् युबति",युबति निरस्ह् वयेर रुन बेल अअफ़्नो हथ् लेय् अअस्हु पुछ्दै गरेको,पछ्हदि पत्ति थुलो निलो रन्ग् को झयल् अनि निलो पर्द देखियेको छ्ह,,2026-06-12 20:32:25.214795,5,91bd31d7531844228114686753f467ed
clip_231,annotation_231,मयुर् को प्wअख् पxअदि देखियेको मगर् द्रेस्स् लगयेको युब हरु,चसुअल्ल्य् नछ्दै,पहदि भेग् को सपत् मैदन् म कुनै कर्येकरम्,,2026-06-03 17:33:11.905495,5,02f825963eed4a01921225318fdce26c
clip_232,annotation_232,कलो बिदेसि कपद र सिर् म हेअद् छैन् लगको,हwअ ले गर्द उन्को लमो कपअल् हल्क उद्दै सुस्त परम हिदेको,पछदि पत्ति लमो घुमौरो खल्को सुकेको खोल,,2026-06-04 12:07:28.307945,5,5aa0bea5c9c84a0d8e07d9761f2ad80b
clip_233,annotation_233,पहध् छिसो म दुइ जन मन्xएय् हरु नय्नो कपद लगयेक,"दुइ जन मन्xएय् पहद् को मैदन् म हिदिरहेक छन्. एउत ले दोको बोकेको, अर्को ले हअत् म समग्रि बोकेको.","दन्द र जुन्ग्ले, थुलो थुलो रुख्हरु, बदल् र कुहेरो ले धकिएको",,2026-05-29 18:55:56.272965,5,7810696adde54033936bc33e9de30b27
clip_234,annotation_234,मगर् पोसक् लगक मगर् र मगर्नि हरु,मगर्नि हरु कम्मर् म हथ् रखि नछ्दै,हरियो घस् को मैदन् म रन्गि छ्नगि पतक हरु झुन्दको,,2026-06-03 17:20:45.072620,5,f20c5e16cd03414cabb6d0bca53804a9
clip_235,annotation_235,चमेर म घम् को अनि लिघ्त् अअयेको करन् बुस् र तेस्ह् मथि बसेको मन्xएय् हरु लै कलो देखको छ्ह,बतो म गदि गुदिरहेको,खुल्ल अअकस्ह् अनिइ घम् मस्त तलेको अनि पxइ घम् दुब्न लघ्द त्यो होरिशोन् देखेको,,2026-06-12 07:57:01.990627,5,d5448e5aee2e4ae8b39d5c97d22d70fe
clip_236,annotation_236,क्त,क्त हिदिरछ,ब्लुए स्क्य्,,2026-06-04 12:05:17.232978,7,d684c7cd7aa749a1aca569803c3695b2
clip_237,annotation_237,"घति म तिलहरि, सिर् म सिर्बन्दि अनि छोलो लगको",केति हरु गौ को बतो हिद्दै,गौ घर् को बतो,,2026-06-04 12:56:15.024624,5,8e7be9908b2c4efeb56a2daad67c222e
clip_238,annotation_238,एक् नेपलि युwअक् र एक् नेपलि महिल,"हेर्दै,","फ़ुल्, हरियलि",,2026-06-05 10:24:37.916979,4,303fe2048cf242cb892a7a2b0d6b53f3
clip_239,annotation_239,दौर सुरुwअल् लगयेर क्त हरु अनि गुनेw छोलै लगयेर केति हरु अअगन् म बसेक,नेपलि पोसक् लगयेक क्त र केति हरु गेएत् गौदै छ्ह वने एक् जन क्त र केति उबियेर हथ् समतेर नछ्दै,एऔत थुलो अअगन् वयेको दुइ तले पुरनो घर्को कौसिइ म मकै झुन्दको,,2026-05-29 10:26:12.090559,5,3fa8eaad32b34509b33823c7c065cac3
clip_240,annotation_240,अऔत क्त ल  कलो तोपि लगको,क्त ल अअफ़ु हअत् त्यो कलो तोपि तिर लग्धै गरको xअ अनि युस्ल अअगदि हेरधै xअ,दमिलो बित्त,,2026-06-12 18:30:09.660053,7,b08b9c910d254b3fb6ac0d0259b6cef2
clip_241,annotation_241,एऔत क्त सेतो स्हिर्त् र चप् लगको हथ् म कितब् बोकेर तेलेफोने बोओथ् वित्र उबियेको,एऔत क्त लेय् तेलेफोने बोओथ् बत चल्ल् गर्दै,सिस नवयेको तेलेफोने बोओथ् म रतो तेलेफोने,,2026-05-29 10:36:11.231463,5,49623723ca25478d889b8030c924e7cc
clip_242,annotation_242,बिकेम केति र क्त बसेको,हरियो चोलोर्को बुल्लेत् बिके म पहेलो कपद लगको केति लेय् छलै रहेको,बतोको सिदे म केर को बरि देखेको,,2026-05-29 08:39:55.502044,5,6a40b9d3291043f697c62f710d4a6ca4
clip_243,annotation_243,हरियो घस् मथि एक तिर परल् अनि अर्को तिर दोको छ्हन् वने बिछ् म नेपलि पोसक् लगयेर केति हरु देखिन्छ्ह,बिछ्को अभिनेत्रि सथ् सत्थै सह-नर्तकि हरु कअमर् म हथ् रखि नछ्दै देखिन्छ,थुलो प्रम्परगत् घर् हरु जह दोको फ़र्सि र मकै झुन्दको देखिन्छ्ह,,2026-05-29 18:05:56.898934,5,a84b3ff929164b39b819e08227e432ad
clip_244,annotation_244,एऔत दरि जुन्ग फ़ुलेको केतो,रम्रि केति लै देखेर केतो गरि सोछ्म,बच्क्ग्रोउन्द् ब्लुर् छ्ह,,2026-06-04 17:59:50.721161,5,f02964881a7f4ee6bde866c909f91df9
clip_245,annotation_245,दुइत मिके स्तन्द् एऔत द्रुम् अनि गुइतर्,"तिन् जन क्त हरु लेय् द्रुम्, गुइतर् बजौदै गेएत् गौदै छ्हन्",पहिलो दिस्चो बत्ति बलेको अनि पxअदि बत धुwअ देखेको छ्ह,,2026-05-29 10:57:16.777028,5,32cc83c1e0fa4041a0536e41c5fb7d0c
clip_246,annotation_246,एऔत क्त र एऔति केति खोल किनर् नजिक् छ्हन्,क्त र केति खोल किन नजिक् दौदि रहेको र एक् अर्कको हथ् समतेको,खोलको किनर् नजिक् फोओल् हरु फ़ुलेको र अलि तध तिर रुख् हरु देखेको,,2026-05-29 08:55:20.108081,5,7ac0ce338b024adaa908f8e747daf988
clip_247,annotation_247,"कअथ्को बिसेस्ह् कल भयेको मन्दिर्, जस्को जस्तपत को छ्हहरि मथि छम्किलो गजुर् छ्ह र गजुर् देखि तल सम्म लमो सअन्स्क्रितिक् कपद झुन्दियेको देखिन्छ्ह.",मन्दिर् म पुज गर्न को लगि केइ मनिस्ह् को अअwअत् जwअत् देखिन्छ्ह,मन्दिर् को पछदि एऔत थुलो हरियो पहध् देखेको,,2026-06-12 08:20:30.696184,5,dc8f16ea34034aa5a2ec4d49dbe626c7
clip_248,annotation_248,सिस को तब्ले मथि एऔत सेतो कुकुर्,पसल् को सौजि कुकुर् सन्ग खेलदै अनि पसल् सफ़ गर्दै,"एऔत फोतो स्तुदिओ जह फोतो खिछ्ने, फोतोचोप्य्, लेमिनतिओन् जस्तो कअम् गरिछअ",,2026-06-04 18:06:02.927376,5,1d13e9a307d94e3192bba945f35bd623
clip_249,annotation_249,तब्ले म मन्xएय् हरु बसिरहेको अनि अगदि पत्ति हत् लगयेक एउत बुदो मन्xएय् छुब लगयेको. उहको अअगदि र छेउम दुइ जन वर्खर् को युब देख्न सकिन्छ्ह.,सबौ जन गुफ़्फ़् गरिरहेको बेल म एऔत केति लेय् कस्ह् को भदो म लिक़ुइद् पधर्थ ल्ययेर चुप् म रखेको.,"यो स्चेने घर् को भित्रि भग् म खिछियेको छ्ह, जहन् कअथ्को झ्यल्, लमो पर्द अनि तब्के देख्न सकिन्xअ.",,2026-06-12 20:19:03.493307,5,a7de9721a1a64030929e275f8325ea1d
clip_250,annotation_250,"निलो फ़ुल्बुत्ते छोलो अनि फ़रिय, पहेलो पतुक कम्मर् म बधेको, घति म कन्थ लगको, अनि कपल् बतुलि परेको एऔत सुन्दर् नरि. उस्लै पहध् को बिर् म देख्न सकिन्xअ",हथ् खुत्त को तअल् मिलयेर भिर् नजिक् नछ्दै गरेको,निलो अअकस्ह् अनि निकै पर तिर हिमल् हरु द्केहियेको,,2026-06-12 07:33:34.027427,5,3d96a175b0c1487e83694230a6a27f16
clip_251,annotation_251,क्त,क्त नछिरछ,दोको छ अनि बच्क्ग्रोउन्द् दन्चेर् हरु छन्,,2026-06-03 18:01:58.151544,7,becaf45fbd0c4dc5aa372cbc20a4b81e
clip_252,annotation_252,धेरै जन युwअ हरु समुह् म भेल भयेक छन्.,युwअ हरु बत्ति र सजwअत् भयेको गल्लि म सन्गै नछ्दै रमैलो गर्दै छन्.,"मथि बत हेर्द सअगुरो गल्लि जस्तो थौ म दोरि म झुन्दियेक बत्ति, रन्गिन् पतक, इत को भित्त र स्हुत्तेर् हरु देखियेक छन्",,2026-07-11 05:13:05.330843,4,f6ff664ab78b4e58a00c96729ab925b3
clip_253,annotation_253,क्त र क्त्,क्त् र क्त हिदिरxअन्,पहद् छ,,2026-06-04 12:06:05.769482,7,3c1dc954dacf415ebfe8fca17b91eeb6
clip_254,annotation_254,घर् ओरि परि पुरनो सधन् र खधन्य बस्तु हरु झुन्दको अनि अअगन् म मनिस्ह् हरु देखेको,अभिनेत र अभिनेत्रि को सथ् सत्थै सह-नर्तकि हरु घुमि रहेको छ्हन् वने सह-नर्तक् हरु हथ् हल्लौदै छ्हन्,"पुरनो परम्परगत् कथ्, मतो अनि धुन्ग लेय् बनेको घर् हरु",,2026-05-29 18:16:13.549294,5,7dddc08bd10246a6bce0e6df910d54fb
clip_255,annotation_255,क्ति,क्ति हरु नछिरxअन् त्रदितिओनल् लुग म,बच्क्ग्रोउन्द् दन्चेर्,,2026-06-03 18:00:28.745746,7,4a32679146b042dc82dbab243361c775
clip_256,annotation_256,"निलो रन्ग्को छुब, भित्र बत कलो रन्ग् को स्हिर्त् अनि तौको म एऔत कलो रन्ग् को हत् लगयेको एऔत केतो.","केत लेय् हअत् फ़ुकयेर, एक्दम् एनेर्गेतिच् अनि फ़्रेए स्त्य्ले म गेएत् गौदै",पछ्हदि थुल थुल नन्ग पहध् हरु अनि छेउ तिर एऔत सनो रुख् र दौर हरु देख्न सकिन्छ्ह,,2026-06-12 20:26:21.778123,5,bbcd8218b3e7433cb7524410c9e04c80
