english,nepali
A banana grove seen by the roadside,बाटोको साइडमा केराको बगान देखिएको
"A bar scene, where alcohol bottles are displayed in the background.","एउटा बारको दृश्य, जहाँ पछाडितिर रक्सीहरू राखिएको छ।"
"A beautiful attractive girl with long flowing hair, wearing a special stone headpiece, blue stone earrings, and cultural dress.","लामो फिँजारिएको कपाल, टाउकोमा विशेष पत्थरले बनेको शिरबन्दी, कानमा नीलो पत्थरको झुम्का अनि सांस्कृतिक पोसाक लगाएकी एउटी सुन्दर आकर्षक केटी।"
A beautiful fairy-like girl wearing a red sweater and a bandana on her hair,रातो स्विटर अनि कपालमा रुमाल बाँधेकी एउटी सुन्दर परी जस्ती केटी
A beautiful girl wearing hill attire and a boy inside a dark room,एउटा पहाडी पोसाक लगाएकी सुन्दर केटी र एक जना केटा अँध्यारो कोठा भित्र
A beautiful woman carrying a sweet smile and wearing a pink saree and earrings,अनुहारमा मिठो मुस्कान सहित गुलाबी रङको साडी र झुम्का लगाएकी एक सुन्दरी महिला
"A beautiful woman dressed in a pink saree and in front of her, a man in white attire with a red turban tied on his head.",गुलाबी साडीमा सजिएकी एक सुन्दरी महिला र उनको सामुन्ने सेतो पोसाकका साथै टाउकोमा रातो फेटा बाँधेका एक पुरुष।
"A beautiful woman with a small mole under her chin, carrying a sweet smile, wearing a pink saree and earrings","चिउँडोको मुनि सानो कोठी भएको, अनुहारमा मिठो मुस्कान लिएर, गुलाबी रंगको साडी र झुम्का लगाएकी एक सुन्दरी महिला"
"A beautiful young woman with open hair, wearing a colorful traditional stone necklace and a white-pink chuba","कपाल फिँजारिएको, घाटीमा रङ्गीचङ्गी परम्परागत पत्थरको माला लगाएको अनि सेतो र गुलाबी रङको चुबा लगाएकी एउटी सुन्दर युवती"
A black car is parked on the road.,कालो गाडी बाटोमा रोकिएको छ
A black jungle safari vehicle came and stopped.,कालो रङको जङ्गल सफारी गाडी आएर रोकियो
A black wall,एउटा कालो भित्ता
"A blue butterfly flies and sits on the young man's hand, and then he blows softly to make it fly away.",नीलो रङको पुतली उडेर युवकको हातमा बस्छ अनि युवकले मुखबाट सानो सुस्केरा फालेर पुतली उडाउँछ।
A boy and a girl,एउटा केटा र केटी
A boy and a girl are near the riverbank.,एउटा केटा र एउटी केटी खोला किनार नजिक छन्
A boy and a girl dancing with their hands on their chests,एक जना केटा र केटी छातीमा हात राखेर नाच्दै
A boy and a girl on green grass,हरियो घाँसमाथि एउटा केटा र केटी
A boy and a girl warming their hands over a fire,आगोमा हात सेक्दै दुई जना केटा र केटी
A boy and girl are seen dancing with outstretched arms and then lying down on the grass.,एउटा केटा र केटी घाँसमाथि हात फैलाएर नाच्दै घाँसमाथि सुतेको देखिन्छ।
"A boy drinking black tea in front of a shop, watching attentively","पसलअगाडि कालो चिया खाइरहेको एउटा केटा, ध्यान दिएर हेर्दै"
A boy making a call from the telephone booth,एउटा केटाले टेलिफोन बुथबाट कल गर्दै
A boy talking to a girl with his hand on a pillar and head turned towards her,हात पिल्लरमा राखेर टाउको फर्काएर एउटा केटा एउटी केटीसँग बोल्दै
A boy wearing Newari clothes and a red flower in his ear walking along the path with folded arms,नेवारी लुगा अनि कानमा रातो फूल लगाएको केटाले हात बाँधेर बाटोमा हिँड्दै
A boy wearing a black cap,एउटा केटाले कालो टोपी लगाएको
"A boy wearing a blue chuba over a black shirt, with a black hat on his head.","नीलो रङको चुबा, भित्रबाट कालो रङको सर्ट अनि टाउकोमा एउटा कालो रङको ह्याट लगाएको एउटा केटो।"
"A boy wearing a brown traditional dress is driving the sheep, and a beautiful girl is enjoying watching that scene.",खैरो रङको पहिरन पोसाक लगाएको केटाले भेडाहरूलाई धपाउँदै छ अनि एउटा सुन्दर केटीले त्यो दृश्य देखेर रमाउँदै छिन्।
"A boy wearing a red waistcoat held the hand of a girl in a blue blouse, blue saree, and white sash, and danced with her.","रातो इस्टकोट लगाएको केटाले नीलो रङको ब्लाउज, नीलो साडी अनि सेतो पटुका लगाएकी केटीलाई हात समातेर नचायो"
"A boy wearing a white shirt and cap, holding a book, standing inside a telephone booth",एउटा केटा सेतो सर्ट र क्याप लगाएको हातमा किताब बोकेर टेलिफोन बुथभित्र उभिएको
A boy wearing a white t-shirt and a red bandana on his forehead is standing among the girls.,केटीहरूको बीचमा सेतो टी-शर्ट र निधारमा रातो रुमाल बाँधेको केटा उभिएको
A boy wearing blue jeans and a white full-sleeve shirt standing on the edge of a hill,तल नीलो जिन्स र सेतो फुल बाहुला भएको सर्ट लगाएको एउटा केटो पहाडको भीरमा उभिइरहेको
A boy wearing daura suruwal and a cap,एउटा केटा दौरा सुरुवाल र टोपी लगाएको
A boy wearing daura suruwal and having long curly hair,दौरा सुरुवाल लगाएको अनि लामो घुमाउरो कपाल भएको एउटा केटा
"A boy wearing thick brown clothes, a muffler wrapped around his neck, and having long hair","खैरो मोटो कपडा, घाटीमा गलबन्दी बेरेको र लामो कपाल भएको केटा"
A boy with a mustache wearing a blue denim jacket,"नीलो जिन्सको ज्याकेट लगाएको, अनि जुँगा राखेको एउटा केटा"
A boy with a red cloth/bandana tied on his head,टाउकोमा रातो रुमाल बाँधेको केटा
A boy with graying beard and mustache,एउटा दाह्री जुँगा फुलेको केटो
"A brick-patterned wall,","इँट्टाले छापेको भित्ता,"
A city street with many shops and hotels,शहरको बाटो जहाँ धेरै पसल अनि होटलहरू छन्
A couple consisting of a boy and a girl standing together,केटा र केटीको जोडी बनाएर उभिएको
A courtyard in front of a traditional house,परम्परागत घरको अगाडि एउटा आँगन
"A dim, old-looking space made of stone and cement where sun rays filter in from above",ढुङ्गा र सिमेन्टले बनेको पुरानो जस्तो अँध्यारो ठाउँ जहाँ माथिदेखि सूर्यको किरण आएको छ
"A dimly lit indoor space, showing decorative items","हल्का उज्यालो भएको भित्री ठाउँ, सजावटी वस्तुहरू देखिन्छ"
A dirt path in the middle of trees all around,चारैतिर रूखहरूको बीचमा एउटा कच्ची बाटो
A dirt road in a village with old houses,पुराना घरहरू भएको गाउँमा कच्ची बाटो
A dog sitting on the table,टेबलमाथि बसेको एउटा कुकुर
A doko basket is seen hanging from a pillar of a traditional village house.,गाउँको परम्परागत घरको खम्बामा डोको झुण्ड्याएको देखिन्छ।
"A fair, festival, or religious procession (jatra) is seen being celebrated in the upper part.","माथिल्लो भागमा कुनै मेला, उत्सव, अथवा जात्रा मनाइरहेको देखिन्छ।"
A fair-skinned girl getting off the vehicle,गाडीबाट गोरी केटी ओर्लिरहेकी
A fire is burning in the background at night.,रातिमा पछाडि आगो बलिरहेको
A forest excursion vehicle parked on the road,बनबासको गाडी बाटोमा रोकिएको
A girl and boy sitting on a motorcycle,बाइकमा केटी र केटा बसेका
"A girl is walking carrying wool in a basket. As she walks, she looks back and smiles.",एउटी केटीले टोकरीमा ऊन राखेर हिँड्दै। हिँड्दा हिँड्दै उनले पछाडि हेर्दै मुस्कुराएको देखिन्छ।
A girl sitting inside the TV talking about the Gen-Z movement,एउटी केटी त्यो टिभीभित्र बसेर जेन-जी आन्दोलनको बारेमा भन्दै
A girl standing near the pond,पोखरीको छेउमा केटी उभिएकी
"A girl wearing Sherpa attire (chuba, pangden, red-orange outer) in front of a stone house","Dhunga ley banako ghar ko aagai aagadi sherpa samudaye ko posak (छुबा, पाङदेन, रातो-सुन्तला आउटर) lagaki eauti keti"
"A girl wearing Sherpa attire (chuba, pangden, red-orange outer) in front of a stone house","ढुङ्गाले बनेको घरको अगाडि शेर्पा समुदायको पोसाक (चुबा, पाङ्देन, रातो-सुन्तला आउटर) लगाएकी एउटी केटी"
A girl wearing yellow clothes riding a green Bullet motorcycle,हरियो रङको बुलेट बाइक पहेंलो कपडा लगाएकी केटीले चलाइरहेकी
"A handsome boy wearing a bright blue chuba, black pants, glasses, and a Kipat (traditional belt) tied around his waist.","एउटा ह्यान्डसम केटा जसले चम्किलो नीलो रङको चुबा, कालो प्यान्ट, चस्मा, र कम्मरमा किपट (परम्परागत पेटी) बाँधेको छ।"
A handsome boy wearing black sunglasses and a beautiful girl in white clothes,कालो चस्मा लगाएको एउटा ह्यान्डसम केटा अनि एउटा सेतो कपडा लगाएकी सुन्दरी केटी
A handsome boy with folded arms is singing and looking at his lover. The people in the background are seen dancing with hands raised.,एउटा सुन्दर हात बाँधेको केटा गीत गाउँदै अनि आफ्नो प्रेमिकालाई हेर्दैछ। पछाडिका मानिसहरू हात उठाउँदै नाचिरहेको देखिन्छ।
A house and trees are seen in the background.,पछाडि एउटा घर अनि रूखहरू देखिएको
A house made of red clay and roofed with black tin sheets,रातो माटोको अनि कालो टिनले छाएको घर
A hungry man wearing torn clothes,च्यातिएको लुगा लगाएको भोको मान्छे
A large blue window and blue curtain are visible in the background.,पछाडिपट्टि ठूलो नीलो रङको झ्याल अनि नीलो पर्दा देखिएको छ।
A large courtyard of a traditional house and a wooden-framed structure are visible in the background.,पछाडिपट्टि परम्परागत घरको ठूलो आँगन र काठको ढाँचाको घर देखिन्छ।
A large crowd gathered to watch the dance,नृत्य हेर्नका लागि मानिसहरूको ठूलो भिड देखिएको
A large green hill visible behind the temple,मन्दिरको पछाडि एउटा ठूलो हरियो पहाड देखिएको
"A large group of young male artists in yellow daura surwal, speckled brown waistcoats, and black dhaka topis are in supporting roles, with rustic stone and mud houses and a green hill visible in the background.","पहेंलो रङको दौरा सुरुवाल र छिर्केमिर्के खैरो रङको इस्टकोट, कालो ढाका टोपी लगाएका युवा पुरुष कलाकारहरूको ठूलो समूह सहायक भूमिकामा छन् भने थप पृष्ठभूमिमा ग्रामीण ढुङ्गा र माटोले बनेका घरहरू र हरियो डाँडाको दृश्य देख्न सकिन्छ"
A large moss-covered stone,ठूलो लेउ लागेको ढुङ्गा
"A long corridor with a roof supported by wooden pillars, and a red brick enclosure behind",एउटा लामो र काठका थाम्बाहरूले बनेको छानोसहितको करिडोर र पछाडि रातो इँट्टाले बनेको घेरो
A long winding dry riverbed in the background,पछाडिपट्टि लामो घुमाउरो खालको सुकेको खोला
A man,एउटा पुरुष
"A man is nailing a wooden roof. While doing so, his attention shifts to a beautiful girl and he accidentally hits his own hand with the hammer.",एउटा मान्छे काठको घरमाथि किला ठोक्दैछ। किला ठोक्दा ठोक्दै उसको ध्यान एउटी सुन्दर केटीतर्फ गएर उसले हथौडाले आफ्नै हातमा हान्यो।
A man playing a guitar,गिटार बजाउँदै गरेको एक पुरुष
A man standing and repairing a vehicle,एउटा मान्छे उभिएर गाडी बनाइरहेको छ
A man wearing Newari attire and a red muffler,नेवारी पहिरन लगाएको एक पुरुष रातो गलबन्दी लगाएको
A man wearing a purple shirt and a woman,एउटा बैजनी रङको सर्ट लगाएको पुरुष र एउटी महिला
A man wearing a thick brown coat on top of a wooden house,काठको घरमाथि एउटा मोटो खैरो रङको कोट लगाएको एउटा मान्छे
A man wearing torn clothes,च्यातिएको लुगा लगाएको एक मान्छे
A modern girl barefoot on a brick platform in front of a stupa,स्तूपको अगाडि एउटा इट्टाले बनेको प्लेटफर्ममा खाली खुट्टामा एउटी आधुनिक केटी
A modern girl wearing short clothes,एउटी छोटो लुगा लगाएकी आधुनिक केटी
"A mud-and-stone house in a rural setting. Bare hills are in the background, and snow-covered mountains are visible further away.",ग्रामीण परिवेशमा ढुङ्गा माटोले बनेको घर। पछि नाङ्गो पहाड अनि अझै टाढा हिउँले ढाकेको हिमाल देखिन्छ।
A narrow unpaved dirt path,कच्ची साँघुरो ढङ्गले बनेको बाटो
"A photo studio where photography, photocopying, and lamination works are done","एउटा फोटो स्टुडियो जहाँ फोटो खिच्ने, फोटोकपी, ल्यामिनेसन जस्तो काम गरिन्छ"
A pond near green grass,हरियो घाँसको नजिक एउटा पोखरी
A presence of many people along with a boy and girl is seen.,धेरै मानिसहरू केटा र केटीको उपस्थिति देखिन्छ
A red telephone in a telephone booth without glass,सिसा नभएको टेलिफोन बुथमा रातो टेलिफोन
"A small concrete bridge, a stony riverbank, and green tree branches and leaves.","कंक्रिटको सानो पुल, ढुङ्गे बगर र हरिया रुखका हाँगा तथा पातहरू"
A small local tavern/bhatti,सानो ठाउँ भएको भट्टी
A small local tavern/hotel,एउटा सानो होटल
A square TV kept on a table and a girl inside it,एउटा टेबलमाथि राखिएको वर्गाकार टिभी र त्यसभित्र एउटी केटी
A steep walking path on the hillside,पहाडको भिरालो मानिस हिँड्ने बाटो
"A temple with unique woodwork, featuring a shiny finial (Gajur) atop its tin roof, from which a long ceremonial banner hangs down.","काठको विशेष कला भएको मन्दिर, जसको जस्तापाताको छहारीमाथि चम्किलो गजुर छ र गजुरदेखि तलसम्म लामो सांस्कृतिक कपडा झुण्डिएको देखिन्छ।"
A traditional hut-like place set in a rural environment,ग्रामीण परिवेशमा बनेको परम्परागत झुपडी जस्तो ठाउँ
A traditional wooden structure is visible.,काठको परम्परागत ढाँचा देखिन्छ
"A trident (trishul) is placed in front of an old wooden temple, with a courtyard-like space in the front.",पुरानो काठले बनेको मन्दिर अगाडि त्रिशूल राखेको अनि अगाडि आँगन जस्तो छ।
A vehicle driving on the road,बाटोमा गाडी गुडिरहेको
"A view shot from a high place. A tall hill is behind, and some human settlements (houses) can be seen on the hill.",कुनै अग्लो ठाउँबाट खिचिएको दृश्य। पछाडि अग्लो पहाड अनि पहाडमा केही मानिसको बस्ती (घरहरू) देखिन्छ।
A white Bolero utility vehicle,सेतो रङको बोलेरो
A white curtain and twinkling lights are visible in the background.,पछाडि सेतो पर्दा अनि झिलिमिली बत्ती देखिन्छ
A white dog on a glass table,सिसाको टेबलमाथि एउटा सेतो कुकुर
A white wall and a marigold garland hanging above a door,सेतो भित्ता र एउटा ढोकामाथि सयपत्री फूलको माला झुण्ड्याएको
A woman and a man wearing blue jeans and a white shirt,एउटी महिला र एउटा नीलो जिन्स र सेतो शर्ट लगाएको पुरुष
"A woman and a man. The woman is wearing a dress, and the man is wearing a purple shirt and jeans.",एउटी महिला र एउटा पुरुष। महिलाले ड्रेस लगाएकी छिन् र पुरुषले बैजनी सर्ट र जिन्स लगाएको छ।
A young man,एउटा भर्खरको युवा
A young man,एक युवक
A young man,एक जना युवक
A young man and two dogs,एक जना युवक र दुईवटा कुकुरहरू
A young man making a face as his friend forces him to drink local alcohol,साथीले जबर्जस्ती लोकल खुवाएर मुख बिगार्दै गरेको एउटा युवक
A young man sitting on a motorcycle,एक जना युवा मोटरसाइकलमा बसेको
A young man wearing a blue shirt over a white shirt with a bandana tied on his head,नीलो सर्ट र भित्र सेतो सर्ट लगाएको एउटा युवक जसले टाउकोमा रुमाल बाँधेको
A young man wearing a white and cream blazer,सेतो र क्रिम रङको ब्लेजर लगाएको एक युवक
"A young man wearing a yellow shirt, black pants, and a brown cap sitting on the floor, and next to him, a young woman wearing a red and black modern outfit is sitting.","पहेंलो रङको शर्ट, कालो प्यान्ट र खैरो टोपी लगाएका एक युवा पुरुष भुइँमा बसिरहेको र छेउमा रातो र कालो रङको आधुनिक पोसाक लगाएकी एक युवा महिला बसिरहेकी छिन्।"
A young woman wearing a modern dress is seen standing at the top of the stairs.,आधुनिक पोसाक लगाएकी एक जना युवा महिला सिँढीको माथिल्लो भागमा उभिएकी देखिन्छिन्।
"Above the large stone staircase, large traditional village-style houses and a uniform-sized rest-house/temple are visible in the middle.",ठूलो ढुङ्गाको सिँढीको माथि ठूला परम्परागत गाउँले ढाँचाका घरहरू र बीचमा एउटै आकारको पाटी/मन्दिर देखिन्छ।
Actress Parewa udiraheko dekhera ramai raheko ani actor paxadi bata hiddai aai raheko,अभिनेत्री परेवा उडिरहेको देखेर रमाइरहेकी छिन् अनि अभिनेता पछाडिबाट हिँड्दै आइरहेको छ।
Adharyo kotha,अँध्यारो कोठा
Agla pahadh haru,अग्ला पहाडहरू
Aglo pahadi ko tala phed ma eauta sukeko khola ani bagar ma baluwa dekheko,अग्लो पहाडीको तल फेदमा एउटा सुकेको खोला अनि बगरमा बालुवा देखिएको
"All the people are listening to the music, enjoying themselves, and sipping alcohol.",सबै मानिसहरू गीत सुन्दै रमाइरहेका र मदिराको चुस्की लिइरहेका छन्।
"Along with the actor and actress, the female backup dancers are spinning while the male backup dancers wave their hands.",अभिनेता र अभिनेत्रीका साथसाथै सह-नर्तकीहरू घुमिरहेका छन् भने सह-नर्तकहरू हात हल्लाउँदैछन्
"Along with the pleasant rhythm of the song, all the girls are dancing in a group, raising their hands and swaying their waists smoothly.","गीतको रमाइलो तालसँगै सबै केटीहरूले आफ्नो दुई हात माथि उठाउँदै, सहज रूपमा कम्मर मर्काउँदै समूहमा गरिरहेका छन्।"
"An attractive girl is wearing 'Chuba', a traditional Tibetan/Himalayan cultural dress worn in the Himalayan regions (Manang/Mustang), with a red sash tied around her waist. She also wears an attractive stone-studded headpiece on her head.",एउटी आकर्षक केटीले हिमाली भेग (मनाङ/मुस्ताङ) मा लगाइने परम्परागत तिब्बती/हिमाली सांस्कृतिक पोसाक 'चुबा' लगाएकी छिन् र कम्मरमा रातो पेटी बाँधिएको छ। उनले शिरमा आकर्षक पत्थरले बनेको शिरबन्दी पनि लगाएकी छिन्।
"An attractive girl is wearing 'Chuba', a traditional Tibetan/Himalayan cultural dress worn in the Himalayan regions (Manang/Mustang), with a red sash tied around her waist. She also wears an attractive stone-studded headpiece on her head.","Eauti akarsak keti ley Himali bheg (Manang/Mustang) ma laginge parampargat Tibetan/Himali saanskritik posak ""Chuba"" (चुबा) lagayeki chin ra kmar ma raato sash badhiyeko chha. Unile shir ma akarsak patthar ley baneko headpiece pani lagayeki chin."
An event taking place in a flat field in the hilly region,पहाडी भेगको समथर मैदानमा कुनै कार्यक्रम
"An indoor party-like place is visible, and there are graffiti and decorations on the brick wall in the background.","भित्रको पार्टी जस्तो ठाउँ देखिएको छ, पछाडि इँट्टाको भित्तामा ग्राफिटी र सजावटहरू छन्।"
An indoor party-like place with brick walls and colorful lights,ईट्टाको भित्ता र रङ्गीन बत्ती भएको भित्रको पार्टी जस्तो ठाउँ
"An indoor venue with nice lighting, showing a modern setup","भित्रको राम्रो लाइटिंग भएको ठाउँ, आधुनिक सेटअप देखिन्छ"
"An old clay pot (ghaito) is on the grass, and a doko basket is hanging from the house pillar.",घाँसमाथि पुरानो माटोले बनेको घैँटो र घरको खम्बामा डोको झुण्ड्याएको छ।
"An old man wearing daura suruwal, dhaka topi, and a black coat near a dry/rustic house","सुकेको घरको छेउमा (दौरा सुरुवाल, ढाका टोपी अनि कालो कोट) लगाएको एउटा वृद्ध"
An old mud house,पुरानो माटोको घर
An open courtyard featuring old-style structures that resemble a palace square,दरबार क्षेत्र जस्तो देखिने पुरानो शैलीका संरचनाहरू भएको खुला परिसर
"An open courtyard of an artistic monastery-like building is seen, featuring a lion statue and white marble steps with railings.",गुम्बा जस्तो देखिने कलात्मक भवनको खुला परिसर छ जहाँ एउटा सिंहको मूर्ति र रेलिङसहितको सेतो सङ्गमर्मरको सिँढी देखिन्छ।
"An open space with old brick walls, where a large crowd of people is gathered.",ईट्टाका पुराना पर्खालहरू भएको खुल्ला ठाउँ जहाँ धेरै मानिसहरूको भिड उपस्थित छ।
"Around a large courtyard, corn and small oil lamps (tuki) are hanging on the house walls.",ठूलो आँगनको वरिपरि घरको भित्तामा मकै र टुकी झुण्ड्याएको
"At night, a small oil lamp (tuki) is burning behind and maize is hanging from the house pillar.",रातिको बेलामा पछाडि टुकी बाल्दै अनि घरको पिल्लरमा मकै झुण्ड्याएको
Backgound ma kehi manish haru unbiyeko dekhna sakinxa,पृष्ठभूमिमा केही मानिसहरू उभिएको देख्न सकिन्छ।
Background dancer,पृष्ठभूमि नर्तकहरू
Background dancer haru,पृष्ठभूमि नर्तकहरू
Background dancers,पृष्ठभूमि नर्तकहरू
Bagar ma eauta sano sukeko haga lai gadeko ani kehi saree lagako kalakar haru dekhna sakinxa,बगरमा एउटा सानो सुकेको हाँगा गाडिएको अनि केही साडी लगाएका कलाकारहरू देख्न सकिन्छ
Ban Basko gadi bato ma rokeko,बनबासको गाडी बाटोमा रोकिएको
Bato ma gadi gudiraheko,बाटोमा गाडी गुडिरहेको
Beautiful high green hills are seen covered in fog.,सुन्दर अग्ला हरियाली भएको पहाडलाई कुहिरोले ढाकेको देखिन्छ
Beautiful sun rays visible,सुन्दर सूर्यको किरण देखिएको
Bhitta,भित्ता
Bidding farewell by presenting a Khada scarf,खादा लगाएर बिदाइ गरिरहेको
Bisramsthali bhitra eak arka lai romatic way ma heriraheko,विश्रामस्थल भित्र एक अर्कालाई रोमान्टिक तरिकाले हेरिरहेका
Blue sky,नीलो आकाश
Blue sky and snow-capped mountains visible far away,नीलो आकाश अनि निकै टाढा हिमालहरू देखिएको
"Blue sky, greenery all around, large trees, and beautiful weather.","नीलो आकाश, चारैतिर हरियाली, ठूला-ठूला रूख, र सुन्दर मौसम।"
Blurry wall,धमिलो भित्ता
Book,किताब
Both are seen walking and talking together.,दुवैजना सँगै हिँड्दै कुरा गरिरहेको देखिन्छ।
Both extract wool together. The boy hands the extracted wool to the girl.,दुवै जना मिलेर ऊन निकाल्छन्। केटाले केटीलाई आफूले निकालेको ऊन दिन्छ।
"Both lead actors look at each other, laughing lovingly and getting romantic, as the actor hugs the actress from behind.",दुवै मुख्य कलाकारहरू एकअर्कालाई हेरेर मायालु पारामा हाँस्दै रोमान्टिक हुँदै अभिनेताले अभिनेत्रीलाई पछाडिबाट अँगालो हाले।
Both of them draw close and dance.,दुवै नजिकिँदै गएर नाचिरहेका छन्
Boy,केटा
Boy and girl,केटा र केटी
Boys,केटाहरू
Boys and girls are dancing moving their hands and feet.,केटा र केटीहरू हात खुट्टा चलाएर नाचिरहेका छन्
Boys and girls are dancing while waving their hands.,केटा र केटीहरू हात हल्लाउँदै नाचिरहेका छन्।
Boys and girls dancing in couples,जोडी बनाएर केटा र केटीहरू नाचिरहेको
Boys and girls wearing different colored outfits.,फरक रङको पोसाक लगाएका केटा र केटीहरू।
Boys and girls wearing western clothes,पश्चिमी पोसाक लगाएका केटा र केटीहरू
Boys are walking.,केटाहरू हिँडिरहेका छन्।
Boys carrying bows are aiming at a target.,धनुष बोकेका केटाहरू निशाना ताक्दै
Boys wearing Magar traditional dress,मगर पोसाक लगाएका केटाहरू
Boys wearing traditional Magar dress in the courtyard,आँगनमा मगर पोसाक लगाएका केटाहरू
"Bright sunlight glows around the tree, and hilly slopes and open sky are visible.","रूखको वरिपरि चम्किलो घामको उज्यालो छ, पहाडी डाँडाहरू र खुला आकाश देख्न सकिन्छ।"
"Bushes, sky","झाडी, आकाश"
"Bushes, trash","झाडीबुटी, फोहोर"
Byd lekhya xa,बीवाईडी लेखिएको छ।
Camera,क्यामेरा
Clapping hands and dancing in a joyful mood,रमाइलो पारामा ताली बजाउँदै अनि नाच्दै
Clouds above the snow-clad mountains,हिमालको माथि बादलहरू
Coat lagayeko mukhya nayek ani saree lagayeko mukhya nayika ko kapal ma heu taseko,कोट लगाएका मुख्य नायक अनि साडी लगाएकी मुख्य नायिकाको कपालमा हिउँ टाँसिएको
Colorful banners hanging from a string in the background,पछाडि रङ्गीचङ्गी पताकाहरू डोरीले झुण्ड्याएको
Colorful banners hanging over a green grassy field,हरियो घाँसको मैदानमा रङ्गीचङ्गी पताकाहरू झुण्ड्याएको
Corn hanging on a house made of red clay and bricks,रातो माटो र इँट्टाले बनेको घरमा मकै झुण्ड्याएको
Corn hanging on the balcony of a two-story old house with a large courtyard,एउटा ठूलो आँगन भएको दुई तले पुरानो घरको कौसीमा मकै झुण्ड्याएको
"Covered alley with wooden pillars, brick walls, and concrete floor","काठको खम्बाहरू भएको ढाकिएको गल्ली, इट्टाको भित्ता र ढलानको भुइँ"
"Covering the massive trees, what a beautiful scene","ठूला-ठूला रूखहरूलाई ढाकिरहेको, कस्तो सुन्दर दृश्य"
Cycle,साइकल
Damphu ra madal bajayera geet gaudai,डम्फु र मादल बजाएर गीत गाउँदै
Dancer haru,नर्तकहरू
Dancers,नर्तकहरू
Dancers dressed in traditional Tharu attire holding lit oil lamps in their hands,परम्परागत थारु पोसाकमा सजिएका नर्तकीहरूले हातमा बलिरहेको दियो समातेर
Dancing,नाचिरहेको
Dancing,नाच्दै
Dancing and carrying guns,नाच्दै र बन्दुक बोक्दै
Dancing and giving facial expressions to the camera near the house,घरको छेउमा क्यामेरामा अनुहारको अभिव्यक्ति दिँदै नाचिरहेको
Dancing casually,साधारण तरिकाले नाच्दै
Dancing matching hand and foot rhythms,हात खुट्टाको ताल मिलाएर नाच्दै
Dancing near the cliff edge matching hand and foot rhythms,हात खुट्टाको ताल मिलाएर भीर नजिक नाचिरहेको
Dancing while facing the camera,क्यामेरामा फर्केर नाचिरहेको
Dancing while waving hands,हात हल्लाएर नाचेको
Dancing with hands placed near the head,टाउको नजिक हात लगेर नाचेको
Dancing with hands placed on the waist,कम्मरमा हात राखेर नाचिरहेको
"Dancing with hands raised, wearing traditional attire",परम्परागत लुगा लगाएर हात माथि लगेर नाचेको
"Danda ra jungle, thulo thulo rukhharu, badal ra kuhero le dhakieko","डाँडा र जङ्गल, ठूला-ठूला रूखहरू, बादल र कुहिरोले ढाकिएको"
"Dark and blurry background, with the glow of twinkling dim blue and yellow evening lights","अँध्यारो र धमिलो पृष्ठभूमि, साँझको झिलिमिली मधुरो नीलो र पहेंलो बत्तीहरूको चमक"
Dark environment,अँध्यारो वातावरण
Dark room,अँध्यारो कोठा
Dhaka topi lagako,ढाका टोपी लगाएको
Dhunga ra cement ley baneko purano jasto adhyaro thau jaha mathi dekhi surya ko kiran aayeko,ढुङ्गा र सिमेन्टले बनेको पुरानो जस्तो अँध्यारो ठाउँ जहाँ माथिदेखि सूर्यको किरण आएको छ
Doko,डोको
Doko basket and background dancers,डोको र पृष्ठभूमि नर्तकहरू
"Doko baskets, pumpkins, and corn are hanging on the house balcony, and there are many trees nearby.","घरको कौसीमा डोको, फर्सी र मकै झुण्ड्याएको छ अनि छेउमा धेरै रूखहरू छन्।"
Doko ra background dancer,डोको र पृष्ठभूमि नर्तकहरू
"Door, bushes","ढोका, झाडी"
Dubai  jana Tauko tasayera mathi sidhi bata jhardai gareko anii kehi dance steps haru gardai,दुवै जना टाउको तसाएर माथि सिँढीबाट झर्दै गरेका अनि केही डान्स स्टेपहरू गर्दै
Dubai mukhya kalakar haru ek-arkalai herera maya-lu para ma hasdai romantic huadai abhineta ley abhinetri lai paxadi bata angalo halyo,दुवै मुख्य कलाकारहरू एकअर्कालाई हेरेर मायालु पारामा हाँस्दै रोमान्टिक हुँदै अभिनेताले अभिनेत्रीलाई पछाडिबाट अँगालो हाले।
"Due to the sunlight and backlighting on the camera, the bus and the people sitting on top of it appear silhouetted/black.",क्यामेरामा घामको र प्रकाशको कारणले बस र त्यसमाथि बसेका मानिसहरू कालो देखिएका छन्
"During the night, mostly white round paper lanterns are seen glowing in the foreground and background.",पूरै रातीको बेला अगाडि र पछाडिपट्टि धेरैजसो सेतो रङका गोलाकार पेपर ल्यान्टर्नहरू बलिरहेका देखिन्छन्।
Eating,खाँदै
Eauta dari junga fuleko keto,एउटा दाह्री जुँगा फुलेको केटो
Eauta sano hotel,एउटा सानो होटल
"Eauta sano hotel jaha table, fridge dekhna sakinxa","एउटा सानो होटल जहाँ टेबल, फ्रिज देख्न सकिन्छ"
Eauta varkhar ko yuba,एउटा भर्खरको युवा
Ek jana yuwa motorbike ma baseko,एक जना युवा मोटरसाइकलमा बसेको
Ek pack raksi ghampye hanera keto mukh bigardai,एक पेग रक्सी घ्याम्प्याएर केटोले मुख बिगार्दै
Ekdam khusi ra hasilo expression ka sath uni hiddai gareko,एकदम खुसी र हँसिलो अभिव्यक्तिका साथ उनी हिँडिरहेको
"Energetically lip-syncing and dancing, touching his chest with his hand and pointing towards the mountain",उर्जावान रूपमा लिप-सिङ्क र नृत्य गर्दै आफ्नो हातले छातीमा छुने र पहाडतिर इसारा गर्दै
Euta bike,एउटा बाइक
Euta mahila ra euta purush.,एउटी महिला र एउटा पुरुष।
Everyone gathered in the field for some program or festival.,चौरमा कुनै कार्यक्रम वा उत्सवको लागि सबै जना जम्मा भएको
"Everyone is enjoying themselves in the middle of the alley, dancing with full energy.","गल्लीको बीचमा सबैजना रमाइलो मान्दै, पूर्ण ऊर्जाका साथ नृत्य गरिरहेका छन्।"
Floor / Ground,भुइँ
Flowers blooming near the riverbank with trees visible in the distance,खोलाको किनार नजिक फूलहरू फुलेको र अलि टाढातिर रूखहरू देखिएको
"Flowers, greenery","फूल, हरियाली"
Gaadi,गाडी
Gaadi hidiraxa,गाडी गुडिरहेको छ।
Gau ghar ko bato,गाउँ घरको बाटो
Gaunle parivesh ma baneko parampargat jhopadi jasto thau,ग्रामीण परिवेशमा बनेको परम्परागत झुपडी जस्तो ठाउँ
Geet gairaxan halliraxan,गीत गाइरहेका छन् र हल्लिरहेका छन्
Geet ko taal milai damphu bajaudai,गीतको ताल मिलाई डम्फु बजाउँदै
"Ghar bhitra ko scene jaha aaina, jutta ko rack and dhoka dekhiyeko","घरभित्रको दृश्य जहाँ ऐना, जुत्ताको र्याक र ढोका देखिएको छ"
Ghar ko aagan,घरको आँगन
Ghar ko peti waa kunai basne thau,घरको पेटी वा कुनै बस्ने ठाउँ
Ghar manche haru basirakhya,"घर, मानिसहरू बसिरहेका"
Ghar ori pari purano sadhan ra khadhanya bastu haru jhundako ani aagan ma manish haru dekheko,घर वरिपरि पुराना साधन र खाद्यान्न वस्तुहरू झुण्ड्याएको अनि आँगनमा मानिसहरू देखिएका
Girl,केटी
Girls,केटीहरू
Girls are dancing in traditional clothing.,केटीहरू परम्परागत लुगामा नाचिरहेका छन्।
Girls are standing on the grass.,केटीहरू घाँसमाथि उभिएका छन्।
Girls dancing,केटीहरू नाचेको
Girls of Tharu culture wearing Tharu traditional clothes,थारु संस्कृतिका केटीहरू थारु लुगा लगाएका
Girls walking along the village path,केटीहरू गाउँको बाटो हिँड्दै
Girls wearing Tharu traditional attire dancing while surrounding a boy,थारु पोसाक लगाएका केटीहरूले एउटा केटालाई घेरेर नाचेको
"Glaciers all around, and a glacier-fed river flowing",चारैतिर ग्लेसियर अनि ग्लेसियर पग्लिएर बनेको हिमनदी
"Green grass all around, flags hanging in the flat area","चारैतिर हरियो घाँस, समथर ठाउँमा पताकाहरू झुण्ड्याएको"
Green grass is seen on top of the stone steps.,ढुङ्गाले बनेको सिँढीको माथि हरियो घाँस देखिएको छ।
Green grass seen on the lawn,चौरमा हरियो घाँस देखिएको
"Green hilly landscape, open sky above, and a slightly dim view of a mountain village and hills on the side.","हरियो पहाडी भू-भाग, माथि खुला आकाश, र साइडमा थोरै धमिलो रूपमा पहाडी गाउँ र डाँडाहरू देखिन्छन्।"
Green trees with large sparse branches,हरिया पातला ठूला-ठूला हाँगा भएका रूखहरू
"Greenery all around, with cold and gentle breeze blowing","चारैतिर हरियाली, चिसो र सुस्त हावा चलेको"
Greenery is all around and a blue sky is visible.,चारैतिर हरियाली छ र नीलो आकाश देखिएको छ
"Guitar, Mandolin ani Djembe baja haru","गिटार, म्यान्डोलिन अनि जेम्बे बाजाहरू"
"Guitar, Mandolin, and Djembe musical instruments","गिटार, म्यान्डोलिन अनि जेम्बे बाजाहरू"
"Gulping down a shot of alcohol, the boy makes a face.",एक पेग रक्सी घ्याम्प्याएर केटोले मुख बिगार्दै
Hariyo ghas ko maidan ma rangi chnagi pataka haru jhundako,हरियो घाँसको मैदानमा रङ्गीचङ्गी पताकाहरू झुण्ड्याएको
Hariyo rukh haru,हरियो रूखहरू
Hath ma damphu lidai gaudai gareko,हातमा डम्फु लिँदै गाउँदै गरेको
Hath ma laligurash xopera nikai sad expression didai,हातमा लालीगुराँस समातेर निकै दुःखी अभिव्यक्ति दिँदै
Having come to watch the Tharu dance at night,रातिको बेला थारु नाच हेर्न आएको
Hawa le garda unko lamo kapaal halka uddai susta parama hideko,हावाले गर्दा उनको लामो कपाल हल्का उड्दै सुस्त गतिमा हिँडेको
Her long hair blows gently in the wind as she walks in slow motion.,हावाले गर्दा उनको लामो कपाल हल्का उड्दै सुस्त गतिमा हिँडेको
"Heu ley dhakeko himal ani purano dhunga, mato ra kath ley baneko ghar","हिउँले ढाकेको हिमाल अनि पुरानो ढुङ्गा, माटो र काठले बनेको घर"
"Hills and forest with large trees, covered in clouds and fog","डाँडा र जङ्गल, ठूला-ठूला रूखहरू, बादल र कुहिरोले ढाकिएको"
Hilly region people wearing traditional hill attire and yellow boots on their feet,"पहाडी भेगका मानिसहरू, पहाडी पोसाक अनि खुट्टामा पहेंलो रङको बुट लगाएका"
Himal ko mathi badal haru,हिमालको माथि बादलहरू
Holding the girl's hand and dancing in a romantic mood,केटीको हात समातेर रोमान्टिक पारामा नाच्दै
Hotel bhitra kehi manxey haru,होटलभित्र केही मानिसहरू
Hotel ko sauji lai ek glass local magaudai gareko,होटलको साहुजीसँग एक ग्लास लोकल मगाउँदै गरेको
Hotel ma baseka kehi grahak haru,होटलमा बसेका केही ग्राहकहरू
House courtyard,घरको आँगन
Houses built of mud and stone,माटो र ढुङ्गाले बनेका घरहरू
Hugging a tree,रूख अङ्गालिरहेको
"In a dim nighttime background, dancers wearing traditional Tharu attire and carrying burning oil lamps in their hands are dancing in circles around them.","रात्रिकालीन धमिलो पृष्ठभूमिमा, परम्परागत थारु पोसाक लगाएका र हातमा बलिरहेको दियो बोकेका नर्तकीहरू उनीहरूलाई केन्द्रविन्दुमा राखी वरिपरि घुम्दै नृत्य गरिरहेका छन्।"
"In a narrow alley with brick walls and graffiti, under the streetlights at night","इँट्टाको भित्ता र ग्राफिटी भएको साँघुरो गल्लीमा, रातिको समय बत्तीको उज्यालो बीच"
"In front of a small old house, a steel structure, a cooking pot, and dry firewood kept for burning",सानो पुरानो घरको अगाडि स्टिलले बनेको र डेक्ची र आगो बाल्न राखेको सुकेको दाउरा
"In front, a boy wearing a black coat and a white shirt is standing, and next to him, a girl wearing black clothes is standing.","अगाडि एक जना केटा कालो कोट र सेतो सर्ट लगाएर उभिएको छ, उसको छेउमा एक जना केटी कालो लुगा लगाएर उभिएकी छिन्।"
In the background is a red brick house with a wooden window. Colorful flags and long ribbon-like fabrics are hanging.,पछाडि रातो रङको इँट्टाको घर अनि काठले बनेको झ्याल छ। रङ्गीचङ्गी पताका अनि रिबन जस्तो लामो कपडा झुण्ड्याएको देखिन्छ।
"In the background, marigold garlands like Tihar are hanging, and yellow lights are shining.",पछाडि तिहारको जस्तो सयपत्री माला झुण्ड्याएको अनि पहेंलो बत्ती बलिरहेको
"In the background, the house pillar is decorated with yellow flowers.",पछाडि घरको थामलाई पहेंलो फूलले सजाइएको।
"In the center, the lead couple is adorned in attire resembling wedding outfits.",बीचमा मुख्य जोडी विवाहको पोसाक जस्तो पहिरनमा सजिएका छन्
"In the center, the lead male artist and female artist are sitting together.",बीचमा मुख्य कलाकार (केटा) र कलाकार (केटी) एकैसाथ बसेका छन्।
"In the cold weather, snow is seen covering the grass in the background.",चिसो मौसममा पछाडि हिउँले घाँसहरू ढाकेको देख्न सकिन्छ।
"In the upper part, we can see traditional baskets (dalo) and maize bunches hanging.",माथिल्लो भागमा परम्परागत डालो र मकैको झुत्ताहरू झुण्ड्याएको हामी हेर्न सक्छौं।
"Inside an indoor party-like venue with brick walls, colorful flags, star-shaped lights, and decorations","इँट्टाको भित्ता, रङ्गीचङ्गी पताका, तारा आकारको बत्ती र सजावट भएको पार्टी जस्तो इन्डोर ठाउँमा"
"It is dark, and a small light is glowing.","अँध्यारो छ, सानो बत्ती बलिरहेको छ।"
It is dark.,अँध्यारो छ।
It is heavily foggy.,मज्जाले कुहिरो लागेको छ
It is snowing and they are dancing.,हिउँ परिरहेको छ अनि उनीहरू नाचिरहेका छन्।
"It looks like a brightly decorated venue, possibly for a wedding or video shoot.",कुनै विवाह अथवा सुटिङको जस्तो उज्यालो सजावट भएको ठाउँ देखिन्छ
It looks very cold and foggy.,एकदमै चिसो भएर हुस्सु लागेको देखिन्छ
"Itta ko bhitta ra graffiti bhayeko saaguro galli ma, rati ko samaya batti ko ujyaalo bich","इँट्टाको भित्ता र ग्राफिटी भएको साँघुरो गल्लीमा, रातिको समय बत्तीको उज्यालो बीच"
Itta ko bhitta ra rangin batti bhayeko bhitra ko party jasto thau,ईट्टाको भित्ता र रङ्गीन बत्ती भएको भित्रको पार्टी जस्तो ठाउँ
"Itta ko bhitta, rangin pataka, tara aakar ko batti ra sajawat bhayeko party jasto indoor thau ma","इँट्टाको भित्ता, रङ्गीचङ्गी पताका, तारा आकारको बत्ती र सजावट भएको पार्टी जस्तो इन्डोर ठाउँमा"
Itta ley banako ghar jaha dherai kath ko jhayal haru,इँट्टाले बनेको घर जहाँ धेरै काठको झ्यालहरू छन्
Kacchi bato bolero gadi ley manxey bokera jadai,कच्ची बाटोमा बोलेरो गाडीले मानिस बोकेर जाँदै
Kacchi bato ma bolero ley manxey bokera kuddhai,कच्ची बाटोमा बोलेरोले मानिस बोकेर कुदिरहेको
Kacchi shaguro dhanga ley banako bato,कच्ची साँघुरो ढङ्गले बनेको बाटो
Kammar ma hath rakhi gahiro sochma,कम्मरमा हात राखी गहिरो सोचमा
Kath ko ghar,काठको घर
Kath ko ghar mathi eauta moto khaiyo rang ko coat lagako eauta manxey,काठको घरमाथि एउटा मोटो खैरो रङको कोट लगाएको एउटा मान्छे
Kath ra dhunga ley baneko purano ghar haru bich ma eauta kacchi bato,काठ र ढुङ्गाले बनेको पुरानो घरहरूको बीचमा एउटा कच्ची बाटो
"Kathko khambaharu bhayeko dhakiyeko galchhi, itako  vitta  ra dhalako bhui,","काठको खम्बाहरू भएको ढाकिएको गल्ली, इट्टाको भित्ता र ढलानको भुइँ"
Keto damphu bajaudai,केटो डम्फु बजाउँदै
Khada lagayera bidai gari raheko,खादा लगाएर बिदाइ गरिरहेको
Khulla aakash anii gham masta taleko ani paxi gham dubna laghda tyo horizon dekheko,खुला आकाश अनि घाम मज्जाले लागेको अनि पछि घाम डुब्न लाग्दा क्षितिज देखिएको
"Khulla aangan, seto kursi ra tableharu, dhungako sindi, itako bhitta, ra ghar.","खुला आँगन, सेतो कुर्सी र टेबलहरू, ढुङ्गाको सिँढी, इँट्टाको भित्ता, र घर।"
Kunai purano ghar wa mandir ko aagan aagadi sabai jana nirtya gardai,कुनै पुरानो घर वा मन्दिरको आँगन अगाडि सबै जना नृत्य गर्दै
"Lakhey dancer, madal drums, Newari-clad women playing madal, drum set, Durbar Square","लाखे, मादल, नेवारी पहिरन लगाएकी महिलाहरू मादल बजाउँदै, ड्रम, दरबार स्क्वायर"
"Lamo kapal, rato ranko shirt ani tala nilo jeans lagako eauta yuba.","लामो कपाल, रातो रङको सर्ट अनि तल नीलो जिन्स लगाएको एउटा युवा।"
"Large bare hills in the background, with a small tree and firewood logs visible nearby.",पछाडि ठूला-ठूला नाङ्गा पहाडहरू अनि छेउतिर एउटा सानो रूख र दाउराहरू देख्न सकिन्छ।
Large snow-covered mountains and high hills,ठूला हिउँ परेका हिमाल अनि अग्ला पहाडहरू
"Large traditional houses where doko baskets, pumpkins, and corn are hanging","ठूला परम्परागत घरहरू जहाँ डोको, फर्सी र मकै झुण्ड्याएको देखिन्छ"
"Large trees, an uphill terrain, and green grass all around","ठूला-ठूला रूखहरू, उकालो भएको ठाउँ अनि चारैतिर हरियो घाँस भएको"
Laughing,हाँस्दै
Leaning against the wall with closed eyes,आँखा चिम्लेर भित्तामा अडिएको
"Light greenery on the hill behind, and a human settlement (village) can be seen.",पछाडिको पहाडमा हल्का हरियाली अनि मानिसहरूको बस्ती देखिन्छ।
Lights and background dancers are dancing.,लाइट अनि ब्याकग्राउन्ड डान्सर नाचिरहेका छन्।
Lights are flickering inside a large room with two windows.,दुईवटा झ्याल भएको ठूलो कोठामा बत्ती झिमिक झिमिक गरिरहेको
Looking / Watching,हेर्दै
Lush green rural backdrop & supporting dancers wearing red choli and dark yellow fariya along with yellow potey around their necks.,हरियाली देखिने ग्रामीण भेगको पृष्ठभूमि र सहायक रूपमा रातो चोली र गाढा पहेंलो रङको फरियासँगै घाटीमा पहेंलो पोते लगाएका नर्तकीहरू।
Lying down and laughing,सुतेर हाँस्दै
Magar dress lagayeka yuba haru,मगर पोसाक लगाएका युवाहरू
Magar men and women wearing traditional Magar attire,मगर पोसाक लगाएका मगर र मगरनीहरू
Magar women dancing with their hands on their waists,मगरनीहरू कम्मरमा हात राखेर नाच्दै
Maize (corn) hanging on the old house,पुरानो घरमा मकै झुण्ड्याएको
Man,पुरुष
Man / Person,मान्छे
Man and woman,पुरुष र महिला
Manche,मान्छे
Manche haru xaan,मानिसहरू छन्।
Manxey haru ghau ghar ka thula bada lai namaste gardai aagadi hideko,मानिसहरू गाउँ घरका ठूला बडालाई नमस्ते गर्दै अगाडि हिँडेको
Manxey haru vela vaxan kunai mohatsab ko tayari,मानिसहरू जम्मा भएका छन् कुनै महोत्सवको तयारी
Many people are dancing.,धेरै मानिसहरू नाचिरहेका छन्।
Many people are together at a big party.,धेरै मानिसहरू ठूलो पार्टीमा सँगै छन्
"Many young men, some of whom are holding guns","धेरै जना युवाहरू, जसमा केही जनाको हातमा बन्दुक छ"
Many young people are gathered in a group.,धनी मानिसहरू समूहमा भेला भएका छन्।
Massive snow-clad mountains and hills,ठूला-ठूला हिमाल पहाडहरू
Masta kuhiro lagai chhha,मज्जाले कुहिरो लागेको छ
Mato ra dhunga ley banako ghar haru,माटो र ढुङ्गाले बनेका घरहरू
Mayur ko pwakh paxadi dekhiyeko magar dress lagayeko yuba haru,मयूरको प्वाँख पछाडि देखिएको मगर पोसाक लगाएका युवाहरू
Men and women wearing Newari traditional attire,नेवारी पहिरन लगाएका पुरुष र महिलाहरू
Moto luga lagako gau ghar ka manxey haru,मोटो लुगा लगाएका गाउँ घरका मानिसहरू
Mountains / Hills,पहाड
Mukhya abhinetri baranda ko bichma ubhiyera ramilo para ma geet gaundai ra abhinay gardai chin,मुख्य अभिनेत्री बरण्डाको बीचमा उभिएर रमाइलो पारामा गीत गाउँदै र अभिनय गरिरहेकी छिन्
Nayika camera ko agadi basera geet ko thik bhavana anusar acting gardai chhin,नायिका क्यामेराको अगाडि बसेर गीतको ठीक भावना अनुसार अभिनय गरिरहेकी छिन्।
"Nelo half jacket, full sleeves, pant ani jutta lagako eauta keto","नीलो हाफ ज्याकेट, फुल बाहुला भएको सर्ट, प्यान्ट अनि जुत्ता लगाएको एउटा केटो"
Nilo aakash ani nikai para tira himal haru dkehiyeko,नीलो आकाश अनि निकै टाढा हिमालहरू देखिएको
Nilo rang ko parda aagadi eauta gadi,नीलो रङको पर्दा अगाडि एउटा गाडी
"Nilo rangko chuba, bhitra bata kalo rang ko shirt ani tauko ma eauta kalo rang ko hat lagayeko eauta keto.","नीलो रङको चुबा, भित्रबाट कालो रङको सर्ट अनि टाउकोमा एउटा कालो रङको ह्याट लगाएको एउटा केटो।"
Nilo rangko putali udera yubak ko hath ma bashxa ani yubak ley mukh bata sano suskera falera putali udhxa,नीलो रङको पुतली उडेर युवकको हातमा बस्छ अनि युवकले मुखबाट सानो सुस्केरा फालेर पुतली उडाउँछ।
Nilo shirt and bhitra seto shirt lagakeo eauta yubak jasley tauko ma rumal badheko,नीलो सर्ट र भित्र सेतो सर्ट लगाएको एउटा युवक जसले टाउकोमा रुमाल बाँधेको
Nirtya hearna ko lagi manxey haru ko thulo bhid dekheko,नृत्य हेर्नका लागि मानिसहरूको ठूलो भिड देखिएको
Observing closely / Inspecting,नियाल्दै
Ocean / Sea,समुद्र
"Old houses (roofed with stone, mud, wood, and tin)","पुरानो (ढुङ्गा, माटो, काठ र टिनले छाएको) घरहरू"
"Old tools and food crops hanging around the house, with people in the courtyard",घर वरिपरि पुराना साधन र खाद्यान्न वस्तुहरू झुण्ड्याएको अनि आँगनमा मानिसहरू देखिएका
"Old traditional houses built of wood, mud, and stone","पुराना परम्परागत काठ, माटो अनि ढुङ्गाले बनेका घरहरू"
"One young man is smoking a cigarette, while other young men stand next to him looking down.","एक जना युवा चुरोट तान्दै छ, अरू युवाहरू उसको छेउमा उभिएर तलतिर हेर्दै छन्।"
"Open courtyard, trees, a small pond, flowers blooming in the pond","खुला आँगन, रूखहरू, सानो ताल, तालमा फूल फुलिरहेको"
"Open sky with bright sunshine, showing the horizon as the sun begins to set",खुला आकाश अनि घाम मज्जाले लागेको अनि पछि घाम डुब्न लाग्दा क्षितिज देखिएको
"Open space of a temple or palace courtyard, with other artists in supporting roles wearing cultural costumes",मन्दिर वा दरबार परिसरको खुला ठाउँ र अन्य सांस्कृतिक पोसाक लगाएका सहायक भूमिकामा कलाकारहरू
Pahad,पहाड
Pahadh chiso ma dui jana manxey haru nayno kapada lagayeka,पहाडको चिसोमा न्यानो लुगा लगाएका दुई जना मानिसहरू
Pahadh ko bhiralo manxey hidney bato,पहाडको भिरालो मानिस हिँड्ने बाटो
Pahadi bheg ko sapat maidan ma kunai karyekaram,पहाडी भेगको समथर मैदानमा कुनै कार्यक्रम
Pahadi luga lagayeko dui jana manish haru,पहाडी लुगा लगाएका दुई जना मानिसहरू
Painted wall / Wall with drawings,चित्र कोरिएको भित्ता
Pani ghass rukh,"पानी, घाँस, रूख"
Paramparagat ghar ko aagadi eauta aagan,परम्परागत घरको अगाडि एउटा आँगन
Paramparagat ghar ko aagadi thulo aagan,परम्परागत घरको अगाडि ठूलो आँगन
Pasal ko sauji kukur sanga kheladai ani pasal safa gardai,पसलको साहुजी कुकुरसँग खेल्दै अनि पसल सफा गर्दै
Paxadi eauta ghar ani rukh haru dekhiyeko,पछाडि एउटा घर अनि रूखहरू देखिएको
Paxadi ghar to tham lai paheko phool ley sajayeko.,पछाडि घरको थामलाई पहेंलो फूलले सजाइएको।
Paxadi rangi chnagi pataka haru dori ley jhundako,पछाडि रङ्गीचङ्गी पताकाहरू डोरीले झुण्ड्याएको
Paxadi tihar ko jasto sayapatri mala jhundako ani paheko batti boli raheko,पछाडि तिहारको जस्तो सयपत्री माला झुण्ड्याएको अनि पहेंलो बत्ती बलिरहेको
People are descending from the path.,मानिसहरू बाटोबाट ओर्लिँदै छन्
"People are gathered, preparing for a festival.",मानिसहरू जम्मा भएका छन् कुनै महोत्सवको तयारी
"People are seen carrying doko baskets, winnowing with supo, and arranging straw.","मानिसहरू डोको बोक्दै, सुपो हम्काउँदै र पराल मिलाउँदै गरेको देखिन्छ।"
People are seen dancing in a circle.,मानिसहरू गोलो घेरा बनाएर नाचिरहेको देखिन्छ।
People are seen wearing the attire of the Magar community.,मानिसहरूले मगर समुदायको पोसाक लगाएको देखिन्छ
"People are standing on the road, and a boy is wearing a red waistcoat and a red flower in his ear.",बाटोमा मानिसहरू उभिएको र एउटा केटाले रातो इस्टकोट अनि कानमा रातो फूल लगाएको
"People are walking on the road, and some boys are holding a rooster and having fun.",मानिसहरू बाटोमा हिँडिरहेको अनि केही केटाहरू भाले समातेर रमाइलो गर्दै
People greeting the village elders with a 'Namaste' and walking forward,मानिसहरू गाउँ घरका ठूला बडालाई नमस्ते गर्दै अगाडि हिँडेको
People in various colored clothes sitting on the porch of the house,विभिन्न रङको लुगा लगाएका मानिसहरू घरको पेटीमा बसिरहेका
Performing a group folk dance together while raising their hands in the air,एकसाथ आफ्नो-आफ्नो हात हावामा उठाएर सामूहिक लोकनृत्य गरिरहेका
"Piano, guitar, drums ani speaker haru dekhna sakinxa","पियानो, गिटार, ड्रम अनि स्पिकरहरू देख्न सकिन्छ"
"Piano, guitar, drums, and speakers can be seen.","पियानो, गिटार, ड्रम अनि स्पिकरहरू देख्न सकिन्छ"
Picking up trash,फोहोर टिप्दै
Pigeons are flying as everyone performs a group dance.,परेवाहरू उडिरहेका छन् अनि सबै जनाले समूहगत नृत्य गरेका छन्।
"Placing arm on the girl's shoulder, the boy and girl dance and romance.","केटीको काँधमा हात राखी, केटा र केटी नाच्दै रोमान्स गर्दै"
Placing hand on the stomach,पेटमा हात राख्दै
Playing damphu drum in sync with the song's beat,गीतको ताल मिलाई डम्फु बजाउँदै
"Playing guitar, dancing, and singing","गिटार बजाउँदै, नाच्दै र गाउँदै"
Plucking flowers,फूल टिप्दै
Pumpkins are hanging from the wooden structure.,काठको ढाँचामा फर्सी झुण्डिएको छ
Purano ghar ma makai jhundako,पुरानो घरमा मकै झुण्ड्याएको
Purano matoko ghar,पुरानो माटोको घर
"Purano paramparagat kath, mato ani dhunga ley baneko ghar haru","पुराना परम्परागत काठ, माटो अनि ढुङ्गाले बनेका घरहरू"
"Putting a flower on the head, laughing","शिरमा फूल लगाउँदै, हाँस्दै"
Rati ma paxadi aago bali raheko,रातिमा पछाडि आगो बलिरहेको
Ready,तयार
Riding the motorcycle forward,मोटरसाइकल चलाउँदै अगाडितिर आउँदै गरेको
"River, tree, bushes","नदी, रूख, झाडी"
"Roofed with red bricks above, and supported by many white pillars",माथि रातो इट्टाले छाएको अनि त्यसलाई सपोर्ट गर्न सेतो रङको धेरै पिल्लरहरू
Rukh ko haga ma actor ra actress haru shooting gardai,रूखको हाँगामा अभिनेता र अभिनेत्रीहरू सुटिङ गर्दै
Sahar ko bato jaha dherai pasal ani hotel,शहरको बाटो जहाँ धेरै पसल अनि होटलहरू छन्
Sahar ko eauta sano galli,शहरको एउटा सानो गल्ली
Samundra,समुद्र
Sano purano ghar ko aagadi steel ley baneko ra depchi ra aago balna rakheko sukeko daura,सानो पुरानो घरको अगाडि स्टिलले बनेको र डेक्ची र आगो बाल्न राखेको सुकेको दाउरा
"Sathi ley Jabar jasti local khulayera, mukh bigardai gareko eauta yubak",साथीले जबर्जस्ती लोकल खुवाएर मुख बिगार्दै गरेको एउटा युवक
Searching inside a sack,बोराभित्र खोज्दै
"Seeing the beautiful girl, the boy is lost in deep thought.",राम्री केटीलाई देखेर केटो गहिरो सोचमा
"Seeing the beautiful scenery, the boy spreads his arms and puts them on his head.",सुन्दर दृश्य देखेर केटाले हात फैलाउँदै टाउकोमा राखेको
"Seeing the lead artist sway his waist, the other male dancers clap.",मुख्य कलाकारले कम्मर हल्लाएको देखेर अरू केटा कलाकारहरूले ताली बजाउँछन्।
Seto rang ko bolero,सेतो रङको बोलेरो
She is dancing with her arms spread.,आफ्नो हात फैलाएर नाचिरहेकी छिन्।
She is walking with a very happy and smiling expression.,एकदम खुसी र हँसिलो अभिव्यक्तिका साथ उनी हिँडिरहेको
Shirt,शर्ट
Singing and dancing,गाउँदै र नाच्दै
Singing and dancing in sync with hand and foot movements,गीत गाउँदै अनि हात र खुट्टाको ताल मिलाएर नाच्दै
Singing while holding a damphu (traditional drum) in hand,हातमा डम्फु लिँदै गाउँदै गरेको
"Sirbandi (head ornament), dhaka topi, and daura surwal","शिरबन्दी, ढाका टोपी, दौरा सुरुवाल"
Sirbandi dhaka topi daura surwal,"शिरबन्दी, ढाका टोपी, दौरा सुरुवाल"
Sisa ko table mathi eauta seto kukur,सिसाको टेबलमाथि एउटा सेतो कुकुर
Sitting,बस्दै
"Sitting near the flowers in the meadow, the girl tries to catch a butterfly sitting on a white flower while lip-syncing to the song rhythm with hopeful expressions.","केटी चौरको फूलको छेउमा बसेर, एउटा सेतो फूलमाथि बसेको पुतलीलाई छोप्न खोज्दै अनि गीतको तालमा लिप-सिङ्क र आशामायी अभिव्यक्ति दिइरहेकी छिन्।"
"Sitting on the lawn, facing the camera, giving many expressions and dancing",चौरमाथि बसेर क्यामेरातिर फर्केर धेरै अभिव्यक्ति दिँदै अनि नाचिरहेको
Sitting with dogs,कुकुरसँग बसेको
Small triangular colorful cloth flags are hanging on strings all around the field. This is typically used during fairs and festivals.,"मैदानमा चारैतिर रङ्गीचङ्गी कपडाको सानो-सानो त्रिकोण आकार जस्तो भएको, डोरीमा झुण्ड्याइएको छ। यसको प्रयोग कुनै मेला र उत्सवको बेलामा गरिन्छ।"
Smiling,मुस्कुराउँदै
Snow,हिउँ
"Snow has fallen all around, covering the surrounding plants and bushes.",चारैतिर हिउँ परेर वरिपरिका बोटबिरुवालाई हिउँले ढाकेको
Snow is clinging to the hair of the lead actor in a coat and the lead actress in a saree.,कोट लगाएका मुख्य नायक अनि साडी लगाएकी मुख्य नायिकाको कपालमा हिउँ टाँसिएको
"Snow-covered mountains, and an old house built of stone, mud, and wood","हिउँले ढाकेको हिमाल अनि पुरानो ढुङ्गा, माटो र काठले बनेको घर"
Some customers sitting in the hotel,होटलमा बसेका केही ग्राहकहरू
"Some people are at the base of the stairs, while others are at the upper side.",कोही मानिसहरू सिँढीको फेदमा छन् भने कोही माथिल्लो पट्टी छन्
Some people are seen moving in and out of the temple for worship.,मन्दिरमा पूजा गर्नका लागि केही मानिसको आवतजावत देखिन्छ
Some people are sitting on the porch of the house and some are standing.,कोही मानिसहरू घरको पेटीमा बसिरहेका छन् भने कोही उभिएका छन्
Some people can be seen standing in the background.,पृष्ठभूमिमा केही मानिसहरू उभिएको देख्न सकिन्छ।
Standing and looking ahead,उभिएर अगाडि हेरिरहेकी
"Standing by the fence, looking at the camera, laughing happily, fixing her hair, and blushing while swaying to the rhythm of the song.","केटी त्यो बारको छेउमा उभिएर, क्यामेरातिर हेरेर रमाइलोसँग हाँस्दै, आफ्नो कपाल मिलाउने र लाज मान्दै गीतको तालमा झुमिरहेकी देखिन्छिन्।"
"Stony road, area under the bridge, bushes, trash","ढुङ्गा भएको बाटो, पुलमुनिको क्षेत्र, झाडीबुटी, फोहोर"
"Street, house, dog","सडक, घर, कुकुर"
Sudar himal,सुन्दर हिमाल
Sundar drishya dekhera keto ley hath failaudai tauko ma rakheko,सुन्दर दृश्य देखेर केटाले हात फैलाउँदै टाउकोमा राखेको
Sundar surya ko kiran dekheko,सुन्दर सूर्यको किरण देखिएको
Table mathi baseko eauta kukur,टेबलमाथि बसेको एउटा कुकुर
Tala nelo jeans and seto full sleeves lagayeko eauta keto pahadh ko bhir ma ubidaii,तल नीलो जिन्स र सेतो फुल बाहुला भएको सर्ट लगाएको एउटा केटो पहाडको भीरमा उभिइरहेको
Tall hills,अग्ला पहाडहरू
Tharu women are dancing.,थारु महिलाहरू नाचिरहेका छन्
The Bolero is driving fast carrying people on the unpaved road.,कच्ची बाटोमा बोलेरोले मानिस बोकेर कुदिरहेको
"The Bolero utility vehicle is driving, carrying people and raising dust.","बोलेरो गाडीले मानिस बोकेर, धुलो उडाउँदै, गुडिरहेको छ"
The actor and actress shooting on a tree branch,रूखको हाँगामा अभिनेता र अभिनेत्रीहरू सुटिङ गर्दै
"The actor is dancing and making fun hand gestures, energetically performing a hip-hop style dance and lip-syncing.",अभिनेता नाच्दै र रमाइलो हातको हाउभाउ गर्दै ऊर्जावान् रूपमा हिप-हप शैलीको नृत्य र लिप-सिङ्क गरिरहेका छन्।
"The actor is standing in a unique outfit combining traditional and modern styles. He is wearing a striped grey kurta, a cloth drape with red-and-white borders, black pants, glasses, and a hat.","अभिनेता एउटा विशेष सांस्कृतिक र आधुनिक लुकको संयोजनको पोसाकमा उभिएका छन्। उनले धर्का भएको खरानी रङको कुर्ता, माथिबाट रातो-सेतो बोर्डर भएको कपडा, कालो प्यान्ट अनि चस्मा, र टाउकोमा एउटा ह्याट लगाएका छन्।"
"The actor, male backup dancers, and female backup dancers are dancing dynamically shaking their waists.","अभिनेता, सह-नर्तक, सह-नर्तकीहरू कम्मर भाँचेर नाचिरहेका छन्।"
"The actress is sitting in front of the camera, acting according to the exact mood of the song.",नायिका क्यामेराको अगाडि बसेर गीतको ठीक भावना अनुसार अभिनय गरिरहेकी छिन्।
The artists are on top of a glacier (a handsome boy and a beautiful girl).,कलाकारहरू ग्लेसियरमाथि (एउटा ह्यान्डसम केटा र राम्री केटी)
"The background area looks very dark, and the people in the back appear slightly blurry.","पछाडिपट्टिको ठाउँ एकदम अँध्यारो देखिन्छ, र पछाडिका मानिसहरू अलि धमिलो रूपमा देखिएका छन्।"
The background is blurred.,पृष्ठभूमि धमिलो छ।
The background is full of greenery.,पृष्ठभूमि हरियालीले भरिएको छ।
"The background is very blurry in the beginning and ending shots, but the middle shot shows a complete hilly landscape with an open green lawn and a green hill in the background.","सुरु र अन्तिमको शटमा पृष्ठभूमि एकदम धमिलो देखिन्छ भने बीचको शटमा पुरै पहाडी भू-भाग, जहाँ खुला हरियो चौर र पछाडिपट्टि हरियो डाँडा देख्न सकिन्छ।"
"The background is very blurry in the beginning and ending shots, but the middle shot shows a complete hilly landscape with an open green lawn and a green hill in the background.","सुरु र अन्तिमको शटमा पृष्ठभूमि एकदम धमिलो देखिन्छ भने बीचको शटमा पुरै पहाडी भू-भाग, जहाँ खुल्ला हरियो चौर, र पछाडिपट्टि हरियो डाँडा देख्न सकिन्छ।"
"The boy and girl are dancing, and the girl is hugging him from behind.",केटा र केटी नाचिरहेका छन् अनि केटीले पछाडिबाट अँगालो मारिरहेकी छिन्।
The boy and girl are dancing.,केटा र केटी नाचिरहेका छन्।
The boy and girl are hugging.,केटा र केटीले अँगालो हालेका छन्।
The boy and girl are running.,केटा र केटी कुदिरहेका छन्।
The boy and girl are walking together.,केटा र केटी सँगै हिँडिरहेका छन्।
The boy and girl dancing while holding hands,केटा र केटीले हात समातेर नाचेको
The boy and girl running near the riverbank holding hands,केटा र केटी खोला किनार नजिक दौडिरहेको र एक अर्काको हात समातेको
"The boy holds the girl's hand, and they are happily running after each other on the grassy green hill.",केटाले केटीको हात समात्दै खुसी भएर त्यो हरियो डाँडाको घाँसमाथि एकअर्काको पछाडि दौडिरहेका छन्।
"The boy in the middle holds a microphone and sings, looking up at the girls standing on the balcony.","बीचको केटाले माइक समातेर गीत गाउँदै, माथि कौसीमा उभिएका केटीहरूलाई हेरिरहेको छ।"
The boy in the middle is waving his hands and singing.,बीचको केटा हात हल्लाउँदै गीत गाउँदैछ
The boy is dancing,केटा नाचिरहेको छ
The boy is dancing and pointing/showing to the girl.,केटा नाचिरहेको छ अनि केटीलाई देखाइरहेको छ।
The boy is holding the girl's hand.,केटाले केटीको हात समातिरहेको छ।
"The boy is looking towards the girl, spreading his arms as if dancing, and the people around them are also enjoying themselves.","केटाले केटीतिर हेर्दै हात फैलाएर नाचेको जस्तो गरिरहेको छ, वरिपरिका मानिसहरू पनि रमाइरहेका छन्।"
"The boy is making eye contact, smiling, and flirting.",केटा आँखा आँखा मिलाई मुस्कान दिँदै मस्किएको छ
The boy is reaching for his black cap while looking ahead.,केटाले आफ्नो हात त्यो कालो टोपीतिर लग्दै गरेको छ अनि उसले अगाडि हेर्दैछ
The boy is talking,केटा बोलिरहेको छ
The boy is turning the pages of the book.,केटाले किताबको पाना पल्टाएको छ।
The boy is walking,केटा हिँडिरहेको छ
The boy is walking towards the girl.,केटा केटीतिर हिँडेर गइरहेको छ।
The boy is walking.,केटा हिँडिरहेको छ।
The boy stands up and places his hand on the girl's shoulder.,केटा उठेको अनि केटीको काँधमा हात राखेको
"The boy, with open arms, is singing in a highly energetic and free-style manner.","केटाले हात फुकाएर, एकदम ऊर्जावान् र फ्रि-स्टाइलमा गीत गाउँदै"
The boys are dancing.,केटाहरू नाचिरहेका छन्।
The boys are singing.,केटाहरू गीत गाइरहेका छन्।
"The boys are sitting in the courtyard, having a good time.",केटाहरू आँगनमा बसेर रमाइलो गर्दै
"The boys are sitting, playing madal, singing, and having fun.",केटाहरू बसेर मादल बजाउँदै गीत गाउँदै रमाइलो गरिरहेका छन्।
"The boys are wearing daura suruwal and red dhaka topi, while one boy is wearing a black cap.",केटाहरूले दौरा सुरुवाल अनि रातो ढाका टोपी लगाएका छन् भने एउटा केटाले कालो टोपी लगाएको छ।
The boys have bows in their hands.,केटाहरूको हातमा धनुष छ
The curly-haired boy in the middle is wearing a white kurta and a white shawl.,बीचको घुम्रो कपाल भएको केटाले सेतो कुर्ता र सेतो सल लगाएको छ
The door of the house is open at night.,रातिको बेला घरको ढोका खुला छ
"The edge of a small pond with large green lotus leaves floating, and a red-roofed pagoda-style temple and modern building",ठूला हरिया कमलका पातहरू तैरिरहेको एउटा सानो पोखरीको किनार र रातो छानो भएको प्यागोडा बनोटको मन्दिर र आधुनिक भवन
The girl and boy are walking.,केटी र केटा हिँडिरहेका छन्।
"The girl and boy on the left and right raise pestles to pound paddy in the mortar, while the two in the middle tease each other.",दायाँ र बायाँतिरका केटी र केटाले मुसल उठाएर ओखलीमा धान कुट्ने र बीचका दुई जना जिस्किँदै छन्।
The girl dancing,केटी नाचिरहेकी
The girl holding the camera,केटीले क्यामेरा समातेको
"The girl holds the boy's hand, pulls him, and both are seen dancing.","केटीले केटाको हात समातेर, तानेर दुवै जना नाचिरहेको देखिन्छ।"
"The girl holds the small black baby goat in her lap, hugging and petting it.","केटीले त्यो सानो कालो बाख्राको पाठालाई आफ्नो काखमा समात्दै, अँगालो हालेर सुम्सुम्याउँदै"
The girl is dancing.,केटी नाचिरहेकी छिन्
The girl is placing her hand on the boy's shoulder.,केटीले केटाको काँधमा हात राखिरहेकी छिन्।
The girl is running.,केटी कुदिरहेकी छिन्।
The girl is seen looking calmly and emotionally towards the sunlight streaming from above.,केटी एकदम शान्त र भावुक भएर माथि घामको उज्यालो आइरहेको पट्टी हेरिरहेकी देखिन्छिन्।
The girl is standing in a sky-blue modern dress holding a green watering can. There are colorful flowers all around.,केटीले आकाशी नीलो आधुनिक पोसाकमा हरियो पानी हाल्ने भाँडो समातेर उभिएकी छिन्। चारैतिर रङ्गीचङ्गी फूलहरू छन्।
The girl is talking.,केटी बोलिरहेकी छिन्।
The girl is walking.,केटी हिँडिरहेकी छिन्
The girl is wearing a casual modern dress like a green sleeveless top and a colorful skirt. She is also wearing a beaded cultural necklace.,केटीले हरियो रङको स्लिभलेस टप र रङ्गीन स्कर्ट जस्तो क्याजुअल आधुनिक पोसाक लगाएकी छिन्। उनले गेडागुडी भएको सांस्कृतिक माला पनि लगाएकी छिन्।
"The girl is wearing a modern lehenga-style dress in a sky blue and white combination. Around her are beautiful white and colorful flower plants, and butterflies can also be seen swarming.",केटीले आकाशी नीलो र सेतो संयोजनको आधुनिक लेहङ्गा-शैलीको पोसाक लगाएकी छिन्। उनका वरिपरि राम्रा सेता र रंगीन फूलका बोटहरू छन् र पुतली पनि झुम्मिएको देखिन्छ।
"The girl is wearing a red saree and blouse, and the boy is wearing a coat and pants.",केटीले रातो साडी र ब्लाउज अनि केटाले कोट प्यान्ट लगाएको
"The girl plays the piano, while the boys prepare to play the guitar and drums.",केटी पियानो बजाउँदै अनि केटाहरू गिटार र ड्रम बजाउन तयार हुँदैछन्
The girl taking a photo with the camera,केटीले क्यामेराबाट फोटो खिचेको
The girl wearing a green saree looks very beautiful.,हरियो रङको साडी लगाएकी केटी साह्रै राम्री देखिएकी
"The girl wearing a red saree, earrings, and a tika on her forehead looks extremely beautiful.","रातो साडी, कानमा झुम्का अनि निधारमा टीका लगाएकी केटी अति नै सुन्दर देखिएकी छिन्"
The girls are dancing.,केटीहरू नाचिरहेका छन्।
"The lead actor and actress are looking at each other, blushing/smiling.",मुख्य अभिनेता र अभिनेत्री एकअर्कालाई हेर्दै मस्किएका छन्
The lead actress along with supporting dancers are seen dancing with hands on their waists.,बीचकी अभिनेत्री साथसाथै सह-नर्तकीहरू कम्मरमा हात राखेर नाचिरहेको देखिन्छ
"The lead actress is standing in the middle of the veranda, singing and acting in a cheerful manner.",मुख्य अभिनेत्री बरण्डाको बीचमा उभिएर रमाइलो पारामा गीत गाउँदै र अभिनय गरिरहेकी छिन्
"The lead artist in the middle pushes away the male dancers on both sides, smiling broadly displaying his teeth.","बीचको मुख्य कलाकारले दुवैपट्टिको केटा कलाकारलाई धकेलेर, दाँत देखाउँदै मुसुक्क हाँस्दै"
"The lead couple is sitting in the middle, looking at each other while performing playfully.",मुख्य जोडी बीचमा बसेर एक-अर्कालाई हेर्दै रमाइलो अभिनय गर्दै छन्।
The lead couple is sitting together in the middle.,बीचमा मुख्य जोडी एकै साथ बसेका छन्।
The lead singer is wearing glasses and holding a guitar. Beside him are girls playing traditional Dhime drums (in red Dhime costumes and head wraps) and an eye-catching Lakhey dancer wearing a fearsome Lakhey mask (traditional Newari mask).,मुख्य गायक चस्मा लगाएको अनि हातमा गिटार छ। उनको साइडमा परम्परागत धिमे बाजा बजाउने केटीहरू (रातो धिमे पोसाक र टाउकोमा कपडा बाँधेको) र एउटा भयानक लाखे मुखुण्डो (परम्परागत नेवारी मुखुण्डो) लगाएको ध्यानाकर्षण लाखे नर्तक छ।
The old man walks around the platform shouting into the microphone.,वृद्ध चौतारीमा हिँड्दै माइकमा कराउँदैछ
The scene is chnaging,दृश्य परिवर्तन भइरहेको छ।
"The scene shows an old house made of stone and mud with its ruined roof, where some Buddhist prayer flags are tied. In the background, there is an open sky with bare hills and white clouds.","दृश्यमा ढुङ्गा र माटोले बनेको पुरानो घर र त्यसको भत्किएको छत देखिन्छ, जहाँ थोरै बुद्ध धर्मको झण्डा पनि बाँधिएको छ। पछाडिपट्टि नाङ्गो पहाड र सेतो बादल भएको खुला आकाश छ।"
The shopkeeper is playing with the dog and cleaning the shop.,पसलको साहुजी कुकुरसँग खेल्दै अनि पसल सफा गर्दै
"The singer is energetically holding a guitar and lip-syncing, while the Lakhey dancer and the girls playing Dhime sway to the song's beat and perform a dynamic cultural dance.",गायकले ऊर्जाका साथ गिटार समात्दै लिप-सिङ्क गरिरहेका छन् भने लाखे नर्तक र धिमे बजाउने केटीहरू गीतको विशेष तालमा झुमेर गतिशील रूपमा सांस्कृतिक नृत्य गरिरहेका छन्।
"The two lead young men are dancing with their arms around each other's shoulders, while a row of supporting artists stand by, enthusiastically backing them up.",मुख्य दुई युवा पात्रहरू एकअर्काको काँधमा हात राखेर नृत्य गरिरहेका छन् भने सहायक कलाकारहरू लहरै उभिएर उनीहरूलाई जोसका साथ साथ दिइरहेका छन्
The two posing romantically in the mustard field during the shoot,तोरी बारीको बीच दुई जना रोमान्टिक पोज दिँदै सुटिङ गरेको
The vehicle is driving.,गाडी गुडिरहेको छ।
"The woman is laughing and gesturing with her hand in the air, while the man sitting on the floor looks at her as if trying to speak.",ती महिलाले हाँस्दै आफ्नो हात हावामा उठाएर हाउभाउ गरिरहेकी छिन् भने भुइँमा बसेका पुरुषले उनीतिर हेर्दै कुरा गर्न खोजिरहेको जस्तो देखिन्छ।
"The woman is talking to the young man in a playful manner, while the young man smiles listening to her as they walk together.",महिला चञ्चले अन्दाजमा युवा पुरुषलाई आफ्नो कुरा राख्दैछिन् भने युवा पुरुष उनको कुरा सुन्दै मुस्कुराउँदै सँगसँगै हिँडिरहेका छन्
"The woman is walking or dancing ahead, while the man raises his hand gesturing to her.","महिला अगाडि हिँड्दै वा नाच्दै गरेकी, पुरुषले हात उठाउँदै उनलाई इसारा गरेको"
The young man and the young woman swaying her waist are dancing playfully.,ती युवा र कम्मर मर्काउँदै गरेकी युवती चञ्चल रूपमा नृत्य गरिरहेका।
"The young woman, feeling sad and about to cry, wipes her tears with her hand.",युवती निराश भएर रुने बेला आफ्नो हातले आँसु पुछ्दै गरेकी
The youth slowly walks with his hands in his pockets.,युवक खल्तीमा हात राखेर बिस्तारै खल्तीमा हात राखेर हिँड्दै
"There are brick structures around, with fun and colorful pillows placed there.","छेउ-छेउमा इट्टाले बनेका ठाउँहरू छन्, जहाँ रमाइलो र रङ्गीचङ्गी तकियाहरू राखिएका छन्।"
There are cows and sheep around the hills.,पहाड वरिपरि गाईवस्तु र भेडाहरू छन्।
There are flowers on the floor.,भुइँमा फूलहरू छन्।
There are hills.,पहाड छ
There are houses.,घरहरू छन्
There are people.,मानिसहरू छन्।
"There are stairs inside a large room, and yellow lights are lit.",ठूलो कोठाभित्र सिँढी छ र पहेंलो बत्ती बलेको छ।
There are supporting artists behind both sides of the lead singer.,मुख्य गायकको दुवैपट्टि पछाडि सह-कलाकारहरू छन्।
There are traditional clay pots on the balcony floor.,कौसीको भुइँमा परम्परागत माटोले बनेका भाँडाहरू छन्
There are two girls and a boy.,दुई जना केटी र एक जना केटा छन्
There is a boy placing his hand on his chest.,केटा छ अनि छातीमा हात राखिरहेको छ।
There is a doko (traditional basket).,डोको छ
There is a doko basket and background dancers are present.,डोको छ अनि पृष्ठभूमिमा नर्तकहरू छन्।
There is a doko basket and background dancers.,डोको अनि ब्याकग्राउन्ड डान्सरहरू छन्
There is a forest.,जङ्गल छ
There is a house.,घर छ।
"There is a small stream near the green grass, and a forest in the background.",हरियो घाँसको छेउमा सानो खोला छ भने पछाडि जङ्गल छ।
There is a stream/river.,खोला छ।
There is a tree.,रूख छ।
There is a utility pole in the background.,पछाडि पोलको खम्बा छ
There is a wall and lights are glowing.,भित्ता छ अनि बत्ती बलिरहेको छ।
There is a yellow wall and they are dancing.,पहेंलो भित्ता छ अनि नाचिरहेका छन्।
"There is an attractive girl with long hair, wearing traditional stone jewelry on her head and a colorful cultural dress.",लामो कपाल भएकी एउटी आकर्षक केटी छिन् जसले टाउकोमा परम्परागत पत्थर/गहना र रङ्गीचङ्गी सांस्कृतिक पोसाक लगाएकी छिन्।
There is an ocean/sea.,समुद्र छ
There is snow.,हिउँ छ।
"They are all lined up at the top of the stairs, with the male dancers carrying their female partners.",उनीहरू सबै सिँढीको माथिल्लो भागमा लाइन लागेर केटा नर्तकहरूले आफ्नो जोडी केटी कलाकारलाई बोकिरहेका।
They are dancing and having fun together while raising guns in their hands.,हातमा बन्दुक उचालेर सँगै नाच्दै रमाइलो गरिरहेका छन्।
They are dancing and singing.,नाचिरहेका र गाइरहेका छन्
"They are dancing around her, keeping her in the center.",उनलाई केन्द्रविन्दुमा राखी वरिपरि घुम्दै नृत्य गरिरहेका छन्।
They are dancing holding handkerchiefs in their hands.,हातमा रुमाल बोकेर नाचिरहेका छन्।
"They are looking at each other, blushing and smiling with open hearts.",एकअर्कालाई हेर्दै लजाएर खुला हृदयले मुस्कुराइरहेका छन्।
They are playfully teasing their Magar female friends.,रमाइलो अन्दाजमा मगरनी साथीहरूलाई जिस्काइरहेका छन्
They are singing and swaying.,गीत गाइरहेका छन् र हल्लिरहेका छन्
"This scene is set in a mountainous rural area, with high snow-capped mountains and hills visible in the background.",यो दृश्य कुनै पहाडको ग्रामीण भाग हो जहाँ पछाडि हिउँले ढाकेको अग्ला अग्ला हिमाल अनि पहाडहरू देख्न सकिन्छ।
This scene is shot in a Himalayan village setting. Old stone houses and massive bare mountains are visible in the background.,"यो दृश्य एउटा हिमाली गाउँको परिवेशमा खिचिएको छ। पछाडिपट्टि ढुङ्गाले बनेका पुराना घरहरू, र ठूला-ठूला नाङ्गा पहाडहरू देखिन्छन्।"
"This scene is shot inside the house, where a wooden window, long curtain, and table can be seen.","यो दृश्य घरको भित्री भागमा खिचिएको छ, जहाँ काठको झ्याल, लामो पर्दा अनि टेबल देख्न सकिन्छ।"
"This scene is shot on top of a very beautiful, lush green hill. Dense trees and green grass are visible in the background.","यो दृश्य एउटा एकदमै सुन्दर, हरियोभरी पहाडको डाँडामा खिचिएको छ। पछाडिपट्टि घना रूखहरू र हरियो घाँस देखिन्छ।"
"This video is shot inside an indoor studio set, with a very bright and plain blue wall in the background.","यो भिडियो एउटा इन्डोर स्टुडियो सेटभित्र खिचिएको छ, जहाँ पछाडिपट्टि एकदम चम्किलो र सादा नीलो रङको भित्ता छ।"
Three boys playing drums and guitar while singing,"तीन जना केटाहरू ड्रम, गिटार बजाउँदै गीत गाउँदैछन्"
"Three young men, among whom the one in front is holding a cigarette","तीन जना युवाहरू, जसमध्ये अगाडिको एक जना युवाले चुरोट समातेको छ"
Thula hariya thula rukh haru ko aagadi eauta tal,ठूला हरिया रूखहरूको अगाडि एउटा ताल
Thula heu pareka himal ani agla pahadh haru,ठूला हिउँ परेका हिमाल अनि अग्ला पहाडहरू
Thula thula himal pahadh haru,ठूला-ठूला हिमाल पहाडहरू
"Thula thula ruch lai dhaki raheko, kashto sundar drishya","ठूला-ठूला रूखहरूलाई ढाकिरहेको, कस्तो सुन्दर दृश्य"
"Thulo dhunga ma adesh lagayeko ek yubak tala gau tira herera, bhabuk hudai geet gai raheko","ठूलो ढुङ्गामा अडेस लागेको एक युवक तल गाउँतिर हेरेर, भावुक हुँदै गीत गाइरहेको"
Thulo leu lako dhunga,ठूलो लेउ लागेको ढुङ्गा
Tori bari ko bich dui jana romantic pose didai shooting gareko,तोरी बारीको बीच दुई जना रोमान्टिक पोज दिँदै सुटिङ गरेको
Tori bari ma tori fuleko,तोरी बारीमा तोरी फुलेको
"Traditional houses made of mud, wood, stone, and brick all around.","चारैतिर परम्परागत माटो, काठ, ढुङ्गा अनि इँट्टाले बनेको घरहरू।"
Traditional utensils are seen on a large stone headboard-like platform.,ढुङ्गाले बनेको ठूलो सिरानी जस्तो ठाउँमा परम्परागत भाँडा देखिन्छ।
"Traditional village window and stone-mud house, with a doko basket and corn hanging on the balcony, and green hills and a cornfield in the upper part.","गाउँको परम्परागत झ्याल र ढुङ्गा-माटोले बनेको घर, कौसीमा डोको र मकै झुण्ड्याएको, र माथिल्लो भागमा हरियाली डाँडा र मकैबारी देखिन्छ।"
Traditional wood and stone structure where straw and pumpkin are hanging,परम्परागत काठ र ढुङ्गाको ढाँचा जहाँ पराल अनि फर्सी झुण्ड्याएको छ
"Tree, brick-paved house, men and women in Newari attire playing madal, straw","रूख, इँट्टाले छापेको घर, नेवारी पहिरनमा महिला र पुरुषहरू मादल बजाउँदै, पराल"
"Tree, bushes","रूख, झाडीबुटी"
Two boys and a girl are wearing Newari traditional attire.,दुई जना केटा र एउटी केटी नेवारी लुगा लगाएका छन्
Two girls and a boy enjoying watching the Tharu dance,दुईवटा केटी र एक जना केटा थारु नृत्य हेरेर रमाइरहेका
"Two mic stands, a drum set, and a guitar",दुईवटा माइक स्ट्यान्ड एउटा ड्रम अनि गिटार
"Two people are walking on the hillside field. One carries a doko basket, the other holds supplies.","दुई जना मानिस पहाडको मैदानमा हिँडिरहेका छन्। एउटाले डोको बोकेको छ, अर्कोले हातमा सामग्री बोकेको छ।"
Two people wearing warm clothes in the cold hills,पहाडको चिसोमा न्यानो लुगा लगाएका दुई जना मानिसहरू
"Two young men in patterned waistcoats and jeans, alongside women in kurta surwal and gunyo choli wearing potey necklaces around their necks",बुट्टा भएको इस्टकोट र जिन्सको प्यान्ट लगाएका दुई युवाहरू सँगै कुर्ता सुरुवाल तथा गुन्यू चोलो र गलामा पोते लगाएका महिला युवतीहरू
Vehicle / Car,गाडी
"Viewed from above, hanging string lights, colorful flags, brick walls, and shop shutters are visible in a narrow alley-like space.","माथिबाट हेर्दा साँघुरो गल्ली जस्तो ठाउँमा डोरीमा झुण्डिएका बत्ती, रङ्गीचङ्गी पताका, इट्टाको भित्ता र सटरहरू देखिएका छन्।"
Village courtyard and guns,गाउँको आँगन र बन्दुक
Village house courtyard,गाउँको घर आँगन
Village path,गाउँ घरको बाटो
Villagers wearing thick clothes,मोटो लुगा लगाएका गाउँ घरका मानिसहरू
"Waking up and walking straight forward in a slow, tired gait.",उठेर लुरुलुरु सिधा अगाडितर्फ पाइला बढाउँदै
"Walking along the sandy bank of the river, coming out from under the bridge and walking straight forward in a slow, tired gait.",खोलाको बगरै बगर पुलमुनिबाट निस्किएर लुरुलुरु सिधा अगाडितर्फ पाइला बढाउँदै हिँडिरहेको
Wall,भित्ता
Wall and lights,भित्ता र बत्ती
Wall ra light,भित्ता र बत्ती
"Wall, outdoor environment","भित्ता, बाहिरी वातावरण"
Wandering around,भौंतारिँदै
"Water, grass, trees","पानी, घाँस, रूख"
Waving hands while resting feet on the wall,खुट्टा भित्तामा राखेर हात हल्लाउँदै
Wearing a dhaka topi,ढाका टोपी लगाएको
"While everyone else is dancing to their own rhythm, a beautiful girl walks ahead, sharing romantic looks with the boy.","सबै जना आफ्नो धुनमा नाचिरहेका छन् भने एउटी सुन्दर केटी अगाडि हिँड्दै, रोमान्टिक हुँदै केटालाई हेर्दैछिन्।"
"While singing, the boys have started dancing.",गाउँदागाउँदै केटाहरू नाच्न थालेका छन्।
"While snow is falling, the supporting artists are dancing and the lead couple poses romantically.",हिउँ परिरहेको बेला सह-कलाकारहरू नाचिरहेका छन् अनि मुख्य कलाकारहरू रोमान्टिक पोज दिँदै
"While the girl is watering the flowers, the boy stands watching.",केटीले फूलहरूलाई पानी दिइरहेको बेला केटा हेरेर उभिएको छ।
"While the girl was saying something to the boy, the boy shook his head gesturing 'no'.",केटीले केटालाई केही भन्दै गर्दा केटाले टाउको हल्लाएर 'नाइँ' भनेर इसारा दियो।
"While the villagers are gathering, three girls walk forward holding hands and looking on.",गाउँका मानिसहरू भेला हुँदै गरेको बेलामा तीन जना केटीहरू हात समातेर अगाडि आएर हेर्दैछन्
"While walking, the girl gestures to call the boy, and the boy comes over wearing sunglasses.",केटी हिँड्दा हिँड्दै केटालाई इसाराले बोलाएर केटा चस्मा लगाएर आउँदैछ
"Women wearing Newari attire, men in dhaka topi playing sarangi and madal, and bundles of straw","नेवारी पहिरन लगाएकी महिलाहरू, ढाका टोपी लगाएका पुरुष सारङ्गी र मादल बजाउँदै, परालको मुठो"
Wooden house,काठको घर
Yellow disco lights shining with smoke visible from behind,पहेंलो डिस्को बत्ती बलेको अनि पछाडिबाट धुवाँ देखिएको छ
Yellow lights are lit all around.,चारैतिर पहेंलो बत्ती बलेको।
"Yellow mustard flowers are blooming all around, making the view extremely captivating.",चारैतिर पहेंलो तोरीको फूलहरू फुलेको भएर दृश्य एकदम लोभलाग्दो छ।
Young men,युवा पुरुषहरू
Young men wearing Magar traditional dress with peacock feathers visible at the back,मयूरको प्वाँख पछाडि देखिएको मगर पोसाक लगाएका युवाहरू
Young men wearing traditional Magar dress,मगर पोसाक लगाएका युवाहरू
Young people are dancing and having fun together in a decorated alley lit with lights.,युवाहरू बत्ती र सजावट भएको गल्लीमा सँगै नाच्दै रमाइलो गर्दैछन्।
Young people playing instruments to the beat of the song,युवाहरू गीतको तालमा बाजा बजाउँदै
Yuba haru geet ko taal ma baja bajaudai,युवाहरू गीतको तालमा बाजा बजाउँदै
Yubati Nirash vayera runa bela aafno hath ley aashu puchdai gareko,युवती निराश भएर रुने बेला आफ्नो हातले आँसु पुछ्दै गरेकी
aadhunik dress lagayeki ek jana yuba mahila sindhiko mathillo bhag ma ubhiyeki dekhinchin,आधुनिक पोसाक लगाएकी एक जना युवा महिला सिँढीको माथिल्लो भागमा उभिएकी देखिन्छिन्।
aakha chimlera bhittama adiyeko,आँखा चिम्लेर भित्तामा अडिएको
aauta kalo bittha,एउटा कालो भित्ता
andhyaro batabaran,अँध्यारो वातावरण
"baigani butteydhar kurtha ra kammar patuka badheka ek mukhya yuwa patra ra unko daya tarfa choli, halka pahelo rangko fariya ra ghati ma potey lagayeki ek mukhya yuwati patra","बैजनी बुट्टेदार कुर्ता र कम्मरमा पटुका बाँधेका एक मुख्य युवा पात्र र उनका दायाँतर्फ चोली, हल्का पहेंलो रङको फरिया र घाटीमा पोते लगाएकी एक मुख्य युवती पात्र।"
basdai,बस्दै
batoko side ma kera ko bari dekheko,बाटोको साइडमा केराको बगान देखिएको
bhautaridai,भौंतारिँदै
"bhitta, bahiri batabaran","भित्ता, बाहिरी वातावरण"
bibinna rang ko luga lagako manxey haru ghar ko peti ma basirako,विभिन्न रङको लुगा लगाएका मानिसहरू घरको पेटीमा बसिरहेका
bora bhitra khojdai,बोराभित्र खोज्दै
chitra koriyeko vitta,चित्र कोरिएको भित्ता
chyatteko luga lagayeko ek manchhe,च्यातिएको लुगा लगाएको एक मान्छे
chyatteko luga lagayeko voko manchhe,च्यातिएको लुगा लगाएको भोको मान्छे
damilo bitta,धमिलो भित्ता
"dhoka,jhari","ढोका, झाडी"
"dhoka,rukh ko jara",ढोका र रूखको जरा
duita mike stand eauta drum ani guitar,दुईवटा माइक स्ट्यान्ड एउटा ड्रम अनि गिटार
ek jana yuwak,एक जना युवक
ek jana yuwak ra dui ota kukur,एक जना युवक र दुईवटा कुकुरहरू
"ek neplali mahila aakash niyaldai, phul ko bot","एक नेपाली महिला आकाश नियाल्दै, फूलको बोट"
ek saath afno afno haath hawa ma uthayera samuhik loknritya gariraheka,एकसाथ आफ्नो-आफ्नो हात हावामा उठाएर सामूहिक लोकनृत्य गरिरहेका
ek yuwak,एक युवक
euta baijani rang ko shirt lagayeko purush ra euta mahila,एउटा बैजनी रङको सर्ट लगाएको पुरुष र एउटी महिला
euta mahila ra euta nilo jeans ra seto shirt lagayeko purush,एउटी महिला र एउटा नीलो जिन्स र सेतो शर्ट लगाएको पुरुष
euta mahila ra euta purush,एउटी महिला र एउटा पुरुष
euta purush,एउटा पुरुष
fohor tipdai,फोहोर टिप्दै
"ful, hariyali","फूल, हरियाली"
gaun ko ghar aangan,गाउँको घर आँगन
gaunko aangan ra banduk,गाउँको आँगन र बन्दुक
"ghar, nilo badal lageko aakash","घर, नीलो बादल लागेको आकाश"
guitar bajaudai gareko ek purush,गिटार बजाउँदै गरेको एक पुरुष
hari ghas ko najik eauta pokhari,हरियो घाँसको नजिक एउटा पोखरी
hariyali dekhiney gramid bheg ko pristabhumi & sahayek rup ma rato  choli ra gadha pahelo rang ko fariya sangai ghati ma pahelo potey lagayeka nartakiharu,हरियाली देखिने ग्रामीण भेगको पृष्ठभूमि र सहायक रूपमा रातो चोली र गाढा पहेंलो रङको फरियासँगै घाटीमा पहेंलो पोते लगाएका नर्तकीहरू।
hariyo patalo thula thula haga vayeka rukh haru,हरिया पातला ठूला-ठूला हाँगा भएका रूखहरू
hasdai,हाँस्दै
"herdai,",हेर्दै
"itako bhitta ra dhalako bhui, nilo aakash","इँट्टाको भित्ता र ढलानको भुइँ, नीलो आकाश"
"jhadibuti, fohor","झाडीबुटी, फोहोर"
"jhari, aakash","झाडी, आकाश"
"juun lagirako, baadal lageko aakash, rati ko samay, jhari","जुन लागिरहेको, बादल लागेको आकाश, रातिको समय, झरी"
kalo rangko jungle safari gadi aayera rokiyo,कालो रङको जङ्गल सफारी गाडी आएर रोकियो
kath ko dhoka ani kursi,काठको ढोका अनि कुर्सी
khadai,खाँदै
"khadai, jara samatdai",खाँदै र जरा समात्दै
khana khadai,खाना खाँदै
kholako kinar najik phool haru fuleko ra ali tadha tira rukh haru dekheko,खोलाको किनार नजिक फूलहरू फुलेको र अलि टाढातिर रूखहरू देखिएको
"khulla aagan, rukhharu, sano tal, taal ma phul phuliraheko","खुला आँगन, रूखहरू, सानो ताल, तालमा फूल फुलिरहेको"
khutta vitta ma rakhera haat hallaudai,खुट्टा भित्तामा राखेर हात हल्लाउँदै
koi manxey haru ghar ko peti ma basi raheko ra koi vane ubiyeko,कोही मानिसहरू घरको पेटीमा बसिरहेका छन् भने कोही उभिएका छन्
"kotha, luga jhundyaeko","कोठा, लुगा झुण्ड्याएको"
kukur sanga baseko,कुकुरसँग बसेको
"lakhe, madal, newari pahiran lagayeki mahila haru madal bajaudai,  drum, durbar square","लाखे, मादल, नेवारी पहिरन लगाएकी महिलाहरू मादल बजाउँदै, ड्रम, दरबार स्क्वायर"
"makai ko botharu, pipal ko rukh, aakash, nadi","मकैको बोटहरू, पिपलको रूख, आकाश, नदी"
muskuraudai,मुस्कुराउँदै
naachdai,नाच्दै
"nadi,  rukh, jhaari","नदी, रूख, झाडी"
newari pahiran lagayeka purush ra mahila haru,नेवारी पहिरन लगाएका पुरुष र महिलाहरू
"newari pahiran lagayeki mahila haru, dhaka topi lagayeka purush sarangi ra madal bajaudai, paral ko muthio","नेवारी पहिरन लगाएकी महिलाहरू, ढाका टोपी लगाएका पुरुष सारङ्गी र मादल बजाउँदै, परालको मुठो"
newari pahiran lagayeko ek purush rato galbandi lagayeko,नेवारी पहिरन लगाएको एक पुरुष रातो गलबन्दी लगाएको
niras bhayera baseko,निराश भएर बसेको
niyaldai,नियाल्दै
"pahad, badal, rukh, jharpaat","पहाड, बादल, रूख, झारपात"
pet ma hat rakhdai,पेटमा हात राख्दै
"phul shir ma lagaudai, hasdai","शिरमा फूल लगाउँदै, हाँस्दै"
phul tipdai,फूल टिप्दै
purano movie cassettes ra posters bhayeko cassette shop athawa studio,पुराना चलचित्र क्यासेट र पोस्टरहरू भएको क्यासेट पसल अथवा स्टुडियो
purush,पुरुष
purush ra mahila,पुरुष र महिला
rato ko bela ma paxadi tuku baldai ani ghar ko pillar ma makai jhundako,रातिको बेलामा पछाडि टुकी बाल्दै अनि घरको पिल्लरमा मकै झुण्ड्याएको
rato mato ra itta ley banako gharma makai jhundako,रातो माटो र इँट्टाले बनेको घरमा मकै झुण्ड्याएको
"rato rang ko ghar, nilo aakash","रातो रङको घर, नीलो आकाश"
rukh angalirheko,रूख अङ्गालिरहेको
"rukh, jhadibuti","रूख, झाडीबुटी"
"sadak, ghar, kukur","सडक, घर, कुकुर"
seto ra cream rangko blazzer lagayeko ek yubak,सेतो र क्रिम रङको ब्लेजर लगाएको एक युवक
seto vitta ra eauta dhokako ma mathi sayaptri phool ko mala jhundako,सेतो भित्ता र एउटा ढोकामाथि सयपत्री फूलको माला झुण्ड्याएको
sutdai,सुत्दै
sutera hasdai,सुतेर हाँस्दै
tayar,तयार
thulo aagan ko ori pari ghar ko bhittama makai ra tuki jhundako,ठूलो आँगनको वरिपरि घरको भित्तामा मकै र टुकी झुण्ड्याएको
"ufridai, bhagdai","उफ्रिँदै, भाग्दै"
uvhera herdai,उभिएर हेर्दै
"uvhidai, herdai","उभिँदै, हेर्दै"
vui,भुइँ
yuba goji ma hath rakhera bistarai goji ma hath rakhera hiddai,युवक खल्तीमा हात राखेर बिस्तारै खल्तीमा हात राखेर हिँड्दै
yuwa purush haru,युवा पुरुषहरू
