clip_id,annotation_id,subject,action,background_object,note,submitted_at,user_id,task_id
clip_257,annotation_257,There are supporting artists behind both sides of the lead singer.,"While singing, the boys have started dancing.",Yellow lights are lit all around.,,2026-06-02 07:48:30.042841,5,e4c30d8683214bc585b2f3f47dc1da67
clip_258,annotation_258,There are cows and sheep around the hills.,"A boy wearing a brown traditional dress is driving the sheep, and a beautiful girl is enjoying watching that scene.","Blue sky, greenery all around, large trees, and beautiful weather.",,2026-05-29 19:05:26.427999,5,0dbdb3d130b0447290c7b9bbf738a724
clip_259,annotation_259,"In the center, the lead male artist and female artist are sitting together.","The lead couple is sitting in the middle, looking at each other while performing playfully.",Traditional utensils are seen on a large stone headboard-like platform.,,2026-05-29 17:31:57.437105,5,ddd51d69854542b1ad0ec887a883fb56
clip_260,annotation_260,"A beautiful woman dressed in a pink saree and in front of her, a man in white attire with a red turban tied on his head.","They are looking at each other, blushing and smiling with open hearts.","In a dim nighttime background, dancers wearing traditional Tharu attire and carrying burning oil lamps in their hands are dancing in circles around them.",,2026-06-04 18:28:07.762581,6,ec0e2ac710ae4dfba696dcbc366e0ddc
clip_261,annotation_261,"The girl is wearing a modern lehenga-style dress in a sky blue and white combination. Around her are beautiful white and colorful flower plants, and butterflies can also be seen swarming.","Sitting near the flowers in the meadow, the girl tries to catch a butterfly sitting on a white flower while lip-syncing to the song rhythm with hopeful expressions.","Green hilly landscape, open sky above, and a slightly dim view of a mountain village and hills on the side.",,2026-06-12 12:43:39.342388,5,888ac2889a0e4fe8bd36dc2dcfe0105b
clip_262,annotation_262,Boy and girl,They are dancing holding handkerchiefs in their hands.,Lights and background dancers are dancing.,,2026-06-03 17:51:24.253684,7,1e803609bb014c3d8e5707d702b8f22a
clip_263,annotation_263,Girl,The girl is talking.,Mountains / Hills,,2026-06-04 12:04:33.411462,7,2264735f487a4a4a99029569fc9cb569
clip_264,annotation_264,Boy and girl,Many people are dancing.,There is a yellow wall and they are dancing.,,2026-06-03 17:49:42.077454,7,ac04601d750c40e68ee8904b6a34db3c
clip_265,annotation_265,"A lead male character wearing a purple patterned kurta with a sash around his waist, and to his right, a lead female character wearing a choli, light yellow fariya (saree), and potey necklace around her neck.",The young man and the young woman swaying her waist are dancing playfully.,Lush green rural backdrop & supporting dancers wearing red choli and dark yellow fariya along with yellow potey around their necks.,,2026-06-12 09:52:57.569079,6,12f4196a0dc247ccbfbca5046fcf12c8
clip_266,annotation_266,Girls are standing on the grass.,The girls are dancing.,"There is a small stream near the green grass, and a forest in the background.",,2026-05-29 08:42:57.874164,5,8bf35e5bbd1442af834ef86d227f3a19
clip_267,annotation_267,A young man,Leaning against the wall with closed eyes,"Wall, outdoor environment",,2026-06-05 10:00:37.980933,4,cc11193ca09c45ec98dfc964256ef43e
clip_268,annotation_268,The lead couple is sitting together in the middle.,"The lead couple is sitting side-by-side, acting as if they are sharing a romantic chat while looking at each other.","There are brick structures around, with fun and colorful pillows placed there.",,2026-06-02 07:57:51.072556,5,903c3d5484dd4561a28f418de2161d13
clip_269,annotation_269,"A beautiful girl wearing Newari dress Haku Patasi (black saree), Misa Lan (cholo), and a red flower on her head.","Sitting on the lawn, facing the camera, giving many expressions and dancing","The background is very blurry in the beginning and ending shots, but the middle shot shows a complete hilly landscape with an open green lawn and a green hill in the background.",,2026-06-12 07:52:32.992759,5,3716ca99b4834d8e9e3280e48f3f2851
clip_270,annotation_270,Camera,The girl holding the camera,"Water, grass, trees",,2026-05-30 05:11:18.296445,7,4e25feb682b242848d0845ed827426e1
clip_271,annotation_271,A dog sitting on the table,"A boy drinking black tea in front of a shop, watching attentively",A city street with many shops and hotels,,2026-06-04 18:08:23.254829,5,ec479b1f5b8e4d6cb97d251daba66813
clip_272,annotation_272,Boy and girl,The boy and girl are dancing.,There is a doko (traditional basket).,,2026-06-04 12:43:07.690440,7,7bf62cc10d824e3c91e15e058bfed528
clip_273,annotation_273,A woman and a man wearing blue jeans and a white shirt,"The woman is walking or dancing ahead, while the man raises his hand gesturing to her.","Covered alley with wooden pillars, brick walls, and concrete floor",,2026-06-12 10:30:11.018598,4,e11702c9ef18438aa77a05af001c5a0b
clip_274,annotation_274,"A young man wearing a yellow shirt, black pants, and a brown cap sitting on the floor, and next to him, a young woman wearing a red and black modern outfit is sitting.","The woman is laughing and gesturing with her hand in the air, while the man sitting on the floor looks at her as if trying to speak.","The edge of a small pond with large green lotus leaves floating, and a red-roofed pagoda-style temple and modern building",,2026-06-12 10:06:23.433035,6,f0d37437b5ed4354afa8864963865fba
clip_275,annotation_275,The girl is standing in a sky-blue modern dress holding a green watering can. There are colorful flowers all around.,"While the girl is watering the flowers, the boy stands watching.","Light greenery on the hill behind, and a human settlement (village) can be seen.",,2026-06-12 12:55:55.191082,5,3a314e7eb7de4833be14ab6e39560d23
clip_276,annotation_276,Boy and girl,The boy and girl are walking together.,There is a forest.,,2026-06-03 18:04:30.836809,7,739c661b0a7349cf982b73aa76f9c6f0
clip_277,annotation_277,Boy and girl,The boy is holding the girl's hand.,Mountains / Hills,,2026-06-04 12:08:40.694713,7,3b11768e9bd1499690d7ad5ff5bde397
clip_278,annotation_278,A man wearing torn clothes,Picking up trash,"Stony road, area under the bridge, bushes, trash",,2026-06-05 09:56:47.916995,4,a96a74e5aa7c469da2d579768fe9755e
clip_279,annotation_279,A girl standing near the pond,The girl taking a photo with the camera,A pond near green grass,,2026-05-29 08:51:12.240291,5,115da308778342078b92e33cd83791cf
clip_280,annotation_280,Villagers wearing thick clothes,People greeting the village elders with a 'Namaste' and walking forward,"In front of a small old house, a steel structure, a cooking pot, and dry firewood kept for burning",,2026-06-04 17:53:11.342455,5,4b50d33cde8a4c12bd7337b56633d0c2
clip_281,annotation_281,Boy,The boy is dancing and pointing/showing to the girl.,Dancers,,2026-06-03 17:58:15.739371,7,218627668f4e4cebb69dc71fcb2dca44
clip_282,annotation_282,Boys wearing Magar traditional dress,Singing while holding a damphu (traditional drum) in hand,House courtyard,,2026-06-04 12:28:10.268799,5,c185f749ee534b2181bf37214359320b
clip_283,annotation_283,There are traditional clay pots on the balcony floor.,A boy playfully following a girl wearing a Nepali traditional outfit,Traditional wood and stone structure where straw and pumpkin are hanging,,2026-05-29 18:12:09.512067,5,92c12f7319d240e0b8cbaab72860401d
clip_284,annotation_284,A man wearing a thick brown coat on top of a wooden house,"A man is nailing a wooden roof. While doing so, his attention shifts to a beautiful girl and he accidentally hits his own hand with the hammer.",It looks very cold and foggy.,,2026-05-29 19:17:59.812272,5,752795ae36e94e56bee77050b4b8e2c4
clip_285,annotation_285,Some people are sitting on the porch of the house and some are standing.,A boy and a girl dancing with their hands on their chests,"Around a large courtyard, corn and small oil lamps (tuki) are hanging on the house walls.",,2026-05-29 10:29:58.231441,5,ce37b6ce3a604fdb9aecac2875096b68
clip_286,annotation_286,Man / Person,There are people.,There are houses.,,2026-06-04 12:47:03.412126,7,b6a8b58064a04d069fc239f658697a10
clip_287,annotation_287,A man wearing Newari attire and a red muffler,Singing and dancing,"Women wearing Newari attire, men in dhaka topi playing sarangi and madal, and bundles of straw",,2026-06-12 11:13:39.223896,4,b5c1d0fa3503442f87517e8446a68db2
clip_288,annotation_288,A modern girl wearing short clothes,Dancing while facing the camera,"Roofed with red bricks above, and supported by many white pillars",,2026-06-12 10:05:42.102747,5,75896b418e624dae9bad51b2df5b1f6e
clip_289,annotation_289,Boy and girl,The boy and girl dancing while holding hands,There is a doko basket and background dancers.,,2026-06-03 17:59:18.925621,7,138d029c3fe147ad9dc6f144364d1a0c
clip_290,annotation_290,"A beautiful girl wearing a blue floral patterned cholo, green bangles, a sirbandi on her head, and a kantha necklace around her neck.","The actress is sitting in front of the camera, acting according to the exact mood of the song.","This video is shot inside an indoor studio set, with a very bright and plain blue wall in the background.",,2026-06-12 07:26:12.030853,5,54bec2e16f624de98db02140ab79ccde
clip_291,annotation_291,"Old houses (roofed with stone, mud, wood, and tin)",Bidding farewell by presenting a Khada scarf,Large snow-covered mountains and high hills,,2026-06-04 17:57:36.750179,5,03b07804aa584acb974b194fc20f2fdd
clip_292,annotation_292,A boy wearing blue jeans and a white full-sleeve shirt standing on the edge of a hill,"Seeing the beautiful scenery, the boy spreads his arms and puts them on his head.",Beautiful high green hills are seen covered in fog.,,2026-06-12 20:39:11.631672,5,c49755f06bf144afa6ea60653f53122c
clip_293,annotation_293,A young man,"Gulping down a shot of alcohol, the boy makes a face.",A small local tavern/bhatti,,2026-06-04 18:25:36.470990,5,aaa38871ba824ede99223bb004f020ed
clip_294,annotation_294,A Nepali young man and woman,"Putting a flower on the head, laughing","Bushes, sky",,2026-06-05 10:19:32.850678,4,015b9206d0f740f7b67b3ebc0885178f
clip_295,annotation_295,"People are gathered, preparing for a festival.",People are seen dancing in a circle.,Green grass seen on the lawn,,2026-06-02 15:35:34.849838,5,21509ef0339a4e0a874bac7cd08e8312
clip_296,annotation_296,Book,The boy is turning the pages of the book.,Wall,,2026-05-30 05:20:51.815773,7,b591be5633954056922a7cb5e48bb346
clip_297,annotation_297,Boy,The boy is walking.,Snow,,2026-06-04 12:12:12.254441,7,ecd2eacfea3545779f55e9dfba8a084a
clip_298,annotation_298,Tall hills,The scene is changing.,Clouds above the snow-clad mountains,,2026-06-04 17:55:11.175011,5,cc2db378a1034e72b189d1e91af4a763
clip_299,annotation_299,A young man wearing a blue shirt over a white shirt with a bandana tied on his head,"A blue butterfly flies and sits on the young man's hand, and then he blows softly to make it fly away.","A view shot from a high place. A tall hill is behind, and some human settlements (houses) can be seen on the hill.",,2026-06-12 12:48:27.293903,5,559f396f34014cab8563db2e0cb32577
clip_300,annotation_300,A modern girl barefoot on a brick platform in front of a stupa,Dancing,Pacchhdi eauta seto stupa chha. Stupa ko mathi ra bich ma sunaula rang ko murti ani gajur chaa. Stupa chadhna ko lagi dherai sidhi haru chhan.,,2026-06-12 10:09:29.157360,5,3f3ebc3638b142f2a6f782ff39b7de52
clip_301,annotation_301,Boys and girls wearing different colored outfits.,Boys and girls are dancing while waving their hands.,"In the background, the house pillar is decorated with yellow flowers.",,2026-06-02 08:03:25.835580,5,f3a9a61cde034e16b8ce37caf4ab9a3b
clip_302,annotation_302,The girl wearing a green saree looks very beautiful.,"The girl holds the boy's hand, pulls him, and both are seen dancing.","In the background, marigold garlands like Tihar are hanging, and yellow lights are shining.",,2026-06-02 07:53:15.614201,5,be34aac1f81c4db5bcfed6ec5c7e5058
clip_303,annotation_303,A square TV kept on a table and a girl inside it,A girl sitting inside the TV talking about the Gen-Z movement,A black wall,,2026-06-14 15:20:47.523304,1,0920ff34ef0d4c678c868571dd789b13
clip_304,annotation_304,The girl is wearing a casual modern dress like a green sleeveless top and a colorful skirt. She is also wearing a beaded cultural necklace.,"Standing by the fence, looking at the camera, laughing happily, fixing her hair, and blushing while swaying to the rhythm of the song.","During the night, mostly white round paper lanterns are seen glowing in the foreground and background.",,2026-06-12 13:04:44.544259,5,a9af1737a18b451dacd255eedbcc1f41
clip_305,annotation_305,"Many people wearing traditional Nepali attire (daura surwal, waistcoat, dhaka topi, and gunyo-cholo)","People are seen carrying doko baskets, winnowing with supo, and arranging straw.","Traditional village window and stone-mud house, with a doko basket and corn hanging on the balcony, and green hills and a cornfield in the upper part.",,2026-05-29 16:25:57.153986,5,ece87d1bc4584417a8e7f2f48848afd0
clip_306,annotation_306,"A handsome boy wearing a bright blue chuba, black pants, glasses, and a Kipat (traditional belt) tied around his waist.","Energetically lip-syncing and dancing, touching his chest with his hand and pointing towards the mountain","The scene shows an old house made of stone and mud with its ruined roof, where some Buddhist prayer flags are tied. In the background, there is an open sky with bare hills and white clouds.",,2026-06-12 16:18:48.523553,5,ebcecae8cca04c98af0bda562777066d
clip_307,annotation_307,"Three young men, among whom the one in front is holding a cigarette","One young man is smoking a cigarette, while other young men stand next to him looking down.",An indoor party-like place with brick walls and colorful lights,,2026-07-11 05:10:56.296659,4,b4b018af507c45af8ed954951c671ab8
clip_308,annotation_308,A young man,Eating,"Door, bushes",,2026-06-05 10:05:16.368539,4,f205d27f004f44488383dbb460ac4934
clip_309,annotation_309,A young man and two dogs,Sitting with dogs,"Street, house, dog",,2026-06-05 10:25:23.256387,4,1ce641cef5f74030bc6116ae3ef81ba4
clip_310,annotation_310,"There is a group of many girls wearing a black and gold combination cholo, colorful print gunyo, yellow waistband, and a blue-red shawl hanging from their shoulders.","Along with the pleasant rhythm of the song, all the girls are dancing in a group, raising their hands and swaying their waists smoothly.",Some people can be seen standing in the background.,,2026-06-12 08:32:20.983321,5,9fe54b1c20c340b99273b529eb544aa5
clip_311,annotation_311,"Boys are wearing blue and red outfits, while girls are wearing colorful traditional gunyo-cholo.","They are all lined up at the top of the stairs, with the male dancers carrying their female partners.","Above the large stone staircase, large traditional village-style houses and a uniform-sized rest-house/temple are visible in the middle.",,2026-05-29 17:35:37.569105,5,909b80f5f6a24254870fa8d240d2c89b
clip_312,annotation_312,Boy and girl,The boy and girl are hugging.,There is an ocean/sea.,,2026-06-04 12:06:32.802458,7,7d341e08553a4d668d8aa10243da5387
clip_313,annotation_313,Many people wearing Nepali traditional dress,"The girl and boy on the left and right raise pestles to pound paddy in the mortar, while the two in the middle tease each other.",A doko basket is seen hanging from a pillar of a traditional village house.,,2026-05-29 16:33:54.422600,5,83cbf4185d8a44c6bef2c392e28c727d
clip_314,annotation_314,"A boy wearing thick brown clothes, a muffler wrapped around his neck, and having long hair","While the girl was saying something to the boy, the boy shook his head gesturing 'no'.",A large moss-covered stone,,2026-06-01 10:57:59.181652,5,b1f2b780aedb42b7bbd0a26b120f41d0
clip_315,annotation_315,"The girl is wearing a red saree and blouse, and the boy is wearing a coat and pants.",The two posing romantically in the mustard field during the shoot,"Yellow mustard flowers are blooming all around, making the view extremely captivating.",,2026-06-12 07:16:53.211031,5,df7ab18d65194eedb6011fbbb0f2464e
clip_316,annotation_316,A young woman wearing a modern dress is seen standing at the top of the stairs.,She is dancing with her arms spread.,"An open courtyard of an artistic monastery-like building is seen, featuring a lion statue and white marble steps with railings.",,2026-06-12 10:19:49.062137,6,ba29b2c191b24be2809a455d2b9c7827
clip_317,annotation_317,ek nepali yuwak ra yuwati,"uvhidai, herdai","makai ko botharu, pipal ko rukh, aakash, nadi",,2026-06-05 10:15:53.566844,4,1e608179ef9f49288a5c3b58706359d5
clip_318,annotation_318,"Rato tiki, kaan ma ghumka, aakha ma gajal, rato cholo ani kapal bateki eauti sundar keti.",Hath ma laligurash xopera nikai sad expression didai,Backgound blur vayeko karan pachhadi khasai kei na dekhiyeni eauta pahadi ko bich ma sabari sadhan gudne bato dekhinchha,,2026-06-12 08:09:19.040622,5,fc56054b98014c9fa61625e39a8e8d35
clip_319,annotation_319,Doko,Haat tauko ma rakhera nacheko,Ghar manche haru basirakhya,,2026-05-30 05:15:32.858460,7,6785e7a43c3d44b0a713edaa3280b0e6
clip_320,annotation_320,euta mahila ra euta purush,nachdai chhan,"ghar, nilo badal lageko aakash",,2026-06-12 10:41:50.399737,4,9556bb7b962c41b0a6fb986b4f9acd55
clip_321,annotation_321,Hotel bhitra kehi manxey haru,Hotel ko sauji lai ek glass local magaudai gareko,"Eauta sano hotel jaha table, fridge dekhna sakinxa",,2026-06-04 18:20:28.937807,5,339ce26468804678a1148851adc57ac3
clip_322,annotation_322,khulla kalo kapal ra adhunik posak lagayeki ek mahila,nachiraheki chin,lumbini ko bishwa santi stupa ko seto sangrachana ra thik pachadi bauddha lipi kundiyeko sunaulo rangko ubhiyeko buddha ko murti sajiyeko,,2026-06-12 10:13:50.704754,6,fbebf9e86d884102a5b1c79b1ea18adc
clip_323,annotation_323,Man / Person,Kta le kt lai herera haasiraxa,Doko haru cha,,2026-06-03 17:57:25.086977,7,2ccd2a57d0304bc3b29fadcee9e5028c
clip_324,annotation_324,A young man,"ufridai, bhagdai","juun lagirako, baadal lageko aakash, rati ko samay, jhari",,2026-06-05 10:23:20.274325,4,b9f867f35f89472f9817093c5b150c1d
clip_325,annotation_325,Eauta rato sadi ani kaan ma thulo jhumka lagako sundar keti,Sundar keti lai dekhera kta gayekar khusi hudai chha,"Tihar ma jasto, paxadi pahelo batti boliraheko chha",,2026-06-02 07:43:39.997981,5,dc68860759c94412afd807ca911f491c
clip_326,annotation_326,A young man,"khadai, jara samatdai","dhoka,rukh ko jara",,2026-06-05 10:06:02.660841,4,7b00d3d656584c35ac169d9eaf7dcaf6
clip_327,annotation_327,kehi manish haru ghar ko aaga ma basiraheko ani eauta kta ra eauti keti bato ma dekheko,rato ista coat launi kta ley kham halaudai chha vane nilo blouse ra rato sadi lako keti ley kapal milaudai,rato matoko ghar ko dhoka banda chha,,2026-05-29 09:58:23.389104,5,558f951ab73c4557a428512cf20b6514
clip_328,annotation_328,Rato saree lagako keti ani nilo kapal ra kaan ma surya mukhi phool lagako eauta keto,Keto damphu bajaudai,Tori bari ma tori fuleko,,2026-06-04 12:20:15.567323,5,44e562c9a5d143ad8368ca4af17e3272
clip_329,annotation_329,"Nelo half jacket, full sleeves, pant ani jutta lagako eauta keto",Aru ko baal matlab na gari masta aafno sur ma ramayera nachdai,Itta ley banako ghar jaha dherai kath ko jhayal haru,,2026-06-04 18:17:54.954970,5,ecd8f42bb2f041978df6c5e52c314a22
clip_330,annotation_330,"Sano scooter, seto kukur ani eauta yuba keta",Scooter ko tokari ma kukur rakhera sarai ramayera scooter chalai raheko,Sahar ko eauta sano galli,,2026-06-04 18:28:56.316849,5,d5db109f91b8431393bf57c2b67f6f88
clip_331,annotation_331,Boy and girl,Kta ra kt haru nachiraxan,Background dancers,,2026-06-04 12:42:24.480576,7,718c94e093b6442d8af952e8f583bc85
clip_332,annotation_332,Baklo luga ani paheko chalako moto boot lagaka manxey haru tal ko kinar ma.,Eauta kta ra keti daura boki tal ko kinar najik hidiraehko anii daura rakhera keti leey tal ma hath dhoko dekhinchha.,Thula hariya thula rukh haru ko aagadi eauta tal,,2026-06-01 11:04:51.921678,5,dbb3b56b7ed64023ad5e6df92e6503dd
clip_333,annotation_333,Frame ma actor ra actress lai casual modern look ma dekhaiyeko chha.,Actress Parewa udiraheko dekhera ramai raheko ani actor paxadi bata hiddai aai raheko,"Pachhadi ko drishya kunai thulo bazzar ko jasto dekhinchha, jaha kapada haru bechna rakheko",,2026-06-12 08:03:55.187696,5,3a921fe18ce24c5cb6c3e4a22fc0ee00
clip_334,annotation_334,"Lamo kapal, rato ranko shirt ani tala nilo jeans lagako eauta yuba.","Thulo dhunga ma adesh lagayeko ek yubak tala gau tira herera, bhabuk hudai geet gai raheko",Charai tira aagla hariyali pahadh ani phed ma eauta sano gau jasto ghar haru dekhiyeko.,,2026-06-12 20:44:28.027794,5,cc4130450f7147d8a679219c2862fb65
clip_335,annotation_335,Sukeko ghas ko chaur ma eauta khairo rangko kurchi rakheko,Kurtha suruwal lagako keti hindai,Rukh ko charai tira rangi changi pataka haru jhundako,,2026-06-04 12:22:29.296873,5,2ec9b3257f62401bb79417944cb80e40
clip_336,annotation_336,Chmakilo western posak lagayeko,Euta sundar keti kapal udaudai paxadi farkeko,Nilo rang ko parda aagadi eauta gadi,,2026-06-04 12:44:48.555932,5,f282c35ef161461a855c1a31834e83e1
clip_337,annotation_337,euta mahila ra euta purush,nachdai chhan,"rato rang ko ghar, nilo aakash",,2026-06-12 10:42:39.876429,4,2aef93b517184554b0d3464d16bcec7f
clip_338,annotation_338,chyatteko luga lagayeko nepali yubak,sutdai,kattu lagayeko ek sano kto sarsaphai gardai,,2026-06-05 09:52:16.252067,4,7521076996534aaaa3e12a55244ef4d4
clip_339,annotation_339,A young man,khana khadai,"kotha, luga jhundyaeko",,2026-06-05 10:29:08.060291,4,539330cdfefc4ba9b2b374dd02051a46
clip_340,annotation_340,"Keti harule kalo-sunulo cholo, rangeen chhitko guniu, piyelo patuka, ra nilo/raato saanskritik shawl lagayeka chhan bhane keta harule thada dharka bhayeko modern print outer/shirt ra saeto pant lagayeka chhan","Sabai keta ra keti haru line ma milera, afno haat mathi uthaudai ra kammar markaudai ramilo sanga gariraheka chhan.",Kunai purano ghar wa mandir ko aagan aagadi sabai jana nirtya gardai,,2026-06-12 09:35:44.467116,5,76a44c24010c4d23a5a17479f2289e00
clip_341,annotation_341,Magar posak lagayeka keta haru aagan ma paleti kasera baseko,Damphu ra madal bajayera geet gaudai,Paramparagat ghar ko aagadi thulo aagan,,2026-06-04 12:38:06.338359,5,362f585334ab4ff2b82bf4ecc4ac94f8
clip_342,annotation_342,Keta ra keti kaathle baneko parampargat bisramsthali bhitra chhan,Bisramsthali bhitra eak arka lai romatic way ma heriraheko,"Charai tira adharyo rati ko bela chha, jahan khulla chaur ra pachadi patti chamkila seto paper lanterns (batti haru) baliraheka dekhinchhan.",,2026-06-12 13:19:21.690789,5,cddc97f1643e4e258bab5b18ee7f8a6d
clip_343,annotation_343,Boy and girl,Kta le kt lai hug gariraxa,Snow,,2026-06-04 12:12:57.415006,7,4568ea3534fc49f68f25bee7fc1b6b45
clip_344,annotation_344,Kath ra dhunga ley baneko purano ghar haru bich ma eauta kacchi bato,Kacchi bato bolero gadi ley manxey bokera jadai,Sudar himal,,2026-06-04 12:48:20.821378,5,d647ad22bc15455eb98970d131dfb1cb
clip_345,annotation_345,"A Nepali youth is the lead character, wearing a traditional Nepali Dhaka waistcoat and a sash tied around his waist, while other young artists in matching outfits and Dhaka topis are seen in supporting roles behind him.",They are energetically performing a traditional Nepali dance.,"An open space with old brick walls, where a large crowd of people is gathered.",,2026-06-12 09:33:54.157489,6,ed26d4bfb6c343aa940652e413bb0f05
clip_346,annotation_346,Euta mahila ra euta purush.,duitai hat milayera nachdai,"itako bhitta ra dhalako bhui, nilo aakash",,2026-06-12 10:32:28.959876,4,563f47caa8134df89f0ab85cc17676c0
clip_347,annotation_347,Sana sana bachha haru,Baccha haru gang banayera pokemon card kheldai,Ghar ko peti waa kunai basne thau,,2026-06-04 18:14:56.813597,5,7552fe2a42914eeda38a69042912260f
clip_348,annotation_348,Girl,Kti daura bokera hidirache,Rukh haru cha,,2026-06-03 18:03:38.805916,7,81a73db768634da3b25b02077fd3e28a
clip_349,annotation_349,"Nak ma mundri, ghati ma kantha mala ra ghalek lagaki anii rato gala vayeko eauta sundar keti","Sundar keti ley jiskidaii, anuhar ma muskan didai , hath ma kucho uthayeki",Kath ley banako eauta dhacha,,2026-06-01 11:16:30.884574,5,55f0422777cf42b08191abbf315b1010
clip_350,annotation_350,Magar dress lagayeka nepali yuba haru,Fanfani nachireheko,Hariyo ghas vayeko maidan ma gham lagiraheko ra pahadh pani dekhiraheko,,2026-06-03 17:11:07.089352,5,b3b0d3d7690e40c088231be5ba75afd2
clip_351,annotation_351,"A smiling young woman adorned in traditional Nepali ornaments, a red cholo, and a green fariya, alongside a young man wearing a patterned waistcoat over a white shirt.",They are joyfully performing a traditional Nepali folk dance with coordinated hand gestures.,"Rustic Nepali houses illuminated by soft lighting at night, and an audience enjoying the dance.",,2026-06-04 18:36:59.147762,6,c67a6e3de14c4de9bdbdeaff6bbd1499
clip_352,annotation_352,Cycle,Girls dancing,Hariyo rukh haru,,2026-05-30 05:12:19.423685,7,b2c4a130c70f4d088b61a3393b0b61a5
clip_353,annotation_353,Bagar ma eauta sano sukeko haga lai gadeko ani kehi saree lagako kalakar haru dekhna sakinxa,Khola ko bagar ma nachadai gareko,Aglo pahadi ko tala phed ma eauta sukeko khola ani bagar ma baluwa dekheko,,2026-06-12 07:11:32.748838,5,ce2e98c1e08e476ea6666af292a74e6f
clip_354,annotation_354,Pahadi luga lagayeko dui jana manish haru,Eauta sundar mahila dhunga mathi basera sano bakhro lai mas masaudi chiin vane eauta kta ubiyera latthi chalaudai guff handai chha,Thulo leu lako dhunga and paxai baan dekhinchha,,2026-05-29 19:41:48.012408,5,9acbf24d22c249e0b78efa75bb7e2fbf
clip_355,annotation_355,Ek jana dadhi bhayeko yuwa kalo luga ra seto scarf lagayera agadi ubhiyeko cha,Yuwa le mukh ko najik churot samatera tandai cha.,Rati ko samaya bahira ko party jasto thau ma dori ma jhundiyeka batti ra rangin pataka haru dekhiyeka chan.,,2026-07-11 05:12:18.250147,4,10c77c33e9a246b489952e3fbba25672
clip_356,annotation_356,"Sabai manis haru ley eauta rato, nilo ani kalo rang ko posak lagako chaan vane bich ko manxey ley kalo rato ani fika hariyo posak lagako",Sabai manis haru shooting ko lagi camera tira farkera nachdai chhan,Gaunle dhanchako parampargat ghar ko aagan ra pachadi patti kathko khamba haru dekhincha,,2026-05-29 16:41:45.296526,5,16313657abc54c489c495cfe0b952cd9
clip_357,annotation_357,Girl,Kt hidera geet gairaxe,Rukh haru cha,,2026-06-04 12:10:05.789566,7,fb4b1eae54e141cf947f66dc64542d57
clip_358,annotation_358,"Dari, kapal fuleko eauta keta manxey",Kammar ma hath rakhi gahiro sochma,purano movie cassettes ra posters bhayeko cassette shop athawa studio,,2026-06-04 18:12:48.126690,5,c5f3a1e5c6f34a6a9adbdf897fb77e72
clip_359,annotation_359,Boy and girl,Kta ra kt nachiraxan khutta uchalera,Byd lekhya xa,,2026-06-04 12:42:00.199444,7,7b9d2797ac9d4949a54ca1891b3fc0fe
clip_360,annotation_360,Euta bike,Kt le bike chalairacha ani tesko pachadi kta baseko cha,Rangibi Rangi chata Thulo gate,,2026-05-30 05:08:26.424253,7,33e3da53f85a49d496564b159b001ec5
clip_361,annotation_361,ek nepali mahila,uvhera herdai,"pahad, badal, rukh, jharpaat",,2026-06-05 10:08:31.230621,4,52f574a565724712af23706ff0ffa3e4
clip_362,annotation_362,Sabai jana ley nepali posak lagayeko vane bich ko keta ley modern posak ( jeans ra boot) lagako dekhinchha,Sabai jana eauta dance step garera geet sanga hath khutta ko taal milako dekhinchha,"Pachadi patti bishaal ra harya pahaadi danda haru chhan, jahan euta sano basti chha",,2026-06-12 09:56:45.407051,5,985348f747d140f5a29b501b350060de
clip_363,annotation_363,Eauta kapal dari fuleko keta,Keta afulai aaina aagadi dekhera aafno balyakal dekhdai,"Ghar bhitra ko scene jaha aaina, jutta ko rack and dhoka dekhiyeko",,2026-06-04 18:01:40.085051,5,f55be94b8a984aec912f3bd85a563d1c
clip_364,annotation_364,"Sidhai mathi eauta keta ra keti lai dekhna sakinxa. Keti sey sano kapada lagako dekhnixa vane keta ley pant, jutta shirt and tauko ma hath lagako",Dubai  jana Tauko tasayera mathi sidhi bata jhardai gareko anii kehi dance steps haru gardai,Pachhadi patti chata jasto akar vayeko itta ra cement ley banako bhautik purbadhar haru dekhinxa,,2026-06-12 10:02:39.595739,5,295362a40d43404a9ad860f464ea1bf5
clip_365,annotation_365,Keti haru ley rato ra pahelo choli ko sath sathai nepali gahana lagako dekhna sakxam,Keti haru nachda nachdai kta haru pani sanga nachna aaudai gareko dekinchha,Purano paramparagat gau ko ghar ko cheu ma eauta thulo rukh ani badal ley aakash dhakeko dekhinchha,,2026-05-29 16:50:03.238725,5,192daba6c0b448988695a3cdf2e569bb
clip_366,annotation_366,Boy and girl,Nachiraxan,Wall cha ani background dancer basiraxan koi uthera nachirachan,,2026-06-03 17:50:41.597035,7,860a0b53820447b6b2cab552b190f30d
clip_367,annotation_367,A young man,niras bhayera baseko,Dark environment,,2026-06-05 10:20:45.651288,4,3a49919b16c9422089aac0d0ac29f48b
clip_368,annotation_368,Chiso ko karan ley nayalo luga lagako eauti keti,Rato sweater lagako eauti keti ley tokari ma wool bokera hidiraheko,Charai tira hussu ra chiso chha ani eauta kath ko ghar chha,,2026-05-29 19:10:01.982837,5,91e5006d52d24ac1a6121f1e71745ec9
clip_369,annotation_369,"In front, a boy wearing a black coat and a white shirt is standing, and next to him, a girl wearing black clothes is standing.","The boy is looking towards the girl, spreading his arms as if dancing, and the people around them are also enjoying themselves.","An indoor party-like place is visible, and there are graffiti and decorations on the brick wall in the background.",,2026-07-11 05:05:03.980825,4,009f0441f93f4ea69af213080b983edc
clip_370,annotation_370,A young man,Wandering around,Painted wall / Wall with drawings,,2026-06-05 10:01:57.455032,4,8d094d9a342e461a9427526787bb01dd
clip_371,annotation_371,A young man,Laughing,"Wall, outdoor environment",,2026-06-05 10:02:39.369214,4,6c94f811833045f39aa992ec2b47fd31
clip_372,annotation_372,Boy,Boys are walking.,There are houses.,,2026-06-04 12:46:13.745847,7,3382059180ff4489a6a0d8677857ae31
clip_373,annotation_373,Some customers sitting in the hotel,A young man making a face as his friend forces him to drink local alcohol,A small local tavern/hotel,,2026-06-04 18:22:17.304883,5,1d403d3c4eb64f8784a21ed6fa0d4f41
clip_374,annotation_374,The lead singer is wearing glasses and holding a guitar. Beside him are girls playing traditional Dhime drums (in red Dhime costumes and head wraps) and an eye-catching Lakhey dancer wearing a fearsome Lakhey mask (traditional Newari mask).,"The singer is energetically holding a guitar and lip-syncing, while the Lakhey dancer and the girls playing Dhime sway to the song's beat and perform a dynamic cultural dance.",In the background is a red brick house with a wooden window. Colorful flags and long ribbon-like fabrics are hanging.,,2026-06-12 12:35:15.381221,5,f9fbf691f8dc4bc6bc628730e4edd138
clip_375,annotation_375,"People are standing on the road, and a boy is wearing a red waistcoat and a red flower in his ear.","People are walking on the road, and some boys are holding a rooster and having fun.",An old mud house,,2026-05-29 09:50:20.045320,5,7f67504f3c4346c68bc40f3bf7af697d
clip_376,annotation_376,Girl,The girl is running.,There is a tree.,,2026-06-04 12:09:47.870930,7,1a269575f9954603b52486a0f9ed6082
clip_377,annotation_377,"Sirbandi (head ornament), dhaka topi, and daura surwal","Dancing with hands raised, wearing traditional attire","It is dark, and a small light is glowing.",,2026-05-30 05:18:52.112339,7,8b9f2e7608864d45bb27dd6bbea725e1
clip_378,annotation_378,Boy and girl,The girl is placing her hand on the boy's shoulder.,There is an ocean/sea.,,2026-06-04 12:07:50.928659,7,a1a2a8ba551d4ab093bdfa17fa445199
clip_379,annotation_379,"Many young men, some of whom are holding guns",They are dancing and having fun together while raising guns in their hands.,"Inside an indoor party-like venue with brick walls, colorful flags, star-shaped lights, and decorations",,2026-07-11 05:10:08.702212,4,66029b23ca6d42ae905cf1cb0a101b52
clip_380,annotation_380,A man,Waving hands while resting feet on the wall,"A brick-patterned wall,",,2026-06-12 10:35:22.891226,4,87725d36abb544ada0fee5f3ae98244b
clip_381,annotation_381,A large crowd gathered to watch the dance,Dancing with hands placed on the waist,"Traditional houses made of mud, wood, stone, and brick all around.",,2026-06-12 09:43:27.306345,5,f7b41592671e4c33b781edc02dafeab0
clip_382,annotation_382,Boys,The boys are dancing.,Background dancers,,2026-06-04 12:43:34.620822,7,094d5f91eef5444c830c6c6dbe9b066e
clip_383,annotation_383,There are two girls and a boy.,"While walking, the girl gestures to call the boy, and the boy comes over wearing sunglasses.",A black car is parked on the road.,,2026-05-29 08:46:33.347369,5,0cdfb52555764cb69caf69d7da128275
clip_384,annotation_384,A white Bolero utility vehicle,"The Bolero utility vehicle is driving, carrying people and raising dust.",A dirt road in a village with old houses,,2026-06-04 13:08:27.883323,5,eefb4f7d2cc041d1970331ce51415888
clip_385,annotation_385,A young man,Smiling,Dark environment,,2026-06-05 10:21:36.187336,4,6fd7fb8464174eb1962d6a121ef299a7
clip_386,annotation_386,A couple consisting of a boy and a girl standing together,Boys and girls dancing in couples,"There are stairs inside a large room, and yellow lights are lit.",,2026-05-29 10:40:21.347267,5,690ab68f97f14d7bbb268b285fb0f256
clip_387,annotation_387,Hilly region people wearing traditional hill attire and yellow boots on their feet,A boy and girl from the hills are chasing a sheep.,"Large trees, an uphill terrain, and green grass all around",,2026-05-29 19:37:32.966496,5,3b8c27144b8447b8a8b8b2c53962a580
clip_388,annotation_388,Many people are together at a big party.,"All the people are listening to the music, enjoying themselves, and sipping alcohol.","An indoor venue with nice lighting, showing a modern setup",,2026-05-29 11:26:43.530650,5,28df25fe80e24584af19c587bb804950
clip_389,annotation_389,A boy wearing daura suruwal and having long curly hair,A boy talking to a girl with his hand on a pillar and head turned towards her,"At night, a small oil lamp (tuki) is burning behind and maize is hanging from the house pillar.",,2026-05-29 10:15:25.826298,5,eaf9091d93aa4f2c892191697c3b93d3
clip_390,annotation_390,A young man,Lying down and laughing,Floor / Ground,,2026-06-05 10:13:48.686641,4,57a0010ed31e4a889fed2d50cefaa2c4
clip_391,annotation_391,The lead actor and actress look more beautiful than the supporting characters wearing yellow blouses and blue sarees.,"While snow is falling, the supporting artists are dancing and the lead couple poses romantically.","In the cold weather, snow is seen covering the grass in the background.",,2026-06-12 07:01:20.491300,5,197aeac801174d3fac64b329ca051e33
clip_392,annotation_392,"The boys are wearing daura suruwal and red dhaka topi, while one boy is wearing a black cap.","The boys are sitting, playing madal, singing, and having fun.","The boys are sitting in the courtyard, having a good time.",,2026-05-29 10:18:16.355246,5,ec0185e1ffac4ec691c69f8983757057
clip_393,annotation_393,A man standing and repairing a vehicle,A black jungle safari vehicle came and stopped.,Greenery is all around and a blue sky is visible.,,2026-05-29 08:33:44.008309,5,0f47280502104c46b735ce5e7e9a97a8
clip_394,annotation_394,Man and woman,Dancing,Village house courtyard,,2026-06-20 03:05:46.692591,8,68164faf8f364299a61b8a34e0d63244
clip_395,annotation_395,A boy wearing a white t-shirt and a red bandana on his forehead is standing among the girls.,Girls wearing Tharu traditional attire dancing while surrounding a boy,A fire is burning in the background at night.,,2026-05-29 09:19:27.368682,5,adebdf4607dc415b868c3a111a678c13
clip_396,annotation_396,"In the center, the lead actress is adorned in a red cholo and traditional jewelry.","The lead actress is standing in the middle of the veranda, singing and acting in a cheerful manner.","Doko baskets, pumpkins, and corn are hanging on the house balcony, and there are many trees nearby.",,2026-05-29 17:40:24.088834,5,71e8785442484513bbc10a8a855262e3
clip_397,annotation_397,Girls and mothers are dressed in traditional gunyo-cholo and folded bandanas on their heads. A boy wearing a dhaka topi is also visible in the background.,"While the villagers are gathering, three girls walk forward holding hands and looking on.","A fair, festival, or religious procession (jatra) is seen being celebrated in the upper part.",,2026-06-03 16:35:50.669320,5,29d3b6bc334d46ba9a158784e4587c29
clip_398,annotation_398,"Some people are at the base of the stairs, while others are at the upper side.","The actor, male backup dancers, and female backup dancers are dancing dynamically shaking their waists.","An old clay pot (ghaito) is on the grass, and a doko basket is hanging from the house pillar.",,2026-05-29 18:00:36.263684,5,ba0206114bda4fbd94ab0e3a7ecf96be
clip_399,annotation_399,Boy and girl,The boy is walking towards the girl.,There is snow.,,2026-06-04 12:08:18.987799,7,2370ec0451c44e88be14e656ca217fb0
clip_400,annotation_400,Wearing a dhaka topi,They are singing and swaying.,It is dark.,,2026-05-30 05:17:00.167300,7,a329a6c0f40845588400fd8b864d7a5e
clip_401,annotation_401,A young man sitting on a motorcycle,Riding the motorcycle forward,"In a narrow alley with brick walls and graffiti, under the streetlights at night",,2026-07-11 05:08:09.811456,4,b398b7c1b1764e6296d0238b82a2f3bd
clip_402,annotation_402,A boy wearing daura suruwal and a cap,A boy in Nepali attire walking and turning his head,A white wall and a marigold garland hanging above a door,,2026-05-29 10:11:50.545297,5,1611218150a84c58b42f0fefacab4124
clip_403,annotation_403,"A Nepali young man,",Observing closely / Inspecting,"River, tree, bushes",,2026-06-05 10:17:02.839857,4,295794d686cb440cafa92e54d4d6584e
clip_404,annotation_404,"A cheerful young woman adorned in traditional gunyo-cholo and a green potey necklace, with a young man next to her wearing a red patterned waistcoat.","Everyone is enjoying themselves in the middle of the alley, dancing with full energy.","Alleys of a traditional Nepali village with old brick houses and hanging corn cobs, and a group of local youths dancing behind, following them.",,2026-06-04 18:33:06.419034,6,f1cbec48a3ff432ba6b716f789299706
clip_405,annotation_405,The boys have bows in their hands.,Boys carrying bows are aiming at a target.,A steep walking path on the hillside,,2026-06-04 12:53:09.482903,5,1eb44a2ef2ae493a861b766a134871a6
clip_406,annotation_406,A young man,Hugging a tree,"Tree, bushes",,2026-06-05 10:07:20.611834,4,6a5b1e026b594cf19db956f3d02c66bc
clip_407,annotation_407,People in various colored clothes sitting on the porch of the house,"A boy wearing a red waistcoat held the hand of a girl in a blue blouse, blue saree, and white sash, and danced with her.",Corn hanging on a house made of red clay and bricks,,2026-05-29 10:02:51.315614,5,ac4ed581c9ac4ba1bf9993ee73e593b9
clip_408,annotation_408,Two lead young male characters wearing traditional dhaka patterned waistcoats and jeans pants,"The two lead young men are dancing with their arms around each other's shoulders, while a row of supporting artists stand by, enthusiastically backing them up.","A large group of young male artists in yellow daura surwal, speckled brown waistcoats, and black dhaka topis are in supporting roles, with rustic stone and mud houses and a green hill visible in the background.",,2026-06-12 10:01:12.217237,6,bbd1f5b4829c4073b67383966d93a3da
clip_409,annotation_409,The boy with curly hair in the middle has a watch on his hand and a gold chain around his neck.,The boy in the middle is waving his hands and singing.,"It looks like a brightly decorated venue, possibly for a wedding or video shoot.",,2026-06-02 07:39:00.642813,5,444439da4b094ffdb1012136b2ac448f
clip_410,annotation_410,Young men wearing traditional Magar dress,They are playfully teasing their Magar female friends.,Colorful banners hanging from a string in the background,,2026-06-03 17:16:41.141378,5,5fa51c8cf0454e0dba243ff73d3ae280
clip_411,annotation_411,Boy and girl,"The boy and girl are dancing, and the girl is hugging him from behind.",Background dancers,,2026-06-03 18:01:33.815580,7,021796489228489aaef5f62a101b2b18
clip_412,annotation_412,"The boys are wearing a combination of Nepali and modern clothing, whereas the girls are fully dressed in traditional Nepali attire from head to toe.",Pigeons are flying as everyone performs a group dance.,"A trident (trishul) is placed in front of an old wooden temple, with a courtyard-like space in the front.",,2026-06-12 09:40:46.757562,5,e1f03d93df244668bbe11bbfc7de7473
clip_413,annotation_413,"In the frame, there is a boy and a girl. The boy is wearing blue jeans and a white full-sleeve t-shirt, while the girl is wearing a red cholo, black fariya, and a necklace around her neck.","The boy holds the girl's hand, and they are happily running after each other on the grassy green hill.","This scene is shot on top of a very beautiful, lush green hill. Dense trees and green grass are visible in the background.",,2026-06-12 20:51:38.606626,5,5c310b9b49724a05ba82126cc4dcbd44
clip_414,annotation_414,Snow is clinging to the hair of the lead actor in a coat and the lead actress in a saree.,It is snowing and they are dancing.,"Snow has fallen all around, covering the surrounding plants and bushes.",,2026-06-12 07:07:34.605974,5,14a1159194a744b4ab16de69f68eed06
clip_415,annotation_415,Girl,The girl is walking.,There are hills.,,2026-06-04 12:05:33.619960,7,0798542621b545b48c4345a3f3369899
clip_416,annotation_416,The curly-haired boy in the middle is wearing a white kurta and a white shawl.,"The boy in the middle holds a microphone and sings, looking up at the girls standing on the balcony.",A white curtain and twinkling lights are visible in the background.,,2026-06-02 07:35:00.603137,5,09d7bcd76c5443028fc7401597883a81
clip_417,annotation_417,Nepali young man,Plucking flowers,"A Nepali woman observing the sky, flower plant",,2026-06-05 10:17:52.901301,4,4c1f7b746d9843f0acfc8b0264f77205
clip_418,annotation_418,Vehicle / Car,The vehicle is driving.,There is a stream/river.,,2026-06-04 12:47:38.533990,7,26ec1f75fce04c3f9919ccd73b92be65
clip_419,annotation_419,A young man,Searching inside a sack,Ready,,2026-06-05 10:04:39.181488,4,fa005c2e12f3401c98e5836ca71a99db
clip_420,annotation_420,Boy and girl,Kta le kt lai hug gariraxa,Ocean / Sea,,2026-06-04 12:09:19.402007,7,1985ac1a048a4a05b648eb6cad16dc26
clip_421,annotation_421,A boy with a red cloth/bandana tied on his head,nachdai,Tharu women are dancing.,,2026-06-03 17:47:01.150805,4,fa19db9e2f314511a54159a3763821f5
clip_422,annotation_422,People are seen wearing the attire of the Magar community.,A handsome boy with folded arms is singing and looking at his lover. The people in the background are seen dancing with hands raised.,Small triangular colorful cloth flags are hanging on strings all around the field. This is typically used during fairs and festivals.,,2026-06-03 16:48:49.895926,5,eec65614207f43df8b1c596a6a79086b
clip_423,annotation_423,Shirt,The boy stands up and places his hand on the girl's shoulder.,Wall,,2026-05-30 05:24:30.686385,7,7f69fa44bae647118bab849ef2d1a787
clip_424,annotation_424,Girl,The girl dancing,Doko basket and background dancers,,2026-06-03 17:58:37.623788,7,84512032ef284a23b481a0dc4bda7c70
clip_425,annotation_425,Two girls wearing traditional Nepali attire,"Two girls in red cholo and tilahari necklace, walking forward holding hanging lamps",The door of the house is open at night.,,2026-05-29 10:06:11.189506,5,7f2a3cbf796c4cc994461a884aa18cb1
clip_426,annotation_426,"A girl wearing Sherpa attire (chuba, pangden, red-orange outer) in front of a stone house",Dancing and giving facial expressions to the camera near the house,"This scene is set in a mountainous rural area, with high snow-capped mountains and hills visible in the background.",,2026-06-12 07:41:45.902337,5,b85e1a6eb532467d87057de8ee7b0906
clip_427,annotation_427,"A woman and a man. The woman is wearing a dress, and the man is wearing a purple shirt and jeans.",Both are seen walking and talking together.,"Open courtyard, white chairs and tables, stone steps, brick wall, and house.",,2026-06-12 10:44:00.340365,4,d4f2f98bee7c49648e5b792ea5662492
clip_428,annotation_428,Boy and girl,The boy and girl are running.,The background is full of greenery.,,2026-06-04 12:41:31.132207,7,1c6a0c2f72174375bc81693a8895e965
clip_429,annotation_429,A boy and a girl,A boy and a girl warming their hands over a fire,Dark room,,2026-06-01 11:26:57.220953,5,9e0038c1a5b44cc990651d63837d52d7
clip_430,annotation_430,A boy with a mustache wearing a blue denim jacket,"The boy is making eye contact, smiling, and flirting.",Beautiful sun rays visible,,2026-06-01 11:19:34.835906,5,455c08ff0f804407b4493e7ac409df35
clip_431,annotation_431,"Patuka, gunyo, cholo, ghalek traditional Magar dress",Dancing matching hand and foot rhythms,"Green grass all around, flags hanging in the flat area",,2026-06-04 11:56:51.603336,5,d1aee4401c434a9f885fd19393cae8cf
clip_432,annotation_432,Boy and girl,Dancing with hands placed near the head,There is a house.,,2026-06-03 18:00:02.712693,7,0a168dbf2068474ab343253b3b7fb857
clip_433,annotation_433,Boys and girls wearing western clothes,Boys and girls are dancing moving their hands and feet.,Lights are flickering inside a large room with two windows.,,2026-05-29 10:44:53.941557,5,25563f9fa8444996ada5df9abacbed21
clip_434,annotation_434,"Wearing traditional Magar dress (dhaka topi, waistcoat, patuka, cholo, gunyo, and traditional coin necklace)",Clapping hands and dancing in a joyful mood,Everyone gathered in the field for some program or festival.,,2026-06-04 12:01:31.348878,5,a21b6184dd71432a979ed57b37bf98b4
clip_435,annotation_435,"A young woman with open hair wearing a black-and-white leopard print top, and a young man wearing a brown full-sleeve t-shirt with a silver chain around his neck","The woman is talking to the young man in a playful manner, while the young man smiles listening to her as they walk together.","A long corridor with a roof supported by wooden pillars, and a red brick enclosure behind",,2026-06-12 10:26:32.019263,6,a68246b6b0944404b18cf6bc7498394f
clip_436,annotation_436,"The actor is standing in a unique outfit combining traditional and modern styles. He is wearing a striped grey kurta, a cloth drape with red-and-white borders, black pants, glasses, and a hat.","The actor is dancing and making fun hand gestures, energetically performing a hip-hop style dance and lip-syncing.",This scene is shot in a Himalayan village setting. Old stone houses and massive bare mountains are visible in the background.,,2026-06-12 16:02:57.200651,5,835bcd8fd8a54873b3ac4735c3ecbb52
clip_437,annotation_437,Green trees with large sparse branches,It is heavily foggy.,"Covering the massive trees, what a beautiful scene",,2026-06-01 11:24:14.146462,5,c64fbbc6ca5546eaa4ea93c17ddddc28
clip_438,annotation_438,A beautiful girl wearing hill attire and a boy inside a dark room,Both extract wool together. The boy hands the extracted wool to the girl.,Dark room,,2026-05-29 19:27:23.731346,5,6b8905bce4e2493ea336859c42bd2bc1
clip_439,annotation_439,Young men,Dancing and carrying guns,Village courtyard and guns,,2026-06-20 03:08:53.267558,8,b232ccfdd19d4281875414154a9d8359
clip_440,annotation_440,"A young man wearing a dhaka print waistcoat and a waistband, with two young women beside him wearing patterned cholos, fariyas, and yellow potey necklaces.",Performing a group Nepali folk dance,"Open space of a temple or palace courtyard, with other artists in supporting roles wearing cultural costumes",,2026-06-12 09:45:27.750847,6,6ff01753cd7f4aa199ea766841175f3f
clip_441,annotation_441,A boy with long hair in Nepali attire and a beautiful girl with rosy cheeks,"Both are walking together, chatting and sighing softly. Goats are seen grazing on the green grass.","Greenery all around, with cold and gentle breeze blowing",,2026-05-29 19:32:31.808111,5,b3b24c3675df4fc8a52458c170c35c25
clip_442,annotation_442,A boy and a girl on green grass,"Placing arm on the girl's shoulder, the boy and girl dance and romance.",Massive snow-clad mountains and hills,,2026-06-04 13:00:49.653507,5,7de408106a9b4fd5a9ee10097a11e75b
clip_443,annotation_443,"Two young men in patterned waistcoats and jeans, alongside women in kurta surwal and gunyo choli wearing potey necklaces around their necks",Performing a group folk dance together while raising their hands in the air,An open courtyard featuring old-style structures that resemble a palace square,,2026-06-12 09:40:18.813184,6,cc8acb4d1eae434daf48658a00a86b60
clip_444,annotation_444,Boy,The boy is talking,Wall and lights,,2026-06-03 17:52:49.291253,7,3b95c66e47b44928b79371aba8c44489
clip_445,annotation_445,Men and women wearing Newari traditional attire,They are dancing and singing.,"Tree, brick-paved house, men and women in Newari attire playing madal, straw",,2026-06-12 11:22:33.128557,4,ea68cf76247f4158981bf17bb975dc09
clip_446,annotation_446,Boy and girl,Kta le kt lai hug gariraxa,Ocean / Sea,,2026-06-04 12:11:52.594692,7,9ca34b5982294d16a349828ba631cb58
clip_447,annotation_447,Man,Sitting,Wooden door and chair,,2026-06-20 03:12:47.979575,8,0125218d208049ccab11513a5a437d77
clip_448,annotation_448,A presence of many people along with a boy and girl is seen.,"The lead actor and actress are looking at each other, blushing/smiling.",Pumpkins are hanging from the wooden structure.,,2026-05-29 17:43:53.787448,5,d92f89f4f3f1431d91fa374584350df8
clip_449,annotation_449,A narrow unpaved dirt path,People are descending from the path.,Houses built of mud and stone,,2026-06-04 17:49:32.267059,5,1ecc26e7a41146cf83d116e2f1ea3553
clip_450,annotation_450,"A beautiful woman with a small mole under her chin, carrying a sweet smile, wearing a pink saree and earrings",Standing and looking ahead,"Dark and blurry background, with the glow of twinkling dim blue and yellow evening lights",,2026-06-04 18:06:23.309465,6,da75038ed79f4adc8170e6d5fcb81efd
clip_451,annotation_451,Boy,The boys are singing.,There are houses.,,2026-06-04 12:46:38.119091,7,5b1dbdac98624e8e976089006a749fc2
clip_452,annotation_452,A young man wearing a white and cream blazer,The youth slowly walks with his hands in his pockets.,"A dimly lit indoor space, showing decorative items",,2026-05-29 11:07:22.980966,5,efea600f85de47f8ab7181a0d5da907d
clip_453,annotation_453,"An attractive girl is wearing 'Chuba', a traditional Tibetan/Himalayan cultural dress worn in the Himalayan regions (Manang/Mustang), with a red sash tied around her waist. She also wears an attractive stone-studded headpiece on her head.",She is walking with a very happy and smiling expression.,"A mud-and-stone house in a rural setting. Bare hills are in the background, and snow-covered mountains are visible further away.",,2026-06-12 16:09:44.333249,5,479e4c1315db46b6b1c59517788b0953
clip_454,annotation_454,Boys wearing traditional Magar dress in the courtyard,Playing damphu drum in sync with the song's beat,A courtyard in front of a traditional house,,2026-06-04 12:32:03.342517,5,43959e08246545b5825ab2c624d23a6a
clip_455,annotation_455,"Many young men, some of whom are holding guns",They are dancing and having fun together while raising guns in their hands.,"Inside an indoor party-like venue with brick walls, colorful flags, star-shaped lights, and decorations",,2026-07-11 05:09:41.332825,4,0d348c9106b84eecb9f5a4a13e93f39d
clip_456,annotation_456,"A beautiful attractive girl with long flowing hair, wearing a special stone headpiece, blue stone earrings, and cultural dress.","The girl holds the small black baby goat in her lap, hugging and petting it.",A traditional hut-like place set in a rural environment,,2026-06-12 15:51:55.510035,5,7ba81a64d60a4bf2be7d6124b68dce95
clip_457,annotation_457,Girls of Tharu culture wearing Tharu traditional clothes,Two girls and a boy enjoying watching the Tharu dance,Having come to watch the Tharu dance at night,,2026-05-29 09:11:19.534101,5,71f4e9354c4b499ab0c9db2d6cd9bb4e
clip_458,annotation_458,A beautiful woman carrying a sweet smile and wearing a pink saree and earrings,"They are dancing around her, keeping her in the center.",Dancers dressed in traditional Tharu attire holding lit oil lamps in their hands,,2026-06-04 18:19:44.589700,6,08931f91a6ab40c1a6c19f84f9cf3a2d
clip_459,annotation_459,"Piano, guitar, drums, and speakers can be seen.","The girl plays the piano, while the boys prepare to play the guitar and drums.","In the background, posters of English/Western music artists (like Michael Jackson and others) are pasted on the brick wall.",,2026-06-12 12:39:18.442283,5,c8e76c9db7ab4c3cb78d8decf053eec1
clip_460,annotation_460,A white Bolero utility vehicle,The Bolero is driving fast carrying people on the unpaved road.,A dirt path in the middle of trees all around,,2026-06-04 12:50:46.338361,5,90ada988f8aa45feb954e194d25838d5
clip_461,annotation_461,"On both sides of the lead artist, most of the male dancers are in uniform colorful traditional Nepali attire.","The lead artist in the middle pushes away the male dancers on both sides, smiling broadly displaying his teeth.","In the upper part, we can see traditional baskets (dalo) and maize bunches hanging.",,2026-05-29 16:45:54.095585,5,736b21a08c4449ec87c979435a2eaa29
clip_462,annotation_462,Girl,The girl is dancing.,There is a house.,,2026-06-03 18:02:29.018152,7,4581e200bc3f41f1ab34747ff051735d
clip_463,annotation_463,"A beautiful girl wearing yellow bangles, cholo, and gunyo, whereas the boy is wearing a purple kurta and white shiny pants.",The actor and actress shooting on a tree branch,"Bright sunlight glows around the tree, and hilly slopes and open sky are visible.",,2026-06-12 09:51:16.436869,5,55ff549185424896aa8b4e1386f60fce
clip_464,annotation_464,Boy and girl,The boy and girl are dancing.,Himal cha,,2026-06-04 12:44:13.125708,7,cd3822f872744fa6af261919fb25b809
clip_465,annotation_465,The artists are on top of a glacier (a handsome boy and a beautiful girl).,Holding the girl's hand and dancing in a romantic mood,"Glaciers all around, and a glacier-fed river flowing",,2026-06-04 12:12:49.010071,5,f24e2ea5481d4d7d9c0067ea65a92297
clip_466,annotation_466,A man playing a guitar,"Playing guitar, dancing, and singing","Lakhey dancer, madal drums, Newari-clad women playing madal, drum set, Durbar Square",,2026-06-12 11:12:02.305372,4,254dc9747db54db89bf78c4ab7525462
clip_467,annotation_467,"Boys wearing Nepali attire are in the courtyard, hanging out in a group for the shoot.","Seeing the lead artist sway his waist, the other male dancers clap.",A large courtyard of a traditional house and a wooden-framed structure are visible in the background.,,2026-05-29 16:55:06.059087,5,0147e73bf94449759ca8ed423561cfd2
clip_468,annotation_468,A handsome boy wearing black sunglasses and a beautiful girl in white clothes,"While the boy sits in the chair, a beautiful girl from behind places her hand on his shoulder to grab his attention.","A bar scene, where alcohol bottles are displayed in the background.",,2026-06-02 08:17:07.213437,5,11e3222e275e4d05932a31c564f62108
clip_469,annotation_469,"In the center, the lead couple is adorned in attire resembling wedding outfits.","Both lead actors look at each other, laughing lovingly and getting romantic, as the actor hugs the actress from behind.",A traditional wooden structure is visible.,,2026-05-29 17:49:54.340164,5,43cc44330d69463cb43643378c51838c
clip_470,annotation_470,There is a boy and girl wearing Nepali outfits at the top of the stairs.,A boy and girl are seen dancing with outstretched arms and then lying down on the grass.,Green grass is seen on top of the stone steps.,,2026-05-29 17:56:07.422691,5,22e2d6ddbc9d49b18c17b9a4262021be
clip_471,annotation_471,Two boys and a girl are wearing Newari traditional attire.,A boy wearing Newari clothes and a red flower in his ear walking along the path with folded arms,A house made of red clay and roofed with black tin sheets,,2026-05-29 09:54:48.080140,5,79e5658bccad439a84edda88b31897f8
clip_472,annotation_472,"There is an attractive girl with long hair, wearing traditional stone jewelry on her head and a colorful cultural dress.",The girl is seen looking calmly and emotionally towards the sunlight streaming from above.,"A dim, old-looking space made of stone and cement where sun rays filter in from above",,2026-06-12 15:43:05.559049,5,dea40e5cf959416796effffa984687f5
clip_473,annotation_473,Boy,There is a boy placing his hand on his chest.,There are flowers on the floor.,,2026-06-04 12:44:44.048930,7,ab7c1a69b17842738a45b771bf6021d3
clip_474,annotation_474,"Guitar, Mandolin, and Djembe musical instruments",Young people playing instruments to the beat of the song,"Snow-covered mountains, and an old house built of stone, mud, and wood",,2026-06-04 13:06:09.849819,5,4c11a35a7161404ea0f01466db4b1e0b
clip_475,annotation_475,Boy,The boy is walking.,There is a wall and lights are glowing.,,2026-06-03 17:52:13.698509,7,aa50fb207d5c492bb91766634b4514c9
clip_476,annotation_476,A frustrated Nepali youth wearing a torn white undershirt/vest.,"Walking along the sandy bank of the river, coming out from under the bridge and walking straight forward in a slow, tired gait.","A small concrete bridge, a stony riverbank, and green tree branches and leaves.",,2026-06-04 18:55:40.876807,6,5ad82f4e8bfa430eb854658d28175fc5
clip_477,annotation_477,A beautiful fairy-like girl wearing a red sweater and a bandana on her hair,"A girl is walking carrying wool in a basket. As she walks, she looks back and smiles.",Wooden house,,2026-05-29 19:23:57.153789,5,66a326e1d3e44d7db060425b668e9c96
clip_478,annotation_478,A man wearing a purple shirt and a woman,Both of them draw close and dance.,"Open courtyard, trees, a small pond, flowers blooming in the pond",,2026-06-12 10:50:49.700808,4,b695ff9d09c542419f609529c14fb75b
clip_479,annotation_479,"The girl wearing a red saree, earrings, and a tika on her forehead looks extremely beautiful.","While everyone else is dancing to their own rhythm, a beautiful girl walks ahead, sharing romantic looks with the boy.","The background area looks very dark, and the people in the back appear slightly blurry.",,2026-06-02 08:09:12.847016,5,0cc0d13fae41402498cf2e5f314e592f
clip_480,annotation_480,A forest excursion vehicle parked on the road,A fair-skinned girl getting off the vehicle,There is a utility pole in the background.,,2026-05-29 08:36:15.068830,5,4bffda4418444ebb92b7a3676ee810a8
clip_481,annotation_481,A hungry man wearing torn clothes,Placing hand on the stomach,"Bushes, trash",,2026-06-05 09:58:44.669110,4,dde96ac5ce5e45ae83232dafab3ba2cc
clip_482,annotation_482,"An old man wearing daura suruwal, dhaka topi, and a black coat near a dry/rustic house",The old man walks around the platform shouting into the microphone.,A house and trees are seen in the background.,,2026-06-04 12:16:44.937248,5,5f586a5d2d0942ff98724710cdcd74b0
clip_483,annotation_483,Girls,Dancing while waving hands,Girls dancing,,2026-05-30 05:09:44.789130,7,372cd07e0f5a4956b0ec570ccc2e0dbf
clip_484,annotation_484,"A tired Nepali youth wearing a torn white undershirt/vest, appearing as if he has just woken up after resting on a stone platform (chautari).","Waking up and walking straight forward in a slow, tired gait.","A traditional stone-and-cement paved resting platform (chautari) in a rural setting, with green bushes and hanging tree roots around it.",,2026-06-04 18:42:30.167378,6,f3d092df4a9a40ffa454f1b279afbbf6
clip_485,annotation_485,"Girls in the courtyard of the house wearing waistband, cholo, gunyo, tilahari necklace, and head ornament",Singing and dancing in sync with hand and foot movements,Maize (corn) hanging on the old house,,2026-06-04 12:36:07.862077,5,2ed18d23334448d6a2b3eab74a711a90
clip_486,annotation_486,"A beautiful young woman with open hair, wearing a colorful traditional stone necklace and a white-pink chuba","The young woman, feeling sad and about to cry, wipes her tears with her hand.",A large blue window and blue curtain are visible in the background.,,2026-06-12 20:32:25.214795,5,91bd31d7531844228114686753f467ed
clip_487,annotation_487,Young men wearing Magar traditional dress with peacock feathers visible at the back,Dancing casually,An event taking place in a flat field in the hilly region,,2026-06-03 17:33:11.905495,5,02f825963eed4a01921225318fdce26c
clip_488,annotation_488,Wearing black modern/western clothes and a head chain,Her long hair blows gently in the wind as she walks in slow motion.,A long winding dry riverbed in the background,,2026-06-04 12:07:28.307945,5,5aa0bea5c9c84a0d8e07d9761f2ad80b
clip_489,annotation_489,Two people wearing warm clothes in the cold hills,"Two people are walking on the hillside field. One carries a doko basket, the other holds supplies.","Hills and forest with large trees, covered in clouds and fog",,2026-05-29 18:55:56.272965,5,7810696adde54033936bc33e9de30b27
clip_490,annotation_490,Magar men and women wearing traditional Magar attire,Magar women dancing with their hands on their waists,Colorful banners hanging over a green grassy field,,2026-06-03 17:20:45.072620,5,f20c5e16cd03414cabb6d0bca53804a9
clip_491,annotation_491,"Due to the sunlight and backlighting on the camera, the bus and the people sitting on top of it appear silhouetted/black.",A vehicle driving on the road,"Open sky with bright sunshine, showing the horizon as the sun begins to set",,2026-06-12 07:57:01.990627,5,d5448e5aee2e4ae8b39d5c97d22d70fe
clip_492,annotation_492,Boy,The boy is walking,Blue sky,,2026-06-04 12:05:17.232978,7,d684c7cd7aa749a1aca569803c3695b2
clip_493,annotation_493,"Wearing a tilahari necklace, head ornament, and cholo",Girls walking along the village path,Village path,,2026-06-04 12:56:15.024624,5,8e7be9908b2c4efeb56a2daad67c222e
clip_494,annotation_494,A Nepali young man and a Nepali woman,Looking / Watching,"Flowers, greenery",,2026-06-05 10:24:37.916979,4,303fe2048cf242cb892a7a2b0d6b53f3
clip_495,annotation_495,Boys wearing daura suruwal and girls wearing gunyo cholo sitting in the courtyard,"Nepali attired boys and girls are singing, while one couple stands holding hands and dancing.",Corn hanging on the balcony of a two-story old house with a large courtyard,,2026-05-29 10:26:12.090559,5,3fa8eaad32b34509b33823c7c065cac3
clip_496,annotation_496,A boy wearing a black cap,The boy is reaching for his black cap while looking ahead.,Blurry wall,,2026-06-12 18:30:09.660053,7,b08b9c910d254b3fb6ac0d0259b6cef2
clip_497,annotation_497,"A boy wearing a white shirt and cap, holding a book, standing inside a telephone booth",A boy making a call from the telephone booth,A red telephone in a telephone booth without glass,,2026-05-29 10:36:11.231463,5,49623723ca25478d889b8030c924e7cc
clip_498,annotation_498,A girl and boy sitting on a motorcycle,A girl wearing yellow clothes riding a green Bullet motorcycle,A banana grove seen by the roadside,,2026-05-29 08:39:55.502044,5,6a40b9d3291043f697c62f710d4a6ca4
clip_499,annotation_499,"On the green grass, there is straw on one side and a doko basket on the other, with girls in Nepali traditional dress in the middle.",The lead actress along with supporting dancers are seen dancing with hands on their waists.,"Large traditional houses where doko baskets, pumpkins, and corn are hanging",,2026-05-29 18:05:56.898934,5,a84b3ff929164b39b819e08227e432ad
clip_500,annotation_500,A boy with graying beard and mustache,"Seeing the beautiful girl, the boy is lost in deep thought.",The background is blurred.,,2026-06-04 17:59:50.721161,5,f02964881a7f4ee6bde866c909f91df9
clip_501,annotation_501,"Two mic stands, a drum set, and a guitar",Three boys playing drums and guitar while singing,Yellow disco lights shining with smoke visible from behind,,2026-05-29 10:57:16.777028,5,32cc83c1e0fa4041a0536e41c5fb7d0c
clip_502,annotation_502,A boy and a girl are near the riverbank.,The boy and girl running near the riverbank holding hands,Flowers blooming near the riverbank with trees visible in the distance,,2026-05-29 08:55:20.108081,5,7ac0ce338b024adaa908f8e747daf988
clip_503,annotation_503,"A temple with unique woodwork, featuring a shiny finial (Gajur) atop its tin roof, from which a long ceremonial banner hangs down.",Some people are seen moving in and out of the temple for worship.,A large green hill visible behind the temple,,2026-06-12 08:20:30.696184,5,dc8f16ea34034aa5a2ec4d49dbe626c7
clip_504,annotation_504,A white dog on a glass table,The shopkeeper is playing with the dog and cleaning the shop.,"A photo studio where photography, photocopying, and lamination works are done",,2026-06-04 18:06:02.927376,5,1d13e9a307d94e3192bba945f35bd623
clip_505,annotation_505,Table ma manxey haru basiraheko ani agadi patti hat lagayeka euta budo manxey chuba lagayeko. Uhako aagadi ra cheuma dui jana varkhar ko yuba dekhna sakinchha.,"While everyone was chatting, a girl brought liquid in a bronze vessel and poured it into a cup.","This scene is shot inside the house, where a wooden window, long curtain, and table can be seen.",,2026-06-12 20:19:03.493307,5,a7de9721a1a64030929e275f8325ea1d
clip_506,annotation_506,"A beautiful woman in a blue floral cholo and fariya, yellow waistband, kantha necklace, and braided hair, spotted on a hillside cliff.",Dancing near the cliff edge matching hand and foot rhythms,Blue sky and snow-capped mountains visible far away,,2026-06-12 07:33:34.027427,5,3d96a175b0c1487e83694230a6a27f16
clip_507,annotation_507,Boy,The boy is dancing,There is a doko basket and background dancers are present.,,2026-06-03 18:01:58.151544,7,becaf45fbd0c4dc5aa372cbc20a4b81e
clip_508,annotation_508,Many young people are gathered in a group.,Young people are dancing and having fun together in a decorated alley lit with lights.,"Viewed from above, hanging string lights, colorful flags, brick walls, and shop shutters are visible in a narrow alley-like space.",,2026-07-11 05:13:05.330843,4,f6ff664ab78b4e58a00c96729ab925b3
clip_509,annotation_509,Boy and girl,The girl and boy are walking.,There are hills.,,2026-06-04 12:06:05.769482,7,3c1dc954dacf415ebfe8fca17b91eeb6
clip_510,annotation_510,"Old tools and food crops hanging around the house, with people in the courtyard","Along with the actor and actress, the female backup dancers are spinning while the male backup dancers wave their hands.","Old traditional houses built of wood, mud, and stone",,2026-05-29 18:16:13.549294,5,7dddc08bd10246a6bce0e6df910d54fb
clip_511,annotation_511,Girl,Girls are dancing in traditional clothing.,Background dancers,,2026-06-03 18:00:28.745746,7,4a32679146b042dc82dbab243361c775
clip_512,annotation_512,"A boy wearing a blue chuba over a black shirt, with a black hat on his head.","The boy, with open arms, is singing in a highly energetic and free-style manner.","Large bare hills in the background, with a small tree and firewood logs visible nearby.",,2026-06-12 20:26:21.778123,5,bbcd8218b3e7433cb7524410c9e04c80
